"Categoria criminologa","Sottocategoria Criminologica","Circoscrizione","Localita","Area Verde","Data","Ora"
"Allarme Sociale","Altro",6,"MONTANARO/(VIA)",,"03/01/2017",
"Allarme Sociale","Altro",1,"PRINCIPE ODDONE/(CORSO)",,"09/01/2017",
"Allarme Sociale","Altro",8,"DOGLIOTTI/ACHILLE MARIO (CORSO)",,"09/01/2017","13.38"
"Allarme Sociale","Altro",8,"ORMEA/(VIA)",,"11/01/2017",
"Allarme Sociale","Altro",8,"NIZZA/(PIAZZA)",,"12/01/2017","15.28"
"Allarme Sociale","Altro",,,"Area Verde","17/01/2017",
"Allarme Sociale","Altro",7,"CIRIE'/(CORSO)",,"18/01/2017",
"Allarme Sociale","Altro",8,"BELFIORE/(VIA)",,"27/01/2017","12.12"
"Allarme Sociale","Altro",8,"GALLIARI/BERNARDINO (VIA)",,"30/01/2017",
"Allarme Sociale","Altro",8,"MATTIOLI/PIER ANDREA (VIALE)",,"30/01/2017","10.03"
"Allarme Sociale","Altro",7,"ALESSANDRIA/(VIA)",,"02/02/2017",
"Allarme Sociale","Altro",7,"SASSARI/(VIA)",,"06/02/2017",
"Allarme Sociale","Altro",8,"TIZIANO VECELLIO/(VIA)",,"06/02/2017","13.09"
"Allarme Sociale","Altro",4,"COSSA/PIETRO (VIA)",,"07/02/2017",
"Allarme Sociale","Altro",8,"PELLICO/SILVIO (VIA)",,"08/02/2017","07.23"
"Allarme Sociale","Altro",1,"LAGRANGE/GIUSEPPE LUIGI (PIAZZA)",,"08/02/2017","14.43"
"Allarme Sociale","Altro",7,"NAPOLI/(LUNGO DORA)",,"08/02/2017","10.47"
"Allarme Sociale","Altro",1,"BURZIO/FILIPPO (VIA)",,"14/02/2017",
"Allarme Sociale","Altro",8,"SALUZZO/(VIA)",,"17/02/2017",
"Allarme Sociale","Altro",5,"SANSOVINO/ANDREA (VIA)",,"17/02/2017","10.54"
"Allarme Sociale","Altro",4,"COSSA/PIETRO (VIA)",,"18/02/2017","11.07"
"Allarme Sociale","Altro",6,"DONATORE DI SANGUE/(PIAZZA DEL)",,"19/02/2017",
"Allarme Sociale","Altro",8,"ORMEA/(VIA)","Area Verde","20/02/2017",
"Allarme Sociale","Altro",5,"BADINI CONFALONIERI/ALFONSO (VIA)","Area Verde","24/02/2017",
"Allarme Sociale","Altro",7,"PALERMO/(CORSO)",,"24/02/2017",
"Allarme Sociale","Altro",8,"PELLICO/SILVIO (VIA)",,"27/02/2017","11.21"
"Allarme Sociale","Altro",7,"PALERMO/(CORSO)",,"06/03/2017",
"Allarme Sociale","Altro",4,"CIBRARIO/LUIGI (VIA)",,"07/03/2017",
"Allarme Sociale","Altro",7,"RAVENNA/(VIA)",,"16/03/2017",
"Allarme Sociale","Altro",5,"MONTELLO/(VIA)",,"27/04/2017",
"Allarme Sociale","Altro",4,"SOSTEGNO/(VIA)",,"30/04/2017",
"Allarme Sociale","Altro",,,,"04/05/2017",
"Allarme Sociale","Altro",7,"PRINCIPE ODDONE/(CORSO)",,"04/05/2017","14.15"
"Allarme Sociale","Altro",5,"STRADELLA/(VIA)",,"08/05/2017","13.08"
"Allarme Sociale","Altro",8,"D'AZEGLIO/MASSIMO (CORSO)",,"09/05/2017",
"Allarme Sociale","Altro",5,"STRADELLA/(VIA)",,"12/05/2017",
"Allarme Sociale","Altro",9,"ROSARIO SANTA FE'/(VIA)",,"15/05/2017",
"Allarme Sociale","Altro",5,"BORSI/GIOSUE' (VIA)","Area Verde","16/05/2017",
"Allarme Sociale","Altro",3,"S. PAOLO/(VIA)",,"22/05/2017",
"Allarme Sociale","Altro",6,"VERONESE/PAOLO (VIA)",,"25/05/2017",
"Allarme Sociale","Altro",7,"NAPOLI/(LUNGO DORA)",,"25/05/2017",
"Allarme Sociale","Altro",10,"CANDIOLO/(VIA)",,"26/05/2017",
"Allarme Sociale","Altro",8,"ORMEA/(VIA)",,"29/05/2017",
"Allarme Sociale","Altro",9,"GENOVA/(VIA)",,"29/05/2017",
"Allarme Sociale","Altro",8,"CELLINI/BENVENUTO (VIA)",,"06/06/2017",
"Allarme Sociale","Altro",4,"TASSONI/ALESSANDRO (CORSO)",,"07/06/2017",
"Allarme Sociale","Altro",7,"DAMIANO/LUIGI (VIA)",,"07/06/2017","14.37"
"Allarme Sociale","Altro",8,"TIZIANO VECELLIO/(VIA)",,"14/06/2017","10.02"
"Allarme Sociale","Altro",8,"SALUZZO/(LARGO)",,"14/06/2017","10.20"
"Allarme Sociale","Altro",,,,"15/06/2017",
"Allarme Sociale","Altro",5,"ALA DI STURA/(VIA)",,"19/06/2017","11.29"
"Allarme Sociale","Altro",4,"CIBRARIO/LUIGI (VIA)",,"20/06/2017",
"Allarme Sociale","Altro",6,"GIULIO CESARE/(LARGO)",,"23/06/2017","08.34"
"Allarme Sociale","Altro",9,"TRAIANO/(CORSO)",,"26/06/2017","13.07"
"Allarme Sociale","Altro",1,"PROVANA/ANDREA (VIA)",,"28/06/2017",
"Allarme Sociale","Altro",5,"LISA/GINO (VIA)",,"28/06/2017",
"Allarme Sociale","Altro",8,"BRAMANTE/(CORSO)",,"28/06/2017",
"Allarme Sociale","Atti di vandalismo",6,"CHIESA/(VIA ALLA)",,"10/01/2017",
"Allarme Sociale","Atti di vandalismo",1,"VITTORIO VENETO/(PIAZZA)",,"02/02/2017","08.51"
"Allarme Sociale","Atti di vandalismo",2,"ALLAMANO/CANONICO GIUSEPPE (CORSO)",,"24/02/2017",
"Convivenza Civile","Aggregazioni giovanili",10,"PANETTI/MODESTO (VIA)","Area Verde","14/06/2017","10.55"
"Convivenza Civile","Aggregazioni giovanili",6,"VALPRATO/(VIA)",,"15/06/2017","09.51"
"Convivenza Civile","Aggregazioni giovanili",3,"ISONZO/(VIA)",,"16/06/2017","08.37"
"Convivenza Civile","Aggregazioni giovanili",4,"BARI/(VIA)","Area Verde","22/06/2017",
"Convivenza Civile","Altro",1,"MAGENTA/(VIA)",,"02/01/2017",
"Convivenza Civile","Altro",1,"RODI/(VIA)",,"02/01/2017",
"Convivenza Civile","Altro",3,"CARSO/(VIA)",,"02/01/2017",
"Convivenza Civile","Altro",5,"COLAUTTI/ARTURO (VIA)",,"03/01/2017",
"Convivenza Civile","Altro",1,"MICCA/PIETRO (VIA)",,"04/01/2017",
"Convivenza Civile","Altro",4,"CARRERA/VALENTINO (VIA)",,"04/01/2017",
"Convivenza Civile","Altro",4,"S. DONATO/(VIA)",,"04/01/2017",
"Convivenza Civile","Altro",3,"BARGE/(VIA)",,"05/01/2017",
"Convivenza Civile","Altro",5,"VENARIA/(VIA)",,"05/01/2017",
"Convivenza Civile","Altro",6,"BERTOLLA/(STRADA)",,"05/01/2017",
"Convivenza Civile","Altro",7,"CIRIE'/(VIA)",,"06/01/2017",
"Convivenza Civile","Altro",1,"BOLZANO/(CORSO)",,"10/01/2017","10.25"
"Convivenza Civile","Altro",1,"GIOBERTI/VINCENZO (VIA)",,"10/01/2017","10.48"
"Convivenza Civile","Altro",7,"PALLANZA/(VIA)",,"10/01/2017","11.25"
"Convivenza Civile","Altro",7,"POLIZIANO/(VIA)",,"10/01/2017","11.23"
"Convivenza Civile","Altro",1,"VITTORIO EMANUELE II/(CORSO)",,"11/01/2017",
"Convivenza Civile","Altro",5,"MOLISE/(CORSO)",,"11/01/2017",
"Convivenza Civile","Altro",8,"GIOTTO/(VIA)",,"11/01/2017",
"Convivenza Civile","Altro",1,"PIGAFETTA/ANTONIO (VIA)",,"12/01/2017",
"Convivenza Civile","Altro",3,"BORSELLINO/PAOLO (VIA)/",,"13/01/2017",
"Convivenza Civile","Altro",4,"DAUBREE/ADOLPHE (VIA)",,"13/01/2017","09.31"
"Convivenza Civile","Altro",7,"VERCELLI/(CORSO)",,"13/01/2017","12.31"
"Convivenza Civile","Altro",6,"PACINI/GIOVANNI (VIA)",,"13/01/2017","13.16"
"Convivenza Civile","Altro",5,"COPPINO/MICHELE (VIA)",,"16/01/2017",
"Convivenza Civile","Altro",6,"LAZIO/(LUNGO STURA)",,"16/01/2017",
"Convivenza Civile","Altro",3,"MARSIGLI/LUIGI FERDINANDO (VIA)",,"17/01/2017",
"Convivenza Civile","Altro",6,"GIULIO CESARE/(CORSO)",,"17/01/2017",
"Convivenza Civile","Altro",10,"LOANO/(VIA)",,"17/01/2017",
"Convivenza Civile","Altro",10,"ORBASSANO/(CORSO)",,"17/01/2017",
"Convivenza Civile","Altro",1,"CARLO EMANUELE II/(PIAZZA)",,"17/01/2017","10.39"
"Convivenza Civile","Altro",8,"BIDONE/GIORGIO (VIA)",,"17/01/2017","12.45"
"Convivenza Civile","Altro",7,"PISA/(VIA)",,"18/01/2017","10.01"
"Convivenza Civile","Altro",6,"GIULIO CESARE/(CORSO)",,"19/01/2017",
"Convivenza Civile","Altro",3,"RACCONIGI/(CORSO)",,"19/01/2017","10.53"
"Convivenza Civile","Altro",1,"GIOLITTI/GIOVANNI (VIA)",,"19/01/2017","14.56"
"Convivenza Civile","Altro",8,"NIZZA/(VIA)",,"20/01/2017","10.24"
"Convivenza Civile","Altro",6,"LEINI'/(VIA)",,"23/01/2017",
"Convivenza Civile","Altro",1,"BERTOLA/ANTONIO GIUSEPPE (VIA)",,"24/01/2017",
"Convivenza Civile","Altro",5,"ROCCAVIONE CONTE DI/(VIA)",,"24/01/2017",
"Convivenza Civile","Altro",6,"LAZIO/(LUNGO STURA)",,"24/01/2017",
"Convivenza Civile","Altro",7,"ALESSANDRIA/(VIA)",,"24/01/2017",
"Convivenza Civile","Altro",7,"CASALE/(CORSO)",,"24/01/2017",
"Convivenza Civile","Altro",8,"GIOTTO/(VIA)","Area Verde","24/01/2017",
"Convivenza Civile","Altro",3,"ROBILANT GENERALE CARLO DI (PIAZZA)",,"24/01/2017","10.16"
"Convivenza Civile","Altro",1,"PO/(VIA)",,"25/01/2017",
"Convivenza Civile","Altro",5,"GROSSETO/(CORSO)",,"25/01/2017",
"Convivenza Civile","Altro",6,"LEINI'/(VIA)",,"25/01/2017",
"Convivenza Civile","Altro",6,"LEINI'/(VIA)",,"25/01/2017",
"Convivenza Civile","Altro",7,"ARTISTI/(VIA)",,"25/01/2017",
"Convivenza Civile","Altro",7,"PRINCIPE ODDONE/(CORSO)",,"25/01/2017",
"Convivenza Civile","Altro",,,,"26/01/2017",
"Convivenza Civile","Altro",7,"BRESCIA/(CORSO)",,"26/01/2017",
"Convivenza Civile","Altro",2,"ACCIARINI/FILIPPO (VIA)",,"27/01/2017",
"Convivenza Civile","Altro",2,"BALTIMORA/(VIA)",,"27/01/2017",
"Convivenza Civile","Altro",4,"ASINARI DI BERNEZZO/VITTORIO (VIA)",,"28/01/2017",
"Convivenza Civile","Altro",1,"MERCANTI/(VIA)",,"30/01/2017",
"Convivenza Civile","Altro",3,"VAL LAGARINA/(VIA)",,"30/01/2017","09.31"
"Convivenza Civile","Altro",2,"GAMALERO/(VIA)",,"30/01/2017","12.59"
"Convivenza Civile","Altro",1,"S. QUINTINO/(VIA)",,"31/01/2017",
"Convivenza Civile","Altro",8,"DANTE/(CORSO)",,"31/01/2017",
"Convivenza Civile","Altro",8,"MORGARI/ODDINO (VIA)",,"31/01/2017",
"Convivenza Civile","Altro",1,"DIAZ/ARMANDO (LUNGO PO)",,"01/02/2017",
"Convivenza Civile","Altro",3,"CAPRIOLO/LUIGI (VIA)",,"01/02/2017",
"Convivenza Civile","Altro",3,"FRANCIA/(CORSO)",,"01/02/2017",
"Convivenza Civile","Altro",2,"BARLETTA/(VIA)",,"01/02/2017","11.46"
"Convivenza Civile","Altro",3,"MARTINI MAURI/ENRICO (VIA)",,"01/02/2017","11.05"
"Convivenza Civile","Altro",4,"S. DONATO/(VIA)",,"01/02/2017","11.06"
"Convivenza Civile","Altro",1,"VITTORIO EMANUELE II/(CORSO)",,"02/02/2017","09.32"
"Convivenza Civile","Altro",4,"RIVARA/(VIA)",,"02/02/2017","13.26"
"Convivenza Civile","Altro",7,"PISANO/ANDREA (VIA)",,"02/02/2017","11.26"
"Convivenza Civile","Altro",6,"GIULIO CESARE/(CORSO)",,"02/02/2017","12.13"
"Convivenza Civile","Altro",3,"PAOLINI/FEDERICO (VIA)",,"03/02/2017",
"Convivenza Civile","Altro",2,"FILADELFIA/(VIA)",,"04/02/2017",
"Convivenza Civile","Altro",7,"SOPERGA/(STRADA DI)",,"06/02/2017",
"Convivenza Civile","Altro",10,"NEGARVILLE/CELESTE (VIA)",,"06/02/2017",
"Convivenza Civile","Altro",4,"VIGLIARDI PARAVIA/INNOCENZO (PIAZZA)",,"06/02/2017","11.38"
"Convivenza Civile","Altro",1,"S. MASSIMO/(VIA)",,"07/02/2017",
"Convivenza Civile","Altro",4,"VIDUA/CARLO (VIA)",,"07/02/2017",
"Convivenza Civile","Altro",6,"SCARLATTI/ALESSANDRO (VIA)",,"08/02/2017",
"Convivenza Civile","Altro",3,"BRUNELLESCHI/FILIPPO (CORSO)",,"08/02/2017","09.36"
"Convivenza Civile","Altro",7,"DELEDDA/GRAZIA (VIA)",,"08/02/2017","12.14"
"Convivenza Civile","Altro",7,"REGINA MARGHERITA/(CORSO)",,"09/02/2017","09.58"
"Convivenza Civile","Altro",7,"REGINA MARGHERITA/(CORSO)",,"10/02/2017",
"Convivenza Civile","Altro",7,"CASALE/(CORSO)",,"10/02/2017","08.46"
"Convivenza Civile","Altro",1,"MARIA VITTORIA/(VIA)",,"13/02/2017",
"Convivenza Civile","Altro",3,"PRINCIPI D'ACAJA/(VIA)",,"13/02/2017",
"Convivenza Civile","Altro",3,"POLLENZO/(VIA)",,"14/02/2017",
"Convivenza Civile","Altro",5,"GROSSETO/(CORSO)",,"14/02/2017",
"Convivenza Civile","Altro",4,"PRINCIPI D'ACAJA/(VIA)",,"14/02/2017","11.01"
"Convivenza Civile","Altro",1,"VITTORIO EMANUELE II/(CORSO)",,"15/02/2017",
"Convivenza Civile","Altro",2,"AGNELLI/GIOVANNI (CORSO)",,"16/02/2017",
"Convivenza Civile","Altro",4,"BELLARDI/LUDOVICO (VIA)",,"16/02/2017",
"Convivenza Civile","Altro",4,"MASSAUA/(PIAZZA)",,"16/02/2017",
"Convivenza Civile","Altro",4,"MASSAUA/(PIAZZA)",,"16/02/2017",
"Convivenza Civile","Altro",6,"CIMAROSA/DOMENICO (VIA)",,"16/02/2017",
"Convivenza Civile","Altro",8,"BARETTI/GIUSEPPE (VIA)",,"16/02/2017",
"Convivenza Civile","Altro",2,"ORBASSANO/(CORSO)",,"17/02/2017",
"Convivenza Civile","Altro",3,"VANDALINO/(VIA)",,"17/02/2017","10.27"
"Convivenza Civile","Altro",3,"CERVIGNASCO/(VIA)",,"18/02/2017","09.53"
"Convivenza Civile","Altro",6,"CHERUBINI/LUIGI SALVATORE (VIA)",,"19/02/2017",
"Convivenza Civile","Altro",6,"DERNA/(PIAZZA)",,"19/02/2017",
"Convivenza Civile","Altro",7,"GROSSO/(VICOLO)",,"20/02/2017","13.03"
"Convivenza Civile","Altro",7,"VERCELLI/(CORSO)",,"21/02/2017",
"Convivenza Civile","Altro",9,"CAIO PLINIO/(CORSO)",,"21/02/2017","12.04"
"Convivenza Civile","Altro",7,"BELGIO/(CORSO)",,"21/02/2017","12.17"
"Convivenza Civile","Altro",1,"BARRILI/ANTON GIULIO (VIA)",,"23/02/2017","11.38"
"Convivenza Civile","Altro",1,"MILLE/(VIA DEI)",,"24/02/2017",
"Convivenza Civile","Altro",1,"RE UMBERTO/(CORSO)",,"24/02/2017",
"Convivenza Civile","Altro",5,"CUNIBERTI/VITTORIO (VIA)",,"24/02/2017","11.10"
"Convivenza Civile","Altro",1,"PRINCIPE EUGENIO/(CORSO)",,"27/02/2017",
"Convivenza Civile","Altro",1,"ROMA/(VIA)",,"27/02/2017",
"Convivenza Civile","Altro",2,"BARLETTA/(VIA)",,"27/02/2017","11.33"
"Convivenza Civile","Altro",5,"ALTESSANO/(STRADA DI)",,"27/02/2017","10.21"
"Convivenza Civile","Altro",9,"ERASMO DA ROTTERDAM/(VIA)","Area Verde","27/02/2017","12.38"
"Convivenza Civile","Altro",8,"BOIARDO/MATTEO MARIA (VIALE)",,"28/02/2017",
"Convivenza Civile","Altro",10,"SETTEMBRINI/LUIGI (CORSO)",,"28/02/2017",
"Convivenza Civile","Altro",7,"GIULIO CESARE/(CORSO)",,"01/03/2017",
"Convivenza Civile","Altro",1,"MAGENTA/(VIA)",,"02/03/2017",
"Convivenza Civile","Altro",5,"ORVIETO/(VIA)",,"02/03/2017",
"Convivenza Civile","Altro",1,"CASTELLO/(PIAZZA)",,"03/03/2017",
"Convivenza Civile","Altro",5,"ROCCAVIONE CONTE DI/(VIA)",,"03/03/2017",
"Convivenza Civile","Altro",1,"FERRARIS/GALILEO (CORSO)",,"04/03/2017",
"Convivenza Civile","Altro",1,"FERRARIS/GALILEO (CORSO)",,"06/03/2017",
"Convivenza Civile","Altro",1,"VITTORIO AMEDEO II/(VIA)",,"07/03/2017",
"Convivenza Civile","Altro",3,"BRACCINI/PAOLO (VIA)",,"08/03/2017",
"Convivenza Civile","Altro",6,"BOLOGNA/(VIA)",,"08/03/2017",
"Convivenza Civile","Altro",6,"MARTORELLI/RENATO (VIA)",,"08/03/2017",
"Convivenza Civile","Altro",1,"FROLA/CONTE SECONDO (VIA)",,"09/03/2017",
"Convivenza Civile","Altro",5,"ROCCAVIONE CONTE DI/(VIA)",,"09/03/2017",
"Convivenza Civile","Altro",9,"NIZZA/(VIA)",,"09/03/2017",
"Convivenza Civile","Altro",3,"CENISCHIA/(VIA)",,"10/03/2017",
"Convivenza Civile","Altro",3,"VASSALLI-EANDI/ABATE ANTONIO (VIA)",,"10/03/2017",
"Convivenza Civile","Altro",4,"TASSONI/ALESSANDRO (CORSO)",,"10/03/2017",
"Convivenza Civile","Altro",7,"TARINO/LUIGI (VIA)",,"10/03/2017",
"Convivenza Civile","Altro",6,"CHERUBINI/LUIGI SALVATORE (VIA)",,"11/03/2017",
"Convivenza Civile","Altro",7,"BORROMINI/FRANCESCO (PIAZZA)",,"11/03/2017",
"Convivenza Civile","Altro",10,"NEGARVILLE/CELESTE (VIA)",,"11/03/2017",
"Convivenza Civile","Altro",5,"MASSARI/GIUSEPPE (VIA)",,"12/03/2017","10.54"
"Convivenza Civile","Altro",8,"S. VITO REVIGLIASCO/(STRADA)","Area Verde","13/03/2017",
"Convivenza Civile","Altro",4,"SOSTEGNO/(VIA)",,"13/03/2017","13.00"
"Convivenza Civile","Altro",5,"MATTIROLO/LUIGI (PIAZZA)",,"14/03/2017",
"Convivenza Civile","Altro",7,"CATANIA/(VIA)",,"14/03/2017",
"Convivenza Civile","Altro",1,"LOVERA DI MARIA/ANNIBALE (VIA)",,"15/03/2017",
"Convivenza Civile","Altro",5,"CINCINNATO/L. QUINZIO (CORSO)",,"15/03/2017",
"Convivenza Civile","Altro",5,"PREVIATI/GAETANO (VIA)",,"15/03/2017",
"Convivenza Civile","Altro",1,"MANZONI/ALESSANDRO (VIA)",,"15/03/2017","10.46"
"Convivenza Civile","Altro",4,"APPIO CLAUDIO/(CORSO)","Area Verde","16/03/2017",
"Convivenza Civile","Altro",7,"RAVENNA/(VIA)",,"16/03/2017",
"Convivenza Civile","Altro",1,"REGINA MARGHERITA/(CORSO)",,"16/03/2017","10.07"
"Convivenza Civile","Altro",3,"S. ANTONINO/(VIA)",,"18/03/2017",
"Convivenza Civile","Altro",7,"GIAVENO/(VIA)",,"18/03/2017",
"Convivenza Civile","Altro",1,"ROCCA/(VIA DELLA)",,"20/03/2017",
"Convivenza Civile","Altro",9,"POLONIA/(PIAZZA)",,"20/03/2017",
"Convivenza Civile","Altro",6,"VERNA/(STRADA DELLA)",,"20/03/2017","07.40"
"Convivenza Civile","Altro",8,"GIACOSA/GIUSEPPE (VIA)",,"20/03/2017","07.29"
"Convivenza Civile","Altro",3,"THURES/(VIA)",,"21/03/2017",
"Convivenza Civile","Altro",4,"VICENZA/(VIA)",,"21/03/2017",
"Convivenza Civile","Altro",5,"CAMPIGLIA/(VIA)",,"21/03/2017",
"Convivenza Civile","Altro",5,"VEROLENGO/(VIA)",,"21/03/2017",
"Convivenza Civile","Altro",8,"MONCALIERI/(CORSO)",,"21/03/2017","13.04"
"Convivenza Civile","Altro",5,"RULFI/MICHELANGELO (VIA)",,"21/03/2017","12.29"
"Convivenza Civile","Altro",1,"FERRARIS/GALILEO (CORSO)",,"22/03/2017",
"Convivenza Civile","Altro",1,"LAGRANGE/GIUSEPPE LUIGI (VIA)",,"22/03/2017",
"Convivenza Civile","Altro",2,"TRIPOLI/(VIA)",,"23/03/2017",
"Convivenza Civile","Altro",5,"CASTELDELFINO/(VIA)",,"23/03/2017",
"Convivenza Civile","Altro",5,"GROSSETO/(CORSO)",,"23/03/2017",
"Convivenza Civile","Altro",6,"VERCELLI/(CORSO)",,"23/03/2017",
"Convivenza Civile","Altro",7,"OSLAVIA/(VIA)",,"23/03/2017",
"Convivenza Civile","Altro",8,"DE AMICIS/EDMONDO (PIAZZA)",,"23/03/2017",
"Convivenza Civile","Altro",8,"MONCALIERI/(CORSO)",,"23/03/2017",
"Convivenza Civile","Altro",4,"CHIRONI/GIAMPIETRO (PIAZZA)",,"24/03/2017",
"Convivenza Civile","Altro",8,"BELFIORE/(VIA)",,"28/03/2017",
"Convivenza Civile","Altro",1,"RE UMBERTO/(CORSO)",,"29/03/2017",
"Convivenza Civile","Altro",6,"MERCADANTE/SAVERIO (VIA)",,"29/03/2017","08.02"
"Convivenza Civile","Altro",6,"PAGANINI/NICOLO' (VIA)",,"29/03/2017","13.53"
"Convivenza Civile","Altro",1,"BLIGNY/(VIA)",,"30/03/2017","14.22"
"Convivenza Civile","Altro",1,"S. QUINTINO/(VIA)",,"31/03/2017",
"Convivenza Civile","Altro",1,"VINZAGLIO/(CORSO)",,"31/03/2017","11.44"
"Convivenza Civile","Altro",10,"CASTELLO DI MIRAFIORI/(STRADA)",,"31/03/2017","14.09"
"Convivenza Civile","Altro",7,"ALESSANDRIA/(VIA)",,"31/03/2017","11.59"
"Convivenza Civile","Altro",1,"PO/(VIA)",,"03/04/2017",
"Convivenza Civile","Altro",7,"FONTANESI/ANTONIO (VIA)",,"03/04/2017",
"Convivenza Civile","Altro",3,"RIETI/(VIA)",,"04/04/2017",
"Convivenza Civile","Altro",7,"CHIERI/(CORSO)",,"04/04/2017",
"Convivenza Civile","Altro",1,"VINZAGLIO/(CORSO)",,"05/04/2017",
"Convivenza Civile","Altro",9,"PAOLI/PASQUALE (VIA)",,"05/04/2017",
"Convivenza Civile","Altro",1,"GIOVANNI DA VERAZZANO/(VIA)",,"06/04/2017",
"Convivenza Civile","Altro",1,"S. MAURIZIO/(CORSO)",,"06/04/2017",
"Convivenza Civile","Altro",7,"UNDICI FEBBRAIO/(CORSO)",,"06/04/2017",
"Convivenza Civile","Altro",4,"ZUMAGLIA/(VIA)",,"07/04/2017",
"Convivenza Civile","Altro",6,"GIULIO CESARE/(CORSO)",,"07/04/2017",
"Convivenza Civile","Altro",8,"BRAMANTE/(CORSO)",,"07/04/2017",
"Convivenza Civile","Altro",1,"CASTELFIDARDO/(CORSO)",,"10/04/2017",
"Convivenza Civile","Altro",6,"PETRELLA/ERRICO (VIA)",,"10/04/2017",
"Convivenza Civile","Altro",7,"MACHIAVELLI/NICOLO' (LUNGO PO)",,"10/04/2017",
"Convivenza Civile","Altro",8,"LODOVICA/(VIA)",,"10/04/2017",
"Convivenza Civile","Altro",9,"FINALMARINA/(VIA)",,"10/04/2017",
"Convivenza Civile","Altro",9,"SEBASTOPOLI/(CORSO)",,"10/04/2017",
"Convivenza Civile","Altro",1,"VANCHIGLIA/(VIA)",,"11/04/2017",
"Convivenza Civile","Altro",2,"TARICCO/SEBASTIANO (VIA)",,"11/04/2017",
"Convivenza Civile","Altro",5,"LUINI/BERNARDINO (VIA)",,"11/04/2017",
"Convivenza Civile","Altro",7,"MONDOVI'/(VIA)",,"12/04/2017",
"Convivenza Civile","Altro",8,"VIOLA/(STRADA DELLA)",,"12/04/2017","07.22"
"Convivenza Civile","Altro",5,"GROSSETO/(CORSO)",,"13/04/2017",
"Convivenza Civile","Altro",4,"CAPELLINA/DOMENICO (VIA)",,"14/04/2017",
"Convivenza Civile","Altro",7,"BUSCALIONI/CARLO MICHELE (VIA)",,"14/04/2017",
"Convivenza Civile","Altro",7,"VERCELLI/(CORSO)",,"14/04/2017",
"Convivenza Civile","Altro",9,"TRAIANO/(CORSO)",,"14/04/2017",
"Convivenza Civile","Altro",3,"CARAGLIO/(VIA)",,"17/04/2017",
"Convivenza Civile","Altro",,,,"18/04/2017",
"Convivenza Civile","Altro",1,"BONAFOUS/ALFONSO (VIA)",,"18/04/2017",
"Convivenza Civile","Altro",1,"BONAFOUS/ALFONSO (VIA)",,"18/04/2017",
"Convivenza Civile","Altro",5,"RANDACCIO/GIOVANNI (VIA)",,"18/04/2017",
"Convivenza Civile","Altro",6,"GIULIO CESARE/(CORSO)",,"18/04/2017",
"Convivenza Civile","Altro",6,"GIULIO CESARE/(CORSO)",,"18/04/2017",
"Convivenza Civile","Altro",6,"PALERMO/(CORSO)",,"19/04/2017",
"Convivenza Civile","Altro",7,"TETTI ROCCO/(STRADA AI)",,"19/04/2017",
"Convivenza Civile","Altro",8,"BELFIORE/(VIA)",,"19/04/2017","13.35"
"Convivenza Civile","Altro",8,"SALUZZO/(VIA)",,"19/04/2017","15.05"
"Convivenza Civile","Altro",1,"LAGRANGE/GIUSEPPE LUIGI (VIA)",,"20/04/2017",
"Convivenza Civile","Altro",3,"FRANCIA/(CORSO)",,"20/04/2017",
"Convivenza Civile","Altro",3,"S. ANTONINO/(VIA)",,"20/04/2017",
"Convivenza Civile","Altro",7,"BUSCALIONI/CARLO MICHELE (VIA)",,"20/04/2017",
"Convivenza Civile","Altro",10,"VIGLIANI/ONORATO (VIA)",,"20/04/2017",
"Convivenza Civile","Altro",1,"CASTELFIDARDO/(CORSO)",,"20/04/2017","11.18"
"Convivenza Civile","Altro",7,"GIULIO CESARE/(CORSO)",,"20/04/2017","10.54"
"Convivenza Civile","Altro",4,"COSSA/PIETRO (VIA)",,"21/04/2017",
"Convivenza Civile","Altro",5,"LORENZINI/CARLO (VIA)",,"21/04/2017",
"Convivenza Civile","Altro",8,"NIZZA/(VIA)",,"21/04/2017",
"Convivenza Civile","Altro",5,"CINCINNATO/L. QUINZIO (CORSO)",,"26/04/2017",
"Convivenza Civile","Altro",7,"CATANIA/(VIA)",,"26/04/2017",
"Convivenza Civile","Altro",1,"S. TERESA/(VIA)",,"27/04/2017",
"Convivenza Civile","Altro",3,"DELLA ROBBIA/LUCA (LARGO)",,"27/04/2017",
"Convivenza Civile","Altro",3,"VITTORIO EMANUELE II/(CORSO)",,"27/04/2017",
"Convivenza Civile","Altro",4,"SERVAIS/GIOVANNI (VIA)",,"27/04/2017",
"Convivenza Civile","Altro",5,"CARDINALE MASSAIA/GUGLIELMO (VIA)",,"27/04/2017",
"Convivenza Civile","Altro",2,"ZAMBELLI/GIOVANNI (VIA)",,"27/04/2017","14.54"
"Convivenza Civile","Altro",4,"CIBRARIO/LUIGI (VIA)",,"29/04/2017",
"Convivenza Civile","Altro",5,"COPPINO/MICHELE (VIA)",,"29/04/2017",
"Convivenza Civile","Altro",6,"VENEZIA/(CORSO)",,"30/04/2017",
"Convivenza Civile","Altro",2,"OMERO/(PIAZZA)","Area Verde","02/05/2017",
"Convivenza Civile","Altro",2,"ORBASSANO/(CORSO)",,"02/05/2017",
"Convivenza Civile","Altro",3,"MEDITERRANEO/(CORSO)",,"03/05/2017",
"Convivenza Civile","Altro",4,"PINELLI/PIERDIONIGI (VIA)",,"03/05/2017","11.23"
"Convivenza Civile","Altro",5,"SANSOVINO/ANDREA (VIA)",,"03/05/2017","12.03"
"Convivenza Civile","Altro",1,"VITTORIO EMANUELE II/(CORSO)",,"04/05/2017",
"Convivenza Civile","Altro",2,"SCARSELLINI/ANGELO (VIA)",,"04/05/2017",
"Convivenza Civile","Altro",3,"LA THUILE/(VIA)",,"04/05/2017",
"Convivenza Civile","Altro",4,"S. ROCCHETTO/(VIA)",,"04/05/2017",
"Convivenza Civile","Altro",8,"MONCALIERI/(CORSO)","Area Verde","04/05/2017",
"Convivenza Civile","Altro",3,"BRACCINI/PAOLO (VIA)",,"08/05/2017",
"Convivenza Civile","Altro",10,"AGNELLI/GIOVANNI (CORSO)",,"08/05/2017",
"Convivenza Civile","Altro",5,"ASSISI/(VIA)",,"09/05/2017",
"Convivenza Civile","Altro",5,"GROSSETO/(CORSO)",,"09/05/2017",
"Convivenza Civile","Altro",6,"MONTANARO/(VIA)",,"09/05/2017",
"Convivenza Civile","Altro",7,"VERONA/(CORSO)",,"09/05/2017",
"Convivenza Civile","Altro",7,"GIULIO CESARE/(CORSO)",,"10/05/2017",
"Convivenza Civile","Altro",7,"NAPOLI/(LUNGO DORA)",,"10/05/2017",
"Convivenza Civile","Altro",2,"POMARO/(VIA)",,"11/05/2017",
"Convivenza Civile","Altro",3,"BARDONECCHIA/(VIA)",,"11/05/2017",
"Convivenza Civile","Altro",4,"COLLEGNO/(STRADA ANTICA DI)",,"11/05/2017",
"Convivenza Civile","Altro",5,"SANSOVINO/ANDREA (VIA)",,"11/05/2017",
"Convivenza Civile","Altro",6,"FALCHERA/(VIALE)",,"11/05/2017",
"Convivenza Civile","Altro",3,"MARSIGLI/LUIGI FERDINANDO (VIA)",,"12/05/2017",
"Convivenza Civile","Altro",4,"COLLEGNO/(STRADA ANTICA DI)",,"13/05/2017",
"Convivenza Civile","Altro",4,"DOMODOSSOLA/(VIA)",,"15/05/2017",
"Convivenza Civile","Altro",6,"GIULIO CESARE/(CORSO)",,"15/05/2017",
"Convivenza Civile","Altro",8,"S. PIO V/(VIA)",,"15/05/2017",
"Convivenza Civile","Altro",9,"UNITA' D'ITALIA/(CORSO)",,"15/05/2017",
"Convivenza Civile","Altro",2,"MONTE NOVEGNO/(VIA)",,"15/05/2017","11.33"
"Convivenza Civile","Altro",3,"VILLA GIUSTI/(VIA)",,"16/05/2017",
"Convivenza Civile","Altro",5,"BORSI/GIOSUE' (VIA)",,"16/05/2017",
"Convivenza Civile","Altro",6,"PUCCINI/GIACOMO (VIA)",,"16/05/2017",
"Convivenza Civile","Altro",7,"VIGEVANO/(CORSO)",,"16/05/2017",
"Convivenza Civile","Altro",9,"SEBASTOPOLI/(CORSO)",,"17/05/2017",
"Convivenza Civile","Altro",1,"CARLO ALBERTO/(VIA)",,"18/05/2017",
"Convivenza Civile","Altro",1,"GIOLITTI/GIOVANNI (VIA)",,"18/05/2017",
"Convivenza Civile","Altro",4,"MURRONI/(STRADA)",,"18/05/2017",
"Convivenza Civile","Altro",5,"MONTESOGLIO/(VIA)",,"18/05/2017",
"Convivenza Civile","Altro",,,"Area Verde","20/05/2017",
"Convivenza Civile","Altro",1,"PIAVE/(VIA)",,"22/05/2017",
"Convivenza Civile","Altro",1,"PIGAFETTA/ANTONIO (VIA)",,"22/05/2017",
"Convivenza Civile","Altro",3,"FREIDOUR/(VIA)",,"22/05/2017",
"Convivenza Civile","Altro",7,"GUASTALLA/(VIA)",,"22/05/2017",
"Convivenza Civile","Altro",1,"SOLFERINO/(PIAZZA)",,"23/05/2017",
"Convivenza Civile","Altro",1,"CERNAIA/(VIA)",,"23/05/2017","12.20"
"Convivenza Civile","Altro",1,"MILANO/(VIA)",,"24/05/2017",
"Convivenza Civile","Altro",4,"LECCE/(CORSO)",,"24/05/2017","10.14"
"Convivenza Civile","Altro",1,"CARLO ALBERTO/(VIA)",,"25/05/2017",
"Convivenza Civile","Altro",4,"MEDICI/GIACOMO (VIA)",,"25/05/2017",
"Convivenza Civile","Altro",1,"CABOTO/SEBASTIANO (VIA)",,"26/05/2017",
"Convivenza Civile","Altro",5,"GROSSETO/(CORSO)",,"27/05/2017",
"Convivenza Civile","Altro",1,"ROCCA/(VIA DELLA)",,"29/05/2017",
"Convivenza Civile","Altro",4,"CARRERA/VALENTINO (VIA)",,"30/05/2017",
"Convivenza Civile","Altro",4,"PACCHIOTTI/GIACINTO (VIA)",,"30/05/2017",
"Convivenza Civile","Altro",5,"MONTESOGLIO/(VIA)",,"30/05/2017",
"Convivenza Civile","Altro",6,"PACINI/GIOVANNI (VIA)",,"30/05/2017",
"Convivenza Civile","Altro",4,"SERVAIS/GIOVANNI (VIA)","Area Verde","31/05/2017",
"Convivenza Civile","Altro",6,"GIULIO CESARE/(CORSO)",,"31/05/2017",
"Convivenza Civile","Altro",2,"TRIPOLI/(VIA)",,"01/06/2017",
"Convivenza Civile","Altro",8,"TETTI GRAMAGLIA/(STRADA DEI)",,"01/06/2017",
"Convivenza Civile","Altro",7,"S. GIULIA/(VIA)",,"02/06/2017","12.50"
"Convivenza Civile","Altro",1,"ARQUATA/(VIA)",,"03/06/2017",
"Convivenza Civile","Altro",3,"DI NANNI/DANTE (VIA)",,"05/06/2017",
"Convivenza Civile","Altro",3,"RACCONIGI/(CORSO)",,"05/06/2017",
"Convivenza Civile","Altro",4,"LIVORNO/(VIA)","Area Verde","05/06/2017",
"Convivenza Civile","Altro",5,"ALA DI STURA/(VIA)",,"05/06/2017",
"Convivenza Civile","Altro",6,"COGNE/(VIA)",,"05/06/2017",
"Convivenza Civile","Altro",8,"ORMEA/(VIA)",,"05/06/2017",
"Convivenza Civile","Altro",5,"GROSSETO/(CORSO)",,"06/06/2017",
"Convivenza Civile","Altro",9,"NIZZA/(VIA)",,"07/06/2017","10.44"
"Convivenza Civile","Altro",2,"SANREMO/(VIA)","Area Verde","08/06/2017",
"Convivenza Civile","Altro",3,"CAVALLI/GIOVANNI CARLO (VIA)",,"08/06/2017",
"Convivenza Civile","Altro",7,"MONGRENO/(STRADA ALTA DI)",,"08/06/2017",
"Convivenza Civile","Altro",3,"CESANA/(VIA)",,"09/06/2017",
"Convivenza Civile","Altro",3,"DROVETTI/BERNARDINO (VIA)",,"09/06/2017",
"Convivenza Civile","Altro",7,"BORGO DORA/(VIA)",,"09/06/2017",
"Convivenza Civile","Altro",7,"PIOVA'/(VIA)",,"09/06/2017",
"Convivenza Civile","Altro",6,"RESPIGHI/OTTORINO (PIAZZA)",,"10/06/2017",
"Convivenza Civile","Altro",2,"RACCONIGI/(CORSO)",,"12/06/2017",
"Convivenza Civile","Altro",3,"MONGINEVRO/(VIA)",,"12/06/2017",
"Convivenza Civile","Altro",6,"RESPIGHI/OTTORINO (PIAZZA)",,"12/06/2017",
"Convivenza Civile","Altro",7,"CASALE/(CORSO)",,"12/06/2017",
"Convivenza Civile","Altro",7,"GIULIO CESARE/(CORSO)",,"12/06/2017",
"Convivenza Civile","Altro",1,"BAVA/EUSEBIO (VIA)",,"13/06/2017",
"Convivenza Civile","Altro",4,"FRANCIA/(CORSO)","Area Verde","13/06/2017",
"Convivenza Civile","Altro",6,"PACINI/GIOVANNI (VIA)",,"13/06/2017",
"Convivenza Civile","Altro",8,"RONCHI AI CUNIOLI ALTI/(STRADA DAI)",,"13/06/2017",
"Convivenza Civile","Altro",10,"VIGLIANI/ONORATO (VIA)",,"13/06/2017",
"Convivenza Civile","Altro",1,"PRINCIPE AMEDEO/(VIA)",,"14/06/2017",
"Convivenza Civile","Altro",1,"ROMA/(VIA)",,"14/06/2017",
"Convivenza Civile","Altro",2,"S. MARINO/(VIA)",,"14/06/2017",
"Convivenza Civile","Altro",3,"ADRIANO/(PIAZZA)",,"14/06/2017",
"Convivenza Civile","Altro",5,"SCIALOJA/ANTONIO E VITTORIO (VIA)","Area Verde","14/06/2017",
"Convivenza Civile","Altro",10,"UNIONE SOVIETICA/(CORSO)",,"14/06/2017",
"Convivenza Civile","Altro",1,"FERRARIS/GALILEO (CORSO)",,"15/06/2017",
"Convivenza Civile","Altro",6,"VERCELLI/(CORSO)",,"15/06/2017",
"Convivenza Civile","Altro",7,"AOSTA/(VIA)",,"15/06/2017",
"Convivenza Civile","Altro",8,"THOVEZ/ENRICO (VIALE)",,"15/06/2017",
"Convivenza Civile","Altro",5,"BREGLIO/(VIA)",,"16/06/2017","10.23"
"Convivenza Civile","Altro",4,"CATTI/GIORGIO (VIA)",,"18/06/2017",
"Convivenza Civile","Altro",3,"VANDALINO/(VIA)",,"19/06/2017",
"Convivenza Civile","Altro",4,"ASCOLI/GRAZIADIO (VIA)",,"19/06/2017",
"Convivenza Civile","Altro",7,"NIEVO/IPPOLITO (VIA)",,"19/06/2017",
"Convivenza Civile","Altro",2,"AGNELLI/GIOVANNI (CORSO)",,"20/06/2017",
"Convivenza Civile","Altro",3,"MARMOLADA/(PIAZZA)",,"20/06/2017",
"Convivenza Civile","Altro",3,"RACCONIGI/(CORSO)",,"20/06/2017",
"Convivenza Civile","Altro",4,"MASSAUA/(PIAZZA)",,"20/06/2017",
"Convivenza Civile","Altro",5,"MORTARA/(CORSO)",,"20/06/2017",
"Convivenza Civile","Altro",6,"SOFIA/(PIAZZA)",,"20/06/2017",
"Convivenza Civile","Altro",6,"VOLPIANO/(VIA)",,"20/06/2017",
"Convivenza Civile","Altro",6,"BOCCHERINI/LUIGI (VIA)","Area Verde","20/06/2017","10.22"
"Convivenza Civile","Altro",5,"LOMBARDIA/(CORSO)",,"21/06/2017",
"Convivenza Civile","Altro",7,"CUNEO/(VIA)",,"21/06/2017",
"Convivenza Civile","Altro",3,"MALTA/(VIA)",,"21/06/2017","11.41"
"Convivenza Civile","Altro",3,"STELVIO/(VIA)",,"22/06/2017",
"Convivenza Civile","Altro",3,"VIRLE/(VIA)",,"22/06/2017",
"Convivenza Civile","Altro",6,"BOTTICELLI/SANDRO (VIA)",,"22/06/2017",
"Convivenza Civile","Altro",7,"VARANO/ALFONSO (VIA)",,"22/06/2017",
"Convivenza Civile","Altro",9,"NIZZA/(VIA)",,"22/06/2017",
"Convivenza Civile","Altro",1,"PALAZZO DI CITTA'/(VIA)",,"23/06/2017",
"Convivenza Civile","Altro",1,"PALESTRO/(CORSO)",,"23/06/2017",
"Convivenza Civile","Altro",8,"RONCHI AI CUNIOLI ALTI/(STRADA DAI)",,"23/06/2017",
"Convivenza Civile","Altro",7,"GIULIO CESARE/(CORSO)",,"23/06/2017","12.09"
"Convivenza Civile","Altro",8,"BELFIORE/(VIA)",,"25/06/2017",
"Convivenza Civile","Altro",,,"Area Verde","26/06/2017",
"Convivenza Civile","Altro",1,"VINZAGLIO/(CORSO)",,"27/06/2017",
"Convivenza Civile","Altro",2,"BOSTON/(VIA)",,"27/06/2017",
"Convivenza Civile","Altro",4,"ORNAVASSO/(VIA)",,"27/06/2017",
"Convivenza Civile","Altro",7,"FIRENZE/(LUNGO DORA)",,"28/06/2017",
"Convivenza Civile","Altro",9,"BARBARESCO/(VIA)",,"28/06/2017",
"Convivenza Civile","Altro",3,"PELLICE/(VIA)",,"29/06/2017",
"Convivenza Civile","Altro",3,"RACCONIGI/(CORSO)",,"29/06/2017",
"Convivenza Civile","Altro",2,"FILADELFIA/(VIA)",,"30/06/2017",
"Convivenza Civile","Altro",2,"LANFRANCO/LEOPOLDO(VIA)",,"30/06/2017",
"Convivenza Civile","Altro",5,"BREGLIO/(VIA)",,"30/06/2017",
"Convivenza Civile","Altro",6,"GOTTARDO/(VIA)",,"30/06/2017",
"Convivenza Civile","Altro",8,"MONCALIERI/(CORSO)",,"30/06/2017",
"Convivenza Civile","Comportamenti molesti",7,"REGIO PARCO/(CORSO)",,"16/01/2017","11.08"
"Convivenza Civile","Comportamenti molesti",7,"REGINA MARGHERITA/(CORSO)",,"25/01/2017","10.20"
"Convivenza Civile","Comportamenti molesti",1,"RE UMBERTO/(CORSO)",,"16/02/2017",
"Convivenza Civile","Comportamenti molesti",7,"PRINCIPE ODDONE/(CORSO)",,"27/02/2017",
"Convivenza Civile","Comportamenti molesti",4,"TASSONI/ALESSANDRO (CORSO)",,"28/02/2017","09.18"
"Convivenza Civile","Comportamenti molesti",,,,"01/04/2017",
"Convivenza Civile","Comportamenti molesti",8,"PONTE ISABELLA A S. VITO/(STRADA DEL)",,"03/04/2017",
"Convivenza Civile","Comportamenti molesti",6,"FELETTO/(VIA)",,"18/04/2017",
"Convivenza Civile","Comportamenti molesti",6,"DESANA/(VIA)",,"02/05/2017",
"Convivenza Civile","Comportamenti molesti",7,"MARIA AUSILIATRICE/(VIA)",,"03/05/2017",
"Convivenza Civile","Comportamenti molesti",1,"ARBARELLO/VINCENZO (PIAZZA)",,"05/05/2017",
"Convivenza Civile","Comportamenti molesti",1,"MERCANTINI/LUIGI (VIA)",,"08/05/2017","14.34"
"Convivenza Civile","Comportamenti molesti",4,"VAGNONE/(VIA)",,"10/05/2017",
"Convivenza Civile","Comportamenti molesti",7,"BRESCIA/(CORSO)",,"10/05/2017",
"Convivenza Civile","Comportamenti molesti",6,"GIULIO CESARE/(CORSO)","Area Verde","16/05/2017",
"Convivenza Civile","Comportamenti molesti",10,"SOMALIA/(VIA)","Area Verde","17/05/2017",
"Convivenza Civile","Comportamenti molesti",8,"S. VITO REVIGLIASCO/(STRADA)",,"18/05/2017",
"Convivenza Civile","Comportamenti molesti",6,"BRANDIZZO/(VIA)",,"23/05/2017",
"Convivenza Civile","Comportamenti molesti",3,"OSASCO/(VIA)",,"28/05/2017",
"Convivenza Civile","Comportamenti molesti",1,"MONTE DI PIETA'/(VIA)",,"31/05/2017",
"Convivenza Civile","Comportamenti molesti",3,"SAFFI/AURELIO (VIA)",,"07/06/2017",
"Convivenza Civile","Comportamenti molesti",6,"AOSTA/(VIA)",,"07/06/2017",
"Convivenza Civile","Comportamenti molesti",7,"AOSTA/(VIA)",,"07/06/2017",
"Convivenza Civile","Comportamenti molesti",2,"GRADISCA/(VIA)",,"07/06/2017","10.12"
"Convivenza Civile","Comportamenti molesti",2,"PORDENONE/(VIA)",,"08/06/2017",
"Convivenza Civile","Comportamenti molesti",5,"MARCHESE VISCONTI/(VIA)",,"12/06/2017",
"Convivenza Civile","Comportamenti molesti",5,"CESALPINO/ANDREA (VIA)",,"16/06/2017",
"Convivenza Civile","Comportamenti molesti",9,"GALIMBERTI/TANCREDI (PIAZZA)","Area Verde","19/06/2017",
"Convivenza Civile","Comportamenti molesti",7,"BIELLA/(VIA)",,"20/06/2017",
"Convivenza Civile","Comportamenti molesti",1,"S. FRANCESCO D'ASSISI/(VIA)",,"22/06/2017",
"Convivenza Civile","Comportamenti molesti",2,"SEBASTOPOLI/(CORSO)",,"23/06/2017",
"Convivenza Civile","Comportamenti molesti",6,"CASELLA/ALFREDO (VIA)",,"26/06/2017",
"Convivenza Civile","Comportamenti molesti",7,"COMO/(VIA)",,"26/06/2017",
"Convivenza Civile","Disturbi altri animali",7,"RIMINI/(VIA)",,"09/01/2017",
"Convivenza Civile","Disturbi Cani",2,"SARPI/PAOLO (VIA)",,"04/01/2017","10.07"
"Convivenza Civile","Disturbi Cani",1,"PRINCIPE AMEDEO/(VIA)",,"09/01/2017",
"Convivenza Civile","Disturbi Cani",4,"LOCANA/(VIA)",,"09/01/2017",
"Convivenza Civile","Disturbi Cani",3,"ISSIGLIO/(VIA)",,"16/01/2017","10.44"
"Convivenza Civile","Disturbi Cani",3,"TRAPANI/(CORSO)","Area Verde","18/01/2017","10.25"
"Convivenza Civile","Disturbi Cani",7,"VERCELLI/(CORSO)",,"20/01/2017","11.00"
"Convivenza Civile","Disturbi Cani",7,"ANDREIS/VITTORIO (VIA)",,"23/01/2017","10.05"
"Convivenza Civile","Disturbi Cani",,,,"24/01/2017","10.18"
"Convivenza Civile","Disturbi Cani",6,"SPONTINI/GASPARE (VIA)",,"30/01/2017",
"Convivenza Civile","Disturbi Cani",6,"VISTRORIO/(VIA)",,"30/01/2017","09.36"
"Convivenza Civile","Disturbi Cani",4,"CIBRARIO/LUIGI (VIA)","Area Verde","06/02/2017",
"Convivenza Civile","Disturbi Cani",9,"UNIONE SOVIETICA/(CORSO)",,"11/02/2017",
"Convivenza Civile","Disturbi Cani",5,"SOSPELLO/(VIA)",,"15/02/2017",
"Convivenza Civile","Disturbi Cani",3,"ISONZO/(VIA)",,"24/02/2017",
"Convivenza Civile","Disturbi Cani",5,"CHIESA DELLA SALUTE/(VIA)",,"28/02/2017","11.49"
"Convivenza Civile","Disturbi Cani",7,"ANTONELLI/ALESSANDRO (LUNGO PO)","Area Verde","03/04/2017",
"Convivenza Civile","Disturbi Cani",1,"CARLO FELICE/(PIAZZA)","Area Verde","13/04/2017",
"Convivenza Civile","Disturbi Cani",2,"SALVEMINI/GAETANO (CORSO)",,"14/04/2017",
"Convivenza Civile","Disturbi Cani",3,"FATTORI/GIOVANNI (VIA)","Area Verde","14/04/2017",
"Convivenza Civile","Disturbi Cani",8,"ORMEA/(VIA)",,"14/04/2017",
"Convivenza Civile","Disturbi Cani",1,"CERNAIA/(VIA)","Area Verde","19/04/2017",
"Convivenza Civile","Disturbi Cani",3,"FRANCIA/(CORSO)",,"28/04/2017",
"Convivenza Civile","Disturbi Cani",5,"CINCINNATO/L. QUINZIO (CORSO)",,"05/05/2017","08.23"
"Convivenza Civile","Disturbi Cani",5,"COSSA/PIETRO (VIA)",,"15/05/2017","10.52"
"Convivenza Civile","Disturbi Cani",3,"BIONAZ/(VIA)",,"22/05/2017",
"Convivenza Civile","Disturbi Cani",4,"ROSAI/OTTONE(CORSO)",,"31/05/2017",
"Convivenza Civile","Disturbi Cani",7,"CHIETI/(CORSO)",,"05/06/2017","11.39"
"Convivenza Civile","Disturbi Cani",4,"NETRO/(VIA)",,"11/06/2017",
"Convivenza Civile","Disturbi Cani",7,"PRINCIPE ODDONE/(CORSO)",,"21/06/2017","11.19"
"Convivenza Civile","Disturbi Cani",6,"VILLARETTO/(STRADA DEL)",,"21/06/2017","12.01"
"Convivenza Civile","Disturbi Cani",5,"MASSA/(VIA)",,"23/06/2017",
"Convivenza Civile","Disturbi Cani",9,"PASSO BUOLE/(VIA)",,"28/06/2017",
"Convivenza Civile","Disturbi da locali",7,"NIETZSCHE/FEDERICO (VIA)",,"02/01/2017",
"Convivenza Civile","Disturbi da locali",2,"GORIZIA/(VIA)",,"09/01/2017",
"Convivenza Civile","Disturbi da locali",1,"POMBA/GIUSEPPE (VIA)",,"10/01/2017",
"Convivenza Civile","Disturbi da locali",4,"AQUILA/(VIA)",,"11/01/2017",
"Convivenza Civile","Disturbi da locali",6,"VIGEVANO/(CORSO)",,"13/01/2017",
"Convivenza Civile","Disturbi da locali",7,"CIGNA/FRANCESCO (VIA)",,"20/01/2017","13.39"
"Convivenza Civile","Disturbi da locali",1,"PERRONE/ETTORE (VIA)",,"03/02/2017",
"Convivenza Civile","Disturbi da locali",1,"LOVERA DI MARIA/ANNIBALE (VIA)",,"06/02/2017",
"Convivenza Civile","Disturbi da locali",1,"S. CHIARA/(VIA)",,"06/02/2017",
"Convivenza Civile","Disturbi da locali",2,"AGNELLI/GIOVANNI (CORSO)",,"06/02/2017",
"Convivenza Civile","Disturbi da locali",4,"CARRERA/VALENTINO (VIA)",,"10/02/2017",
"Convivenza Civile","Disturbi da locali",8,"NIZZA/(VIA)",,"11/02/2017",
"Convivenza Civile","Disturbi da locali",1,"EMANUELE FILIBERTO/(PIAZZA)",,"14/02/2017",
"Convivenza Civile","Disturbi da locali",9,"DANEO/EDOARDO (VIA)",,"15/02/2017",
"Convivenza Civile","Disturbi da locali",6,"PAGANINI/NICOLO' (VIA)",,"20/02/2017","15.47"
"Convivenza Civile","Disturbi da locali",7,"S. GIULIA/(VIA)",,"21/02/2017",
"Convivenza Civile","Disturbi da locali",6,"DESANA/(VIA)",,"27/02/2017","11.00"
"Convivenza Civile","Disturbi da locali",3,"TRAPANI/(CORSO)",,"14/03/2017",
"Convivenza Civile","Disturbi da locali",6,"STRADELLA/(VIA)",,"20/03/2017",
"Convivenza Civile","Disturbi da locali",6,"STRADELLA/(VIA)",,"20/03/2017",
"Convivenza Civile","Disturbi da locali",1,"MAGENTA/(VIA)",,"20/03/2017","13.21"
"Convivenza Civile","Disturbi da locali",7,"ARTISTI/(VIA)",,"21/03/2017",
"Convivenza Civile","Disturbi da locali",1,"EMANUELE FILIBERTO/(PIAZZA)",,"21/03/2017","14.56"
"Convivenza Civile","Disturbi da locali",8,"VIRGILIO/(VIALE)",,"23/03/2017",
"Convivenza Civile","Disturbi da locali",1,"DES AMBROIS/LUIGI (VIA)",,"27/03/2017",
"Convivenza Civile","Disturbi da locali",2,"BASSANO/(VIA)",,"27/03/2017",
"Convivenza Civile","Disturbi da locali",8,"BELFIORE/(VIA)",,"28/03/2017",
"Convivenza Civile","Disturbi da locali",1,"PRINCIPE ODDONE/(CORSO)",,"28/03/2017","07.32"
"Convivenza Civile","Disturbi da locali",1,"MARIA VITTORIA/(VIA)",,"31/03/2017","10.09"
"Convivenza Civile","Disturbi da locali",1,"PO/(VIA)",,"03/04/2017",
"Convivenza Civile","Disturbi da locali",2,"ORBASSANO/(CORSO)",,"03/04/2017",
"Convivenza Civile","Disturbi da locali",6,"MOTTALCIATA/(VIA)",,"03/04/2017",
"Convivenza Civile","Disturbi da locali",1,"BELLEZIA/GIAN FRANCESCO (VIA)",,"10/04/2017",
"Convivenza Civile","Disturbi da locali",1,"STATUTO/(PIAZZA)",,"10/04/2017",
"Convivenza Civile","Disturbi da locali",4,"DRONERO/(VIA)",,"11/04/2017",
"Convivenza Civile","Disturbi da locali",1,"GIOBERTI/VINCENZO (VIA)",,"19/04/2017",
"Convivenza Civile","Disturbi da locali",2,"TAZZOLI/ENRICO (CORSO)",,"19/04/2017","11.40"
"Convivenza Civile","Disturbi da locali",8,"MONCALIERI/(CORSO)",,"21/04/2017","10.37"
"Convivenza Civile","Disturbi da locali",7,"BUNIVA/MICHELE (VIA)",,"21/04/2017","11.10"
"Convivenza Civile","Disturbi da locali",6,"BARBANIA/(VIA)",,"24/04/2017","11.00"
"Convivenza Civile","Disturbi da locali",8,"BIDONE/GIORGIO (VIA)",,"26/04/2017",
"Convivenza Civile","Disturbi da locali",3,"CUMIANA/(VIA)",,"27/04/2017",
"Convivenza Civile","Disturbi da locali",7,"REGGIO/(VIA)",,"28/04/2017",
"Convivenza Civile","Disturbi da locali",1,"VITTORIO EMANUELE II/(CORSO)",,"02/05/2017",
"Convivenza Civile","Disturbi da locali",2,"BUENOS AIRES/(VIA)",,"02/05/2017","11.27"
"Convivenza Civile","Disturbi da locali",1,"S. FRANCESCO DA PAOLA/(VIA)",,"04/05/2017",
"Convivenza Civile","Disturbi da locali",1,"S. FRANCESCO DA PAOLA/(VIA)",,"04/05/2017",
"Convivenza Civile","Disturbi da locali",4,"APPIO CLAUDIO/(CORSO)",,"05/05/2017",
"Convivenza Civile","Disturbi da locali",3,"MONTE ALBERGIAN/(VIA)",,"05/05/2017","11.11"
"Convivenza Civile","Disturbi da locali",7,"S. GIULIA/(VIA)",,"09/05/2017",
"Convivenza Civile","Disturbi da locali",8,"BERTHOLLET/CLAUDIO LUIGI (VIA)",,"17/05/2017",
"Convivenza Civile","Disturbi da locali",1,"CABOTO/SEBASTIANO (VIA)",,"18/05/2017",
"Convivenza Civile","Disturbi da locali",4,"SOBRERO/ASCANIO (VIA)",,"18/05/2017",
"Convivenza Civile","Disturbi da locali",1,"ORFANE/(VIA DELLE)",,"22/05/2017",
"Convivenza Civile","Disturbi da locali",5,"GROSSETO/(CORSO)",,"22/05/2017",
"Convivenza Civile","Disturbi da locali",7,"GIAVENO/(VIA)",,"22/05/2017","09.27"
"Convivenza Civile","Disturbi da locali",3,"FATTORI/GIOVANNI (VIA)",,"23/05/2017","12.10"
"Convivenza Civile","Disturbi da locali",1,"CABOTO/SEBASTIANO (VIA)",,"24/05/2017",
"Convivenza Civile","Disturbi da locali",1,"PO/(VIA)",,"29/05/2017",
"Convivenza Civile","Disturbi da locali",2,"BASILICATA/(PIAZZA)",,"29/05/2017",
"Convivenza Civile","Disturbi da locali",2,"ELBA/(VIA)",,"31/05/2017","11.59"
"Convivenza Civile","Disturbi da locali",5,"CARDINALE MASSAIA/GUGLIELMO (VIA)",,"31/05/2017","08.00"
"Convivenza Civile","Disturbi da locali",1,"DES AMBROIS/LUIGI (VIA)",,"01/06/2017",
"Convivenza Civile","Disturbi da locali",3,"MONGINEVRO/(VIA)",,"02/06/2017",
"Convivenza Civile","Disturbi da locali",5,"RIDOTTO/(VIA DEL)",,"02/06/2017",
"Convivenza Civile","Disturbi da locali",1,"BONELLI/FRANCO (VIA)",,"05/06/2017",
"Convivenza Civile","Disturbi da locali",1,"EMANUELE FILIBERTO/(PIAZZA)",,"05/06/2017",
"Convivenza Civile","Disturbi da locali",1,"EMANUELE FILIBERTO/(PIAZZA)",,"05/06/2017",
"Convivenza Civile","Disturbi da locali",1,"EMANUELE FILIBERTO/(PIAZZA)",,"05/06/2017",
"Convivenza Civile","Disturbi da locali",1,"EMANUELE FILIBERTO/(PIAZZA)",,"05/06/2017",
"Convivenza Civile","Disturbi da locali",1,"EMANUELE FILIBERTO/(PIAZZA)",,"05/06/2017",
"Convivenza Civile","Disturbi da locali",1,"S. DOMENICO/(VIA)",,"05/06/2017",
"Convivenza Civile","Disturbi da locali",7,"CASALE/(CORSO)",,"05/06/2017",
"Convivenza Civile","Disturbi da locali",1,"S. DALMAZZO/(VIA)",,"06/06/2017","09.21"
"Convivenza Civile","Disturbi da locali",5,"STRADELLA/(VIA)",,"08/06/2017",
"Convivenza Civile","Disturbi da locali",7,"NIETZSCHE/FEDERICO (VIA)",,"08/06/2017","07.36"
"Convivenza Civile","Disturbi da locali",1,"MAGENTA/(VIA)",,"08/06/2017","12.00"
"Convivenza Civile","Disturbi da locali",7,"GUASTALLA/(VIA)",,"11/06/2017",
"Convivenza Civile","Disturbi da locali",8,"BERTHOLLET/CLAUDIO LUIGI (VIA)",,"12/06/2017",
"Convivenza Civile","Disturbi da locali",8,"MONCALIERI/(CORSO)",,"13/06/2017",
"Convivenza Civile","Disturbi da locali",7,"BALBO/CESARE (VIA)",,"14/06/2017",
"Convivenza Civile","Disturbi da locali",,,,"15/06/2017",
"Convivenza Civile","Disturbi da locali",1,"SOLFERINO/(PIAZZA)",,"16/06/2017","11.46"
"Convivenza Civile","Disturbi da locali",2,"AGNELLI/GIOVANNI (CORSO)",,"19/06/2017",
"Convivenza Civile","Disturbi da locali",6,"SOANA/(VIA)",,"19/06/2017",
"Convivenza Civile","Disturbi da locali",9,"UNIONE SOVIETICA/(CORSO)",,"20/06/2017",
"Convivenza Civile","Disturbi da locali",4,"CREVACUORE/(VIA)",,"21/06/2017","09.29"
"Convivenza Civile","Disturbi da locali",2,"S. MARINO/(VIA)",,"26/06/2017",
"Convivenza Civile","Disturbi da locali",6,"PAGANINI/NICOLO' (VIA)",,"27/06/2017",
"Convivenza Civile","Disturbi da locali",2,"ROSSELLI/CARLO E NELLO (CORSO)",,"30/06/2017",
"Convivenza Civile","Disturbi da locali",5,"LANZO/(VIA)",,"30/06/2017",
"Convivenza Civile","Rumori molesti",9,"NIZZA/(VIA)",,"05/01/2017","11.49"
"Convivenza Civile","Rumori molesti",2,"BASILICATA/(PIAZZA)",,"09/01/2017",
"Convivenza Civile","Rumori molesti",2,"CAPRERA/(VIA)",,"09/01/2017",
"Convivenza Civile","Rumori molesti",3,"CAVALLERMAGGIORE/(VIA)",,"09/01/2017",
"Convivenza Civile","Rumori molesti",3,"QUART/(VIA)",,"09/01/2017",
"Convivenza Civile","Rumori molesti",7,"PRIOCCA/CLEMENTE DAMIANO (VIA)",,"10/01/2017","10.36"
"Convivenza Civile","Rumori molesti",1,"SACCHI/PAOLO (VIA)",,"12/01/2017","09.18"
"Convivenza Civile","Rumori molesti",7,"ANDREIS/VITTORIO (VIA)",,"13/01/2017",
"Convivenza Civile","Rumori molesti",1,"ROMA/(VIA)",,"13/01/2017","12.23"
"Convivenza Civile","Rumori molesti",8,"SOMMEILLER/GERMANO (CORSO)",,"16/01/2017",
"Convivenza Civile","Rumori molesti",1,"VESPUCCI/AMERIGO (VIA)",,"27/01/2017","11.34"
"Convivenza Civile","Rumori molesti",6,"LEINI'/(VIA)",,"27/01/2017","10.06"
"Convivenza Civile","Rumori molesti",2,"GORIZIA/(VIA)",,"30/01/2017",
"Convivenza Civile","Rumori molesti",7,"AOSTA/(VIA)",,"03/02/2017",
"Convivenza Civile","Rumori molesti",5,"FOLIGNO/(VIA)",,"04/02/2017",
"Convivenza Civile","Rumori molesti",1,"VERDI/GIUSEPPE (VIA)",,"06/02/2017",
"Convivenza Civile","Rumori molesti",7,"SASSARI/(VIA)",,"06/02/2017",
"Convivenza Civile","Rumori molesti",6,"BOLLENGO/(VIA)",,"08/02/2017",
"Convivenza Civile","Rumori molesti",6,"FELETTO/(VIA)",,"08/02/2017","12.52"
"Convivenza Civile","Rumori molesti",1,"GIOBERTI/VINCENZO (VIA)",,"13/02/2017",
"Convivenza Civile","Rumori molesti",3,"MONTE ASOLONE/(VIA)",,"18/02/2017","07.11"
"Convivenza Civile","Rumori molesti",6,"VERCELLI/(CORSO)",,"22/02/2017","10.16"
"Convivenza Civile","Rumori molesti",1,"S. AGOSTINO/(VIA)",,"22/02/2017","14.58"
"Convivenza Civile","Rumori molesti",2,"ORBASSANO/(CORSO)",,"23/02/2017","11.08"
"Convivenza Civile","Rumori molesti",5,"GIACHINO/ERRICO (VIA)",,"24/02/2017",
"Convivenza Civile","Rumori molesti",7,"COMO/(VIA)",,"25/02/2017",
"Convivenza Civile","Rumori molesti",1,"ARSENALE/(VIA)",,"28/02/2017",
"Convivenza Civile","Rumori molesti",8,"ASTI/(VIA)",,"06/03/2017",
"Convivenza Civile","Rumori molesti",7,"S. OTTAVIO/(VIA)",,"10/03/2017","09.39"
"Convivenza Civile","Rumori molesti",,,,"14/03/2017",
"Convivenza Civile","Rumori molesti",1,"MATTEOTTI/GIACOMO (CORSO)",,"14/03/2017","11.25"
"Convivenza Civile","Rumori molesti",5,"VITTORIA/(VIA)",,"20/03/2017",
"Convivenza Civile","Rumori molesti",1,"SACCHI/PAOLO (VIA)",,"23/03/2017",
"Convivenza Civile","Rumori molesti",7,"S. OTTAVIO/(VIA)",,"25/03/2017","08.02"
"Convivenza Civile","Rumori molesti",9,"SPANO/GIOVANNI (VIA)",,"30/03/2017","10.45"
"Convivenza Civile","Rumori molesti",5,"POTENZA/(CORSO)",,"31/03/2017",
"Convivenza Civile","Rumori molesti",7,"GUASTALLA/(VIA)",,"31/03/2017","14.35"
"Convivenza Civile","Rumori molesti",8,"BELFIORE/(VIA)",,"04/04/2017",
"Convivenza Civile","Rumori molesti",3,"PESCHIERA/(CORSO)",,"05/04/2017",
"Convivenza Civile","Rumori molesti",2,"BARLETTA/(VIA)",,"06/04/2017",
"Convivenza Civile","Rumori molesti",7,"ANTONELLI/ALESSANDRO (LUNGO PO)",,"12/04/2017",
"Convivenza Civile","Rumori molesti",7,"NOVARA/(CORSO)",,"12/04/2017",
"Convivenza Civile","Rumori molesti",3,"SPANZOTTI/MARTINO (VIA)",,"14/04/2017",
"Convivenza Civile","Rumori molesti",8,"PELLICO/SILVIO (VIA)",,"14/04/2017",
"Convivenza Civile","Rumori molesti",4,"PIANEZZA/(VIA)",,"18/04/2017",
"Convivenza Civile","Rumori molesti",3,"SAGRA DI S. MICHELE/(VIA)",,"19/04/2017","12.08"
"Convivenza Civile","Rumori molesti",6,"VERCELLI/(CORSO)",,"24/04/2017",
"Convivenza Civile","Rumori molesti",4,"S. DONATO/(VIA)",,"26/04/2017",
"Convivenza Civile","Rumori molesti",1,"MERCANTI/(VIA)",,"01/05/2017",
"Convivenza Civile","Rumori molesti",2,"BUENOS AIRES/(VIA)",,"02/05/2017","10.10"
"Convivenza Civile","Rumori molesti",1,"RE UMBERTO/(CORSO)",,"03/05/2017",
"Convivenza Civile","Rumori molesti",7,"CAGLIARI/(VIA)",,"03/05/2017","11.42"
"Convivenza Civile","Rumori molesti",8,"MENABREA/FEDERICO (VIA)",,"04/05/2017",
"Convivenza Civile","Rumori molesti",5,"MORTARA/(CORSO)",,"07/05/2017",
"Convivenza Civile","Rumori molesti",,,,"08/05/2017",
"Convivenza Civile","Rumori molesti",1,"S. QUINTINO/(VIA)",,"08/05/2017",
"Convivenza Civile","Rumori molesti",4,"S. GIOVANNI BOSCO/(VIA)",,"08/05/2017",
"Convivenza Civile","Rumori molesti",1,"SICCARDI/GIUSEPPE (CORSO)",,"15/05/2017",
"Convivenza Civile","Rumori molesti",1,"ASSAROTTI/OTTAVIO (VIA)",,"17/05/2017",
"Convivenza Civile","Rumori molesti",1,"VERDI/GIUSEPPE (VIA)",,"17/05/2017",
"Convivenza Civile","Rumori molesti",5,"GUBBIO/(VIA)",,"22/05/2017",
"Convivenza Civile","Rumori molesti",7,"BRIANZA/(CORSO)",,"22/05/2017",
"Convivenza Civile","Rumori molesti",1,"BERCHET/GIOVANNI (VIA)",,"24/05/2017",
"Convivenza Civile","Rumori molesti",1,"MILANO/(VIA)",,"24/05/2017",
"Convivenza Civile","Rumori molesti",3,"BUSSOLENO/(VIA)",,"26/05/2017",
"Convivenza Civile","Rumori molesti",1,"LAGRANGE/GIUSEPPE LUIGI (VIA)",,"29/05/2017",
"Convivenza Civile","Rumori molesti",9,"GIANELLI/GIULIO (VIA)",,"29/05/2017",
"Convivenza Civile","Rumori molesti",6,"PATETTA/FEDERICO (VIA)",,"30/05/2017",
"Convivenza Civile","Rumori molesti",8,"GRAN MADRE DI DIO/(PIAZZA)","Area Verde","30/05/2017",
"Convivenza Civile","Rumori molesti",2,"ORBASSANO/(CORSO)",,"01/06/2017",
"Convivenza Civile","Rumori molesti",1,"CARLO ALBERTO/(VIA)",,"05/06/2017",
"Convivenza Civile","Rumori molesti",2,"AGRICOLA/ATTILIO (VIA)",,"05/06/2017",
"Convivenza Civile","Rumori molesti",3,"CHALLANT/(VIA)",,"05/06/2017",
"Convivenza Civile","Rumori molesti",4,"INVORIO/(VIA)",,"05/06/2017",
"Convivenza Civile","Rumori molesti",8,"BELFIORE/(VIA)",,"05/06/2017",
"Convivenza Civile","Rumori molesti",10,"NEGARVILLE/CELESTE (VIA)",,"05/06/2017",
"Convivenza Civile","Rumori molesti",7,"ARTISTI/(VIA)",,"06/06/2017",
"Convivenza Civile","Rumori molesti",1,"CABOTO/SEBASTIANO (VIA)",,"07/06/2017",
"Convivenza Civile","Rumori molesti",9,"SEBASTOPOLI/(CORSO)",,"07/06/2017",
"Convivenza Civile","Rumori molesti",7,"BRESCIA/(CORSO)",,"08/06/2017",
"Convivenza Civile","Rumori molesti",1,"SICCARDI/GIUSEPPE (CORSO)",,"09/06/2017",
"Convivenza Civile","Rumori molesti",2,"SIRACUSA/(CORSO)",,"09/06/2017",
"Convivenza Civile","Rumori molesti",6,"CASELLA/ALFREDO (VIA)",,"09/06/2017",
"Convivenza Civile","Rumori molesti",10,"SAPRI/(VIA)",,"11/06/2017",
"Convivenza Civile","Rumori molesti",5,"OLIVETTI/ARRIGO (VIA)",,"12/06/2017",
"Convivenza Civile","Rumori molesti",2,"SARPI/PAOLO (VIA)",,"14/06/2017",
"Convivenza Civile","Rumori molesti",7,"MONTEBELLO/(VIA)",,"14/06/2017",
"Convivenza Civile","Rumori molesti",8,"BELFIORE/(VIA)",,"14/06/2017",
"Convivenza Civile","Rumori molesti",4,"AVELLINO/(VIA)",,"15/06/2017",
"Convivenza Civile","Rumori molesti",3,"BRACCINI/PAOLO (VIA)","Area Verde","19/06/2017",
"Convivenza Civile","Rumori molesti",8,"BARETTI/GIUSEPPE (VIA)",,"19/06/2017",
"Convivenza Civile","Rumori molesti",3,"RACCONIGI/(CORSO)",,"19/06/2017","10.54"
"Convivenza Civile","Rumori molesti",4,"PRINCIPESSA CLOTILDE/(VIA)",,"20/06/2017",
"Convivenza Civile","Rumori molesti",4,"PRINCIPESSA CLOTILDE/(VIA)",,"20/06/2017",
"Convivenza Civile","Rumori molesti",1,"RE UMBERTO/(CORSO)",,"20/06/2017","09.32"
"Convivenza Civile","Rumori molesti",1,"VENTI SETTEMBRE/(VIA)",,"23/06/2017",
"Convivenza Civile","Rumori molesti",4,"LECCE/(CORSO)",,"23/06/2017",
"Convivenza Civile","Rumori molesti",4,"MIGLIETTI/VINCENZO MARIA (VIA)",,"23/06/2017",
"Convivenza Civile","Rumori molesti",1,"PRINCIPE AMEDEO/(VIA)",,"26/06/2017",
"Convivenza Civile","Rumori molesti",4,"SPOLETO/(VIA)",,"26/06/2017",
"Convivenza Civile","Uso improprio parti comuni",6,"CENA/GIOVANNI (VIA)",,"16/01/2017",
"Convivenza Civile","Uso improprio parti comuni",6,"LEINI'/(VIA)",,"08/02/2017","12.12"
"Convivenza Civile","Uso improprio parti comuni",7,"S. MAURIZIO/(CORSO)",,"13/03/2017","09.46"
"Convivenza Civile","Uso improprio parti comuni",1,"EINAUDI/LUIGI (CORSO)",,"28/04/2017",
"Convivenza Civile","Uso improprio parti comuni",3,"CHAMBERY/(VIA)",,"10/05/2017",
"Convivenza Civile","Uso improprio parti comuni",2,"BUENOS AIRES/(VIA)",,"26/05/2017","11.17"
"Qualit Urbana","Altro",6,"GIULIO CESARE/(CORSO)",,"04/01/2017",
"Qualit Urbana","Altro",7,"CADORE/(CORSO)",,"04/01/2017",
"Qualit Urbana","Altro",4,"CIBRARIO/LUIGI (VIA)",,"04/01/2017","13.21"
"Qualit Urbana","Altro",2,"FORNO CANAVESE/(VIA)",,"04/01/2017","10.29"
"Qualit Urbana","Altro",3,"DI NANNI/DANTE (VIA)",,"09/01/2017","14.17"
"Qualit Urbana","Altro",1,"MAZZINI/GIUSEPPE (VIA)",,"13/01/2017",
"Qualit Urbana","Altro",8,"CASALE/(CORSO)",,"13/01/2017","09.30"
"Qualit Urbana","Altro",4,"GAMBA/ENRICO (CORSO)",,"16/01/2017",
"Qualit Urbana","Altro",1,"PIAZZI/GIUSEPPE (VIA)",,"16/01/2017","11.13"
"Qualit Urbana","Altro",4,"LOCANA/(VIA)",,"16/01/2017","13.22"
"Qualit Urbana","Altro",6,"CHERUBINI/LUIGI SALVATORE (VIA)",,"16/01/2017","14.17"
"Qualit Urbana","Altro",1,"CARLO ALBERTO/(VIA)",,"17/01/2017","09.52"
"Qualit Urbana","Altro",7,"PALERMO/(CORSO)",,"19/01/2017",
"Qualit Urbana","Altro",4,"APPIO CLAUDIO/(CORSO)","Area Verde","20/01/2017","10.52"
"Qualit Urbana","Altro",7,"NAPOLI/(LUNGO DORA)",,"21/01/2017",
"Qualit Urbana","Altro",1,"MATTEOTTI/GIACOMO (CORSO)",,"23/01/2017",
"Qualit Urbana","Altro",5,"VALLETTE/(STRADA DELLE)",,"23/01/2017",
"Qualit Urbana","Altro",9,"GENOVA/(VIA)",,"23/01/2017",
"Qualit Urbana","Altro",6,"ULIVI/(VIA DEGLI)",,"23/01/2017","09.47"
"Qualit Urbana","Altro",1,"DORIA/ANDREA (VIA)",,"23/01/2017","11.22"
"Qualit Urbana","Altro",7,"BELGIO/(CORSO)",,"24/01/2017",
"Qualit Urbana","Altro",5,"FORLI'/(VIA)",,"24/01/2017","12.01"
"Qualit Urbana","Altro",4,"FIANO/(VIA)",,"30/01/2017",
"Qualit Urbana","Altro",1,"SOLFERINO/(PIAZZA)",,"01/02/2017","09.59"
"Qualit Urbana","Altro",8,"GIOANETTI/VITTORIO AMEDEO (VIA)",,"06/02/2017","12.17"
"Qualit Urbana","Altro",7,"MONGRENO/(STRADA)",,"06/02/2017","13.30"
"Qualit Urbana","Altro",3,"VITTORIO EMANUELE II/(CORSO)",,"06/02/2017","13.50"
"Qualit Urbana","Altro",6,"VILLARETTO/(STRADA DEL)",,"06/02/2017","12.42"
"Qualit Urbana","Altro",1,"MEDITERRANEO/(CORSO)",,"07/02/2017","09.14"
"Qualit Urbana","Altro",4,"ASCOLI/GRAZIADIO (VIA)",,"07/02/2017","09.46"
"Qualit Urbana","Altro",6,"BOLLENGO/(VIA)",,"08/02/2017","14.12"
"Qualit Urbana","Altro",8,"SALUZZO/(VIA)",,"08/02/2017","12.55"
"Qualit Urbana","Altro",7,"TORTONA/(CORSO)",,"09/02/2017","11.55"
"Qualit Urbana","Altro",7,"GIULIO CESARE/(CORSO)",,"10/02/2017",
"Qualit Urbana","Altro",3,"VILLARBASSE/(VIA)",,"15/02/2017",
"Qualit Urbana","Altro",8,"VILLA DELLA REGINA/(VIA)",,"15/02/2017","13.20"
"Qualit Urbana","Altro",6,"CONTI REBAUDENGO (PIAZZA)",,"16/02/2017",
"Qualit Urbana","Altro",5,"CARDINALE MASSAIA/GUGLIELMO (LARGO)",,"17/02/2017",
"Qualit Urbana","Altro",1,"CONTE VERDE/(VIA)",,"18/02/2017","06.59"
"Qualit Urbana","Altro",3,"BRUNELLESCHI/FILIPPO (CORSO)",,"20/02/2017",
"Qualit Urbana","Altro",6,"MERCADANTE/SAVERIO (VIA)","Area Verde","20/02/2017",
"Qualit Urbana","Altro",3,"ISSIGLIO/(VIA)",,"22/02/2017",
"Qualit Urbana","Altro",7,"REGIO PARCO/(CORSO)",,"22/02/2017",
"Qualit Urbana","Altro",3,"DUCHESSA JOLANDA/(VIA)",,"24/02/2017",
"Qualit Urbana","Altro",8,"MONCALIERI/(CORSO)",,"24/02/2017","13.04"
"Qualit Urbana","Altro",5,"COSSA/PIETRO (VIA)",,"01/03/2017",
"Qualit Urbana","Altro",2,"LESEGNO/(VIA)",,"01/03/2017","07.23"
"Qualit Urbana","Altro",6,"SEMPIONE/(VIA)",,"02/03/2017",
"Qualit Urbana","Altro",4,"FRANCIA/(CORSO)",,"02/03/2017","10.04"
"Qualit Urbana","Altro",6,"VERRES/(VIA)",,"02/03/2017","11.01"
"Qualit Urbana","Altro",5,"BORGARO/(VIA)",,"03/03/2017",
"Qualit Urbana","Altro",8,"VITTORIO EMANUELE II/(CORSO)",,"03/03/2017","11.21"
"Qualit Urbana","Altro",5,"BREGLIO/(VIA)",,"04/03/2017","10.21"
"Qualit Urbana","Altro",2,"MONTE LUNGO/(CORSO)",,"05/03/2017","09.47"
"Qualit Urbana","Altro",3,"PESCHIERA/(CORSO)",,"06/03/2017",
"Qualit Urbana","Altro",9,"CROCE/BENEDETTO (CORSO)",,"08/03/2017","12.38"
"Qualit Urbana","Altro",1,"MICCA/PIETRO (VIA)",,"09/03/2017",
"Qualit Urbana","Altro",1,"S. MAURIZIO/(CORSO)",,"09/03/2017","15.19"
"Qualit Urbana","Altro",1,"CARMINE/(VIA DEL)",,"09/03/2017","09.01"
"Qualit Urbana","Altro",1,"COLOMBO/CRISTOFORO (VIA)",,"10/03/2017","08.36"
"Qualit Urbana","Altro",2,"TAZZOLI/ENRICO (CORSO)",,"13/03/2017",
"Qualit Urbana","Altro",6,"ACERI/(VIA DEGLI)",,"13/03/2017",
"Qualit Urbana","Altro",1,"MARCO POLO/(VIA)",,"14/03/2017","10.42"
"Qualit Urbana","Altro",7,"PARMA/(VIA)",,"15/03/2017","09.02"
"Qualit Urbana","Altro",1,"GARIBALDI/GIUSEPPE (VIA)",,"16/03/2017",
"Qualit Urbana","Altro",3,"CAPRIOLO/LUIGI (VIA)",,"16/03/2017",
"Qualit Urbana","Altro",2,"BARLETTA/(VIA)",,"17/03/2017","14.06"
"Qualit Urbana","Altro",3,"ROSSELLI/CARLO E NELLO (CORSO)",,"18/03/2017",
"Qualit Urbana","Altro",7,"PEDROTTI/CARLO (VIA)",,"20/03/2017",
"Qualit Urbana","Altro",9,"UNIONE SOVIETICA/(CORSO)",,"20/03/2017","11.59"
"Qualit Urbana","Altro",1,"CARLO ALBERTO/(VIA)",,"21/03/2017",
"Qualit Urbana","Altro",9,"BIZZOZERO/GIULIO (VIA)",,"21/03/2017",
"Qualit Urbana","Altro",6,"CEBROSA/(STRADA DELLA)",,"22/03/2017",
"Qualit Urbana","Altro",7,"MICHELOTTI/SUOR GIOVANNA FRANCESCA (VIALE)",,"23/03/2017",
"Qualit Urbana","Altro",4,"TELESIO/BERNARDINO (CORSO)",,"23/03/2017","08.29"
"Qualit Urbana","Altro",1,"LORIA/ACHILLE (VIA)",,"24/03/2017","11.50"
"Qualit Urbana","Altro",3,"CAVALLI/GIOVANNI CARLO (VIA)",,"24/03/2017","12.24"
"Qualit Urbana","Altro",1,"VITTORIO VENETO/(PIAZZA)",,"27/03/2017",
"Qualit Urbana","Altro",6,"MALONE/(VIA)",,"27/03/2017",
"Qualit Urbana","Altro",1,"S. DOMENICO/(VIA)","Area Verde","28/03/2017",
"Qualit Urbana","Altro",1,"S. QUINTINO/(VIA)",,"28/03/2017",
"Qualit Urbana","Altro",2,"GAIDANO/PAOLO (VIA)",,"28/03/2017",
"Qualit Urbana","Altro",3,"S. AMBROGIO/(VIA)",,"28/03/2017",
"Qualit Urbana","Altro",4,"REGINA MARGHERITA/(CORSO)",,"29/03/2017",
"Qualit Urbana","Altro",1,"EINAUDI/LUIGI (CORSO)",,"29/03/2017","08.41"
"Qualit Urbana","Altro",1,"GIOVANNI DA VERAZZANO/(VIA)",,"29/03/2017","09.06"
"Qualit Urbana","Altro",3,"CAVALLI/GIOVANNI CARLO (VIA)",,"30/03/2017",
"Qualit Urbana","Altro",7,"PALLAVICINO/GIORGIO (VIA)",,"30/03/2017",
"Qualit Urbana","Altro",10,"SAPRI/(VIA)",,"30/03/2017",
"Qualit Urbana","Altro",1,"SACCHI/PAOLO (VIA)",,"30/03/2017","09.37"
"Qualit Urbana","Altro",7,"VERCELLI/(CORSO)",,"30/03/2017","11.45"
"Qualit Urbana","Altro",4,"BORGOSESIA/(VIA)","Area Verde","31/03/2017",
"Qualit Urbana","Altro",10,"SETTEMBRINI/LUIGI (CORSO)",,"31/03/2017","15.01"
"Qualit Urbana","Altro",3,"RACCONIGI/(CORSO)",,"31/03/2017","15.23"
"Qualit Urbana","Altro",9,"PIO VII/(VIA)",,"01/04/2017",
"Qualit Urbana","Altro",9,"NIZZA/(VIA)",,"03/04/2017","11.19"
"Qualit Urbana","Altro",1,"CARLO EMANUELE II/(PIAZZA)",,"04/04/2017",
"Qualit Urbana","Altro",5,"CINCINNATO/L. QUINZIO (CORSO)",,"05/04/2017",
"Qualit Urbana","Altro",6,"LEINI'/(VIA)",,"11/04/2017",
"Qualit Urbana","Altro",9,"TRAIANO/(CORSO)",,"12/04/2017",
"Qualit Urbana","Altro",6,"COLONNA/VITTORIA (VIA)",,"15/04/2017",
"Qualit Urbana","Altro",10,"TAZZOLI/ENRICO (CORSO)",,"21/04/2017","12.11"
"Qualit Urbana","Altro",9,"GUALA/PIETRO FRANCESCO (VIA)",,"22/04/2017",
"Qualit Urbana","Altro",4,"MEDICI/GIACOMO (VIA)",,"28/04/2017",
"Qualit Urbana","Altro",4,"FRANCIA/(CORSO)",,"03/05/2017",
"Qualit Urbana","Altro",7,"PRIOCCA/CLEMENTE DAMIANO (VIA)",,"05/05/2017",
"Qualit Urbana","Altro",7,"REGINA MARGHERITA/(CORSO)",,"05/05/2017","10.02"
"Qualit Urbana","Altro",1,"DUCA DEGLI ABRUZZI/(CORSO)",,"05/05/2017","10.41"
"Qualit Urbana","Altro",1,"VITTORIO VENETO/(PIAZZA)",,"07/05/2017",
"Qualit Urbana","Altro",7,"MONGRANDO/(VIA)",,"08/05/2017",
"Qualit Urbana","Altro",5,"BORSI/GIOSUE' (VIA)",,"08/05/2017","11.12"
"Qualit Urbana","Altro",6,"VILLARETTO/(STRADA DEL)",,"09/05/2017",
"Qualit Urbana","Altro",1,"BOLZANO/(CORSO)",,"10/05/2017","09.13"
"Qualit Urbana","Altro",8,"SICILIA/(CORSO)",,"11/05/2017","11.29"
"Qualit Urbana","Altro",9,"CASANA/SEVERINO (VIA)",,"12/05/2017","09.42"
"Qualit Urbana","Altro",1,"S. SECONDO/(VIA)",,"13/05/2017","10.24"
"Qualit Urbana","Altro",6,"AOSTA/(VIA)",,"16/05/2017",
"Qualit Urbana","Altro",3,"BEAUMONT/CLAUDIO (VIA)",,"16/05/2017","09.12"
"Qualit Urbana","Altro",3,"ERITREA/(VIA)",,"17/05/2017",
"Qualit Urbana","Altro",4,"ROCCIAMELONE/(VIA)",,"17/05/2017",
"Qualit Urbana","Altro",8,"FIGLIE DEI MILITARI/(VIA)",,"17/05/2017",
"Qualit Urbana","Altro",1,"LAGRANGE/GIUSEPPE LUIGI (VIA)",,"18/05/2017",
"Qualit Urbana","Altro",8,"LOMBROSO/CESARE (VIA)",,"18/05/2017",
"Qualit Urbana","Altro",8,"NIZZA/(VIA)",,"18/05/2017","09.32"
"Qualit Urbana","Altro",7,"CHIAVES/DESIDERATO (PIAZZA)",,"18/05/2017","10.37"
"Qualit Urbana","Altro",2,"BUENOS AIRES/(VIA)",,"18/05/2017","10.56"
"Qualit Urbana","Altro",7,"VERCELLI/(CORSO)",,"19/05/2017",
"Qualit Urbana","Altro",5,"CHIESA DELLA SALUTE/(VIA)",,"19/05/2017","11.15"
"Qualit Urbana","Altro",3,"ALECSANDRI/VASILE (VIA)",,"19/05/2017","11.41"
"Qualit Urbana","Altro",8,"MARCONI/GUGLIELMO (CORSO)",,"21/05/2017",
"Qualit Urbana","Altro",5,"FOLIGNO/(VIA)",,"22/05/2017","11.37"
"Qualit Urbana","Altro",9,"GENOVA/(VIA)",,"22/05/2017","13.13"
"Qualit Urbana","Altro",7,"RIMINI/(VIA)",,"23/05/2017",
"Qualit Urbana","Altro",1,"BATTISTI/CESARE (VIA)",,"24/05/2017",
"Qualit Urbana","Altro",1,"CARLO ALBERTO/(VIA)",,"24/05/2017",
"Qualit Urbana","Altro",1,"GIOLITTI/GIOVANNI (VIA)",,"24/05/2017",
"Qualit Urbana","Altro",1,"QUATTRO MARZO/(LARGO)",,"24/05/2017",
"Qualit Urbana","Altro",1,"DUCA D'AOSTA/(PIAZZALE)",,"25/05/2017",
"Qualit Urbana","Altro",6,"ROSSI/LAURO (VIA)",,"25/05/2017",
"Qualit Urbana","Altro",8,"NIZZA/(VIA)",,"25/05/2017",
"Qualit Urbana","Altro",7,"MARIA AUSILIATRICE/(PIAZZA)",,"25/05/2017","10.41"
"Qualit Urbana","Altro",1,"COLOMBO/CRISTOFORO (VIA)",,"25/05/2017","11.06"
"Qualit Urbana","Altro",7,"FIOCHETTO/GIANFRANCESCO (VIA)",,"25/05/2017","11.33"
"Qualit Urbana","Altro",9,"FINALMARINA/(VIA)",,"26/05/2017","10.04"
"Qualit Urbana","Altro",8,"FOA'/PIO (VIA)",,"26/05/2017","10.47"
"Qualit Urbana","Altro",6,"VERCELLI/(CORSO)",,"27/05/2017","07.21"
"Qualit Urbana","Altro",8,"MADAMA CRISTINA/(PIAZZA)",,"29/05/2017","11.20"
"Qualit Urbana","Altro",2,"SEBASTOPOLI/(CORSO)",,"30/05/2017",
"Qualit Urbana","Altro",4,"RIVARA/(VIA)",,"30/05/2017",
"Qualit Urbana","Altro",8,"D'AZEGLIO/MASSIMO (CORSO)",,"30/05/2017","14.39"
"Qualit Urbana","Altro",1,"CERNAIA/(VIA)","Area Verde","31/05/2017",
"Qualit Urbana","Altro",1,"GARIBALDI/GIUSEPPE (VIA)",,"31/05/2017",
"Qualit Urbana","Altro",3,"BEAUMONT/CLAUDIO (VIA)",,"31/05/2017",
"Qualit Urbana","Altro",4,"TASSONI/ALESSANDRO (CORSO)",,"31/05/2017",
"Qualit Urbana","Altro",7,"BALBO/CESARE (VIA)",,"31/05/2017",
"Qualit Urbana","Altro",1,"GARIBALDI/GIUSEPPE (VIA)",,"02/06/2017",
"Qualit Urbana","Altro",1,"CAVOUR (VIA)","Area Verde","05/06/2017",
"Qualit Urbana","Altro",1,"MARIA VITTORIA/(VIA)",,"05/06/2017",
"Qualit Urbana","Altro",7,"CUNEO/(VIA)",,"05/06/2017","13.53"
"Qualit Urbana","Altro",3,"CIALDINI/ENRICO (VIA)",,"06/06/2017",
"Qualit Urbana","Altro",7,"CASALE/(CORSO)",,"06/06/2017",
"Qualit Urbana","Altro",1,"VITTORIO EMANUELE II/(CORSO)",,"07/06/2017",
"Qualit Urbana","Altro",8,"FEBO/(VIA)",,"07/06/2017",
"Qualit Urbana","Altro",9,"SEBASTOPOLI/(CORSO)",,"07/06/2017",
"Qualit Urbana","Altro",,,"Area Verde","07/06/2017","11.55"
"Qualit Urbana","Altro",7,"AOSTA/(VIA)",,"08/06/2017",
"Qualit Urbana","Altro",4,"FRANCIA/(CORSO)",,"09/06/2017",
"Qualit Urbana","Altro",8,"MANARA/LUCIANO (VIA)",,"09/06/2017",
"Qualit Urbana","Altro",10,"VIGLIANI/ONORATO (VIA)",,"12/06/2017",
"Qualit Urbana","Altro",1,"TIRRENO/(VIA)","Area Verde","13/06/2017",
"Qualit Urbana","Altro",5,"LUCENTO/(VIA)",,"13/06/2017",
"Qualit Urbana","Altro",2,"UNIONE SOVIETICA/(CORSO)",,"13/06/2017","10.38"
"Qualit Urbana","Altro",4,"MEDICI/GIACOMO (VIA)",,"14/06/2017","10.58"
"Qualit Urbana","Altro",1,"RE UMBERTO/(CORSO)","Area Verde","15/06/2017",
"Qualit Urbana","Altro",7,"CASTELNUOVO/(VIA)",,"15/06/2017",
"Qualit Urbana","Altro",1,"S. ANTONIO DA PADOVA/(VIA)",,"15/06/2017","13.28"
"Qualit Urbana","Altro",7,"RAVENNA/(VIA)",,"16/06/2017","09.44"
"Qualit Urbana","Altro",4,"BORGOSESIA/(VIA)",,"16/06/2017","10.53"
"Qualit Urbana","Altro",7,"REGINA MARGHERITA/(CORSO)",,"16/06/2017","13.21"
"Qualit Urbana","Altro",3,"DI NANNI/DANTE (VIA)",,"19/06/2017",
"Qualit Urbana","Altro",1,"BELLEZIA/GIAN FRANCESCO (VIA)",,"19/06/2017","09.57"
"Qualit Urbana","Altro",1,"RE UMBERTO/(CORSO)",,"20/06/2017",
"Qualit Urbana","Altro",3,"VILLAR FOCCHIARDO/(VIA)",,"20/06/2017","10.20"
"Qualit Urbana","Altro",8,"D'AZEGLIO/MASSIMO (CORSO)","Area Verde","21/06/2017",
"Qualit Urbana","Altro",9,"TRAIANO/(CORSO)","Area Verde","21/06/2017",
"Qualit Urbana","Altro",2,"CHERSO/(VIA)",,"21/06/2017","10.03"
"Qualit Urbana","Altro",5,"BORSI/GIOSUE' (VIA)",,"21/06/2017","10.31"
"Qualit Urbana","Altro",6,"VERCELLI/(CORSO)",,"21/06/2017","11.02"
"Qualit Urbana","Altro",,,,"22/06/2017",
"Qualit Urbana","Altro",3,"VIPACCO/(VIA)",,"23/06/2017",
"Qualit Urbana","Altro",3,"FRANCIA/(CORSO)",,"23/06/2017","10.09"
"Qualit Urbana","Altro",7,"CASALE/(CORSO)",,"23/06/2017","10.38"
"Qualit Urbana","Altro",9,"SEBASTOPOLI/(CORSO)",,"23/06/2017","11.27"
"Qualit Urbana","Altro",6,"REGIO PARCO/(CORSO)",,"24/06/2017",
"Qualit Urbana","Altro",8,"SALUZZO/(VIA)",,"24/06/2017",
"Qualit Urbana","Altro",1,"BELLEZIA/GIAN FRANCESCO (VIA)",,"25/06/2017",
"Qualit Urbana","Altro",4,"FRANCIA/(CORSO)",,"25/06/2017",
"Qualit Urbana","Altro",1,"REGINA MARGHERITA/(CORSO)",,"28/06/2017",
"Qualit Urbana","Altro",4,"S. DONATO/(VIA)",,"30/06/2017",
"Qualit Urbana","Decoro e degrado urbano",3,"SERRANO/(VIA)",,"03/01/2017",
"Qualit Urbana","Decoro e degrado urbano",4,"MEDICI/GIACOMO (VIA)",,"03/01/2017",
"Qualit Urbana","Decoro e degrado urbano",9,"CARDUCCI/GIOSUE' (PIAZZA)",,"03/01/2017",
"Qualit Urbana","Decoro e degrado urbano",10,"TAZZOLI/ENRICO (CORSO)",,"03/01/2017",
"Qualit Urbana","Decoro e degrado urbano",1,"DICIOTTO DICEMBRE/(PIAZZA)","Area Verde","04/01/2017",
"Qualit Urbana","Decoro e degrado urbano",4,"PACCHIOTTI/GIACINTO (VIA)",,"04/01/2017",
"Qualit Urbana","Decoro e degrado urbano",1,"CESARE AUGUSTO/(PIAZZA)",,"05/01/2017","10.47"
"Qualit Urbana","Decoro e degrado urbano",4,"BELLI/PIETRINO (VIA)",,"05/01/2017","12.49"
"Qualit Urbana","Decoro e degrado urbano",4,"CARENA/GIACINTO (VIA)",,"09/01/2017",
"Qualit Urbana","Decoro e degrado urbano",2,"DEL PRETE/CARLO (VIA)","Area Verde","10/01/2017",
"Qualit Urbana","Decoro e degrado urbano",3,"DELLA ROBBIA/LUCA (VIA)",,"10/01/2017",
"Qualit Urbana","Decoro e degrado urbano",4,"SERVAIS/GIOVANNI (VIA)",,"10/01/2017",
"Qualit Urbana","Decoro e degrado urbano",6,"GIULIO CESARE/(CORSO)",,"10/01/2017",
"Qualit Urbana","Decoro e degrado urbano",6,"VIGEVANO/(CORSO)",,"10/01/2017","15.26"
"Qualit Urbana","Decoro e degrado urbano",5,"GIACHINO/ERRICO (LARGO)","Area Verde","11/01/2017",
"Qualit Urbana","Decoro e degrado urbano",2,"SEBASTOPOLI/(CORSO)",,"12/01/2017","10.35"
"Qualit Urbana","Decoro e degrado urbano",3,"MARMOLADA/(PIAZZA)",,"13/01/2017","12.54"
"Qualit Urbana","Decoro e degrado urbano",6,"CENTALLO/(VIA)",,"16/01/2017",
"Qualit Urbana","Decoro e degrado urbano",7,"MONGRENO/(STRADA)",,"16/01/2017",
"Qualit Urbana","Decoro e degrado urbano",9,"TAGGIA/(VIA)",,"16/01/2017",
"Qualit Urbana","Decoro e degrado urbano",3,"LA THUILE/(VIA)",,"17/01/2017",
"Qualit Urbana","Decoro e degrado urbano",5,"CINCINNATO/L. QUINZIO (CORSO)",,"17/01/2017",
"Qualit Urbana","Decoro e degrado urbano",9,"PIO VII/(VIA)",,"17/01/2017",
"Qualit Urbana","Decoro e degrado urbano",7,"ANCONA/(VIA)",,"18/01/2017",
"Qualit Urbana","Decoro e degrado urbano",7,"TOTI/ENRICO (PIAZZA)",,"19/01/2017","10.18"
"Qualit Urbana","Decoro e degrado urbano",4,"SISMONDA/ANGELO (VIA)",,"19/01/2017","12.30"
"Qualit Urbana","Decoro e degrado urbano",1,"GIOLITTI/GIOVANNI (VIA)",,"20/01/2017",
"Qualit Urbana","Decoro e degrado urbano",2,"RENI/GUIDO (VIA)",,"21/01/2017",
"Qualit Urbana","Decoro e degrado urbano",7,"BERGAMO/(VIA)",,"21/01/2017","11.14"
"Qualit Urbana","Decoro e degrado urbano",1,"COLOMBO/CRISTOFORO (GIARDINO)",,"23/01/2017",
"Qualit Urbana","Decoro e degrado urbano",1,"SAVOIA/(PIAZZA)",,"23/01/2017",
"Qualit Urbana","Decoro e degrado urbano",2,"LIMA/(VIA)",,"23/01/2017",
"Qualit Urbana","Decoro e degrado urbano",4,"BRIONE/(VIA)",,"23/01/2017",
"Qualit Urbana","Decoro e degrado urbano",4,"SERVAIS/GIOVANNI (VIA)",,"23/01/2017",
"Qualit Urbana","Decoro e degrado urbano",5,"COSSA/PIETRO (VIA)",,"23/01/2017",
"Qualit Urbana","Decoro e degrado urbano",6,"BORGO TICINO/(VIA)",,"24/01/2017","08.54"
"Qualit Urbana","Decoro e degrado urbano",5,"ROCCAVIONE CONTE DI/(VIA)",,"24/01/2017","10.06"
"Qualit Urbana","Decoro e degrado urbano",7,"PISA/(VIA)",,"25/01/2017",
"Qualit Urbana","Decoro e degrado urbano",9,"GIORDANO/BRUNO (VIA)",,"25/01/2017",
"Qualit Urbana","Decoro e degrado urbano",6,"MAGRA/(STRADA DELLA)",,"25/01/2017","10.54"
"Qualit Urbana","Decoro e degrado urbano",6,"BERTOLLA ALL'ABBADIA DI STURA/(STRADA DA)",,"26/01/2017",
"Qualit Urbana","Decoro e degrado urbano",6,"GIULIO CESARE/(CORSO)",,"27/01/2017",
"Qualit Urbana","Decoro e degrado urbano",9,"GUALA/PIETRO FRANCESCO (VIA)",,"27/01/2017",
"Qualit Urbana","Decoro e degrado urbano",6,"VISTRORIO/(VIA)",,"28/01/2017",
"Qualit Urbana","Decoro e degrado urbano",5,"SOSPELLO/(VIA)","Area Verde","30/01/2017",
"Qualit Urbana","Decoro e degrado urbano",8,"TIZIANO VECELLIO/(VIA)",,"30/01/2017",
"Qualit Urbana","Decoro e degrado urbano",7,"BIELLA/(VIA)",,"30/01/2017","13.32"
"Qualit Urbana","Decoro e degrado urbano",5,"STRADELLA/(VIA)",,"30/01/2017","15.17"
"Qualit Urbana","Decoro e degrado urbano",7,"BELGIO/(CORSO)",,"31/01/2017",
"Qualit Urbana","Decoro e degrado urbano",7,"MACHIAVELLI/NICOLO' (LUNGO PO)",,"31/01/2017",
"Qualit Urbana","Decoro e degrado urbano",6,"CIGNA/FRANCESCO (VIA)","Area Verde","01/02/2017",
"Qualit Urbana","Decoro e degrado urbano",8,"VAL SALICE/(STRADA)",,"01/02/2017","10.40"
"Qualit Urbana","Decoro e degrado urbano",6,"ROSTAGNI/AUGUSTO (PIAZZA)","Area Verde","02/02/2017",
"Qualit Urbana","Decoro e degrado urbano",7,"AGUDIO/TOMMASO (VIA)",,"02/02/2017",
"Qualit Urbana","Decoro e degrado urbano",3,"FROSSASCO/(VIA)",,"03/02/2017",
"Qualit Urbana","Decoro e degrado urbano",9,"GUALA/PIETRO FRANCESCO (VIA)",,"03/02/2017",
"Qualit Urbana","Decoro e degrado urbano",,,,"06/02/2017",
"Qualit Urbana","Decoro e degrado urbano",3,"TRAPANI/(CORSO)",,"06/02/2017","14.26"
"Qualit Urbana","Decoro e degrado urbano",10,"PAVESE/CESARE (VIA)",,"07/02/2017",
"Qualit Urbana","Decoro e degrado urbano",7,"NAPOLI/(LUNGO DORA)",,"08/02/2017","12.36"
"Qualit Urbana","Decoro e degrado urbano",1,"MATTEOTTI/GIACOMO (CORSO)",,"09/02/2017","13.11"
"Qualit Urbana","Decoro e degrado urbano",8,"SOMMEILLER/GERMANO (CORSO)",,"10/02/2017",
"Qualit Urbana","Decoro e degrado urbano",8,"VIOLA/(STRADA DELLA)",,"13/02/2017",
"Qualit Urbana","Decoro e degrado urbano",3,"CARAGLIO/(VIA)",,"14/02/2017",
"Qualit Urbana","Decoro e degrado urbano",3,"GERMONIO/ANASTASIO (VIA)",,"14/02/2017",
"Qualit Urbana","Decoro e degrado urbano",4,"BIANZE'/(VIA)",,"14/02/2017","11.00"
"Qualit Urbana","Decoro e degrado urbano",1,"PRINCIPE ODDONE/(CORSO)",,"15/02/2017",
"Qualit Urbana","Decoro e degrado urbano",7,"EMILIA/(CORSO)",,"15/02/2017",
"Qualit Urbana","Decoro e degrado urbano",3,"BORSELLINO/PAOLO (VIA)/",,"15/02/2017","09.44"
"Qualit Urbana","Decoro e degrado urbano",4,"BELLARDI/LUDOVICO (VIA)",,"16/02/2017",
"Qualit Urbana","Decoro e degrado urbano",7,"BELGIO/(CORSO)",,"16/02/2017",
"Qualit Urbana","Decoro e degrado urbano",4,"NAZZARO/VINCENZO (VIA)",,"17/02/2017",
"Qualit Urbana","Decoro e degrado urbano",4,"RE GIANFRANCESCO (VIA)","Area Verde","17/02/2017",
"Qualit Urbana","Decoro e degrado urbano",7,"ARTISTI/(VIA)",,"17/02/2017",
"Qualit Urbana","Decoro e degrado urbano",7,"AGRIGENTO/(LUNGO DORA)",,"18/02/2017","09.41"
"Qualit Urbana","Decoro e degrado urbano",,,,"20/02/2017",
"Qualit Urbana","Decoro e degrado urbano",9,"BENGASI/(PIAZZA)",,"20/02/2017",
"Qualit Urbana","Decoro e degrado urbano",1,"BUOZZI/BRUNO (VIA)",,"20/02/2017","11.38"
"Qualit Urbana","Decoro e degrado urbano",1,"TORRICELLI EVANGELISTA/(VIA)",,"20/02/2017","10.50"
"Qualit Urbana","Decoro e degrado urbano",10,"PAVESE/CESARE (VIA)",,"21/02/2017",
"Qualit Urbana","Decoro e degrado urbano",1,"COSTANTINO IL GRANDE/(PIAZZALE)",,"22/02/2017",
"Qualit Urbana","Decoro e degrado urbano",6,"FOSSATA/(VIA)",,"22/02/2017",
"Qualit Urbana","Decoro e degrado urbano",7,"S. GIULIA/(PIAZZA)",,"22/02/2017",
"Qualit Urbana","Decoro e degrado urbano",8,"S. MARGHERITA/(STRADA)",,"22/02/2017","09.08"
"Qualit Urbana","Decoro e degrado urbano",1,"CARLO ALBERTO/(VIA)",,"24/02/2017",
"Qualit Urbana","Decoro e degrado urbano",6,"BORGO TICINO/(VIA)",,"25/02/2017",
"Qualit Urbana","Decoro e degrado urbano",4,"FRANCIA/(CORSO)","Area Verde","26/02/2017",
"Qualit Urbana","Decoro e degrado urbano",5,"VITERBO/(VIA)",,"27/02/2017",
"Qualit Urbana","Decoro e degrado urbano",6,"LEONCAVALLO/RUGGERO (VIA)",,"27/02/2017",
"Qualit Urbana","Decoro e degrado urbano",8,"DANTE/(CORSO)","Area Verde","27/02/2017",
"Qualit Urbana","Decoro e degrado urbano",4,"S. DONATO/(VIA)",,"27/02/2017","11.57"
"Qualit Urbana","Decoro e degrado urbano",5,"TRAVES/(VIA)",,"27/02/2017","10.31"
"Qualit Urbana","Decoro e degrado urbano",9,"ARNALDO DA BRESCIA/(VIA)",,"28/02/2017",
"Qualit Urbana","Decoro e degrado urbano",7,"BOLOGNA/(VIA)",,"02/03/2017",
"Qualit Urbana","Decoro e degrado urbano",3,"SAGRA DI S. MICHELE/(VIA)",,"03/03/2017",
"Qualit Urbana","Decoro e degrado urbano",2,"DEL PRETE/CARLO (VIA)",,"05/03/2017",
"Qualit Urbana","Decoro e degrado urbano",2,"ORBASSANO/(CORSO)","Area Verde","05/03/2017",
"Qualit Urbana","Decoro e degrado urbano",7,"NIETZSCHE/FEDERICO (VIA)",,"06/03/2017",
"Qualit Urbana","Decoro e degrado urbano",,,,"08/03/2017",
"Qualit Urbana","Decoro e degrado urbano",1,"CARLO FELICE/(PIAZZA)","Area Verde","08/03/2017",
"Qualit Urbana","Decoro e degrado urbano",6,"BERTOLLA ALL'ABBADIA DI STURA/(STRADA DA)",,"08/03/2017","09.41"
"Qualit Urbana","Decoro e degrado urbano",8,"SALUZZO/(LARGO)",,"08/03/2017","12.19"
"Qualit Urbana","Decoro e degrado urbano",4,"SERVAIS/GIOVANNI (VIA)",,"09/03/2017",
"Qualit Urbana","Decoro e degrado urbano",5,"BERRINO/MICHELE (VIA)",,"09/03/2017",
"Qualit Urbana","Decoro e degrado urbano",1,"VITTORIO EMANUELE II/(CORSO)",,"10/03/2017",
"Qualit Urbana","Decoro e degrado urbano",4,"GAMBA/ENRICO (CORSO)","Area Verde","10/03/2017",
"Qualit Urbana","Decoro e degrado urbano",8,"NIZZA/(VIA)",,"10/03/2017",
"Qualit Urbana","Decoro e degrado urbano",,,"Area Verde","13/03/2017",
"Qualit Urbana","Decoro e degrado urbano",4,"GRAVERE/(VIA)",,"13/03/2017",
"Qualit Urbana","Decoro e degrado urbano",5,"MASSARI/GIUSEPPE (VIA)",,"13/03/2017",
"Qualit Urbana","Decoro e degrado urbano",5,"BORGARO/(LARGO)",,"14/03/2017",
"Qualit Urbana","Decoro e degrado urbano",5,"SEGANTINI/GIOVANNI (VIA)",,"14/03/2017",
"Qualit Urbana","Decoro e degrado urbano",5,"STAMPALIA/(PIAZZA)",,"14/03/2017",
"Qualit Urbana","Decoro e degrado urbano",6,"RONDISSONE/(VIA)",,"14/03/2017",
"Qualit Urbana","Decoro e degrado urbano",6,"SETTIMO/(STRADA DI)",,"14/03/2017",
"Qualit Urbana","Decoro e degrado urbano",9,"GALIMBERTI/TANCREDI (PIAZZA)",,"15/03/2017",
"Qualit Urbana","Decoro e degrado urbano",,,,"16/03/2017",
"Qualit Urbana","Decoro e degrado urbano",3,"ROCCAFORTE/(VIA)",,"16/03/2017",
"Qualit Urbana","Decoro e degrado urbano",7,"CARDINALE ALIMONDA/GAETANO (VIA)","Area Verde","16/03/2017",
"Qualit Urbana","Decoro e degrado urbano",2,"ROSSELLI/CARLO E NELLO (CORSO)",,"17/03/2017",
"Qualit Urbana","Decoro e degrado urbano",3,"S. ANTONINO/(VIA)","Area Verde","17/03/2017",
"Qualit Urbana","Decoro e degrado urbano",8,"CARDINALE MAURIZIO/(VIA)","Area Verde","17/03/2017",
"Qualit Urbana","Decoro e degrado urbano",6,"VERCELLI/(CORSO)",,"17/03/2017","10.24"
"Qualit Urbana","Decoro e degrado urbano",3,"CASALIS/GOFFREDO (VIA)",,"18/03/2017",
"Qualit Urbana","Decoro e degrado urbano",3,"ISSIGLIO/(VIA)",,"18/03/2017",
"Qualit Urbana","Decoro e degrado urbano",1,"DE GASPERI/ALCIDE (CORSO)",,"20/03/2017",
"Qualit Urbana","Decoro e degrado urbano",6,"S. MAURO/(STRADA)",,"20/03/2017",
"Qualit Urbana","Decoro e degrado urbano",9,"CAIO PLINIO/(CORSO)",,"20/03/2017",
"Qualit Urbana","Decoro e degrado urbano",9,"MARONCELLI/PIERO (CORSO)",,"20/03/2017",
"Qualit Urbana","Decoro e degrado urbano",1,"GOVERNOLO/(VIA)",,"21/03/2017",
"Qualit Urbana","Decoro e degrado urbano",4,"UMBRIA/(CORSO)",,"21/03/2017",
"Qualit Urbana","Decoro e degrado urbano",3,"BORSELLINO/PAOLO (VIA)/",,"21/03/2017","13.21"
"Qualit Urbana","Decoro e degrado urbano",4,"MONTANO/MASSIMO (VIA)",,"24/03/2017",
"Qualit Urbana","Decoro e degrado urbano",2,"BAINSIZZA/(VIA)",,"27/03/2017",
"Qualit Urbana","Decoro e degrado urbano",5,"TESSO/(VIA)","Area Verde","27/03/2017",
"Qualit Urbana","Decoro e degrado urbano",6,"S. MAURO/(STRADA)",,"27/03/2017",
"Qualit Urbana","Decoro e degrado urbano",9,"CARDUCCI/GIOSUE' (PIAZZA)",,"27/03/2017",
"Qualit Urbana","Decoro e degrado urbano",9,"SEBASTOPOLI/(CORSO)",,"27/03/2017",
"Qualit Urbana","Decoro e degrado urbano",1,"BODONI/GIAMBATTISTA (PIAZZA)",,"28/03/2017",
"Qualit Urbana","Decoro e degrado urbano",1,"TORRICELLI EVANGELISTA/(VIA)",,"28/03/2017",
"Qualit Urbana","Decoro e degrado urbano",2,"GORIZIA/(VIA)",,"28/03/2017",
"Qualit Urbana","Decoro e degrado urbano",3,"MEDITERRANEO/(CORSO)","Area Verde","28/03/2017",
"Qualit Urbana","Decoro e degrado urbano",4,"REGINA MARGHERITA/(CORSO)",,"28/03/2017",
"Qualit Urbana","Decoro e degrado urbano",7,"MAINERO/(STRADA DEL)",,"28/03/2017",
"Qualit Urbana","Decoro e degrado urbano",7,"PRINCIPE ODDONE/(CORSO)",,"28/03/2017",
"Qualit Urbana","Decoro e degrado urbano",8,"GALLIARI/BERNARDINO (VIA)",,"28/03/2017",
"Qualit Urbana","Decoro e degrado urbano",3,"LIONE/(CORSO)",,"28/03/2017","11.59"
"Qualit Urbana","Decoro e degrado urbano",1,"LAMARMORA/ALFONSO (VIA)",,"29/03/2017","09.04"
"Qualit Urbana","Decoro e degrado urbano",4,"AVELLINO/(VIA)",,"30/03/2017",
"Qualit Urbana","Decoro e degrado urbano",6,"CIMAROSA/DOMENICO (VIA)",,"30/03/2017",
"Qualit Urbana","Decoro e degrado urbano",9,"GUALA/PIETRO FRANCESCO (VIA)",,"30/03/2017","13.51"
"Qualit Urbana","Decoro e degrado urbano",,,"Area Verde","31/03/2017",
"Qualit Urbana","Decoro e degrado urbano",4,"TASSONI/ALESSANDRO (CORSO)",,"31/03/2017",
"Qualit Urbana","Decoro e degrado urbano",5,"SOSPELLO/(VIA)",,"31/03/2017",
"Qualit Urbana","Decoro e degrado urbano",8,"APORTI FERRANTE/(VIA)",,"31/03/2017",
"Qualit Urbana","Decoro e degrado urbano",9,"BIZZOZERO/GIULIO (VIA)",,"31/03/2017",
"Qualit Urbana","Decoro e degrado urbano",4,"MORGHEN/(VIA)",,"31/03/2017","12.05"
"Qualit Urbana","Decoro e degrado urbano",7,"CASALE/(CORSO)",,"01/04/2017","11.07"
"Qualit Urbana","Decoro e degrado urbano",6,"GIULIO CESARE/(CORSO)","Area Verde","03/04/2017",
"Qualit Urbana","Decoro e degrado urbano",7,"FIOCHETTO/GIANFRANCESCO (VIA)",,"03/04/2017",
"Qualit Urbana","Decoro e degrado urbano",,,"Area Verde","04/04/2017",
"Qualit Urbana","Decoro e degrado urbano",1,"BERTOLA/ANTONIO GIUSEPPE (VIA)",,"05/04/2017",
"Qualit Urbana","Decoro e degrado urbano",1,"LAGRANGE/GIUSEPPE LUIGI (PIAZZA)","Area Verde","05/04/2017",
"Qualit Urbana","Decoro e degrado urbano",5,"REISS ROMOLI/GUGLIELMO (VIA)",,"05/04/2017",
"Qualit Urbana","Decoro e degrado urbano",1,"CHISONE/(VIA)",,"06/04/2017",
"Qualit Urbana","Decoro e degrado urbano",4,"RISORGIMENTO/(PIAZZA)",,"06/04/2017",
"Qualit Urbana","Decoro e degrado urbano",5,"SANSOVINO/ANDREA (VIA)",,"06/04/2017",
"Qualit Urbana","Decoro e degrado urbano",4,"MEINA/(VIA)",,"07/04/2017",
"Qualit Urbana","Decoro e degrado urbano",2,"ELBA/(VIA)",,"09/04/2017",
"Qualit Urbana","Decoro e degrado urbano",3,"OSASCO/(VIA)","Area Verde","09/04/2017",
"Qualit Urbana","Decoro e degrado urbano",7,"NOVARA/(CORSO)",,"10/04/2017",
"Qualit Urbana","Decoro e degrado urbano",1,"MASSENA/ANDREA (VIA)",,"11/04/2017",
"Qualit Urbana","Decoro e degrado urbano",6,"CUORGNE'/(STRADA)",,"11/04/2017",
"Qualit Urbana","Decoro e degrado urbano",2,"ORBASSANO/(CORSO)",,"12/04/2017",
"Qualit Urbana","Decoro e degrado urbano",7,"AGUDIO/TOMMASO (VIA)",,"12/04/2017",
"Qualit Urbana","Decoro e degrado urbano",7,"REPUBBLICA/(PIAZZA DELLA)","Area Verde","12/04/2017",
"Qualit Urbana","Decoro e degrado urbano",8,"MENABREA/FEDERICO (VIA)",,"12/04/2017",
"Qualit Urbana","Decoro e degrado urbano",6,"BOLLENGO/(VIA)",,"13/04/2017",
"Qualit Urbana","Decoro e degrado urbano",1,"CARLO ALBERTO/(VIA)",,"14/04/2017",
"Qualit Urbana","Decoro e degrado urbano",7,"SAVONA/(LUNGO DORA)",,"15/04/2017",
"Qualit Urbana","Decoro e degrado urbano",3,"CARRIERA/ROSALBA (VIA)","Area Verde","18/04/2017",
"Qualit Urbana","Decoro e degrado urbano",1,"EMANUELE FILIBERTO/(PIAZZA)",,"19/04/2017",
"Qualit Urbana","Decoro e degrado urbano",2,"S. MARINO/(VIA)",,"21/04/2017",
"Qualit Urbana","Decoro e degrado urbano",4,"BELLI/PIETRINO (VIA)",,"21/04/2017",
"Qualit Urbana","Decoro e degrado urbano",6,"PONT/(VIA)",,"21/04/2017",
"Qualit Urbana","Decoro e degrado urbano",8,"BRAMANTE/(CORSO)",,"22/04/2017",
"Qualit Urbana","Decoro e degrado urbano",3,"S. AMBROGIO/(VIA)",,"24/04/2017","11.31"
"Qualit Urbana","Decoro e degrado urbano",4,"PACCHIOTTI/GIACINTO (VIA)",,"25/04/2017",
"Qualit Urbana","Decoro e degrado urbano",4,"LIVORNO/(VIA)",,"26/04/2017",
"Qualit Urbana","Decoro e degrado urbano",1,"MILANO/(VIA)",,"26/04/2017","13.09"
"Qualit Urbana","Decoro e degrado urbano",5,"MONTALE/EUGENIO (PIAZZA)",,"27/04/2017",
"Qualit Urbana","Decoro e degrado urbano",4,"FRANCIA/(CORSO)",,"27/04/2017","13.56"
"Qualit Urbana","Decoro e degrado urbano",4,"FRANCIA/(CORSO)",,"01/05/2017",
"Qualit Urbana","Decoro e degrado urbano",4,"UMBRIA/(CORSO)","Area Verde","02/05/2017",
"Qualit Urbana","Decoro e degrado urbano",7,"MEISINO/(STRADA DEL)",,"02/05/2017",
"Qualit Urbana","Decoro e degrado urbano",5,"CIAMARELLA/(VIA)",,"03/05/2017",
"Qualit Urbana","Decoro e degrado urbano",2,"ACCIARINI/FILIPPO (VIA)",,"04/05/2017",
"Qualit Urbana","Decoro e degrado urbano",4,"BALBIS/GIAMBATTISTA (VIA)",,"04/05/2017",
"Qualit Urbana","Decoro e degrado urbano",6,"DONATORE DI SANGUE/(PIAZZA DEL)",,"04/05/2017",
"Qualit Urbana","Decoro e degrado urbano",6,"NOVARA/(CORSO)",,"04/05/2017",
"Qualit Urbana","Decoro e degrado urbano",3,"FRANCIA/(CORSO)",,"05/05/2017",
"Qualit Urbana","Decoro e degrado urbano",1,"GIOVANNI DA VERAZZANO/(VIA)",,"07/05/2017",
"Qualit Urbana","Decoro e degrado urbano",6,"LAZIO/(LUNGO STURA)",,"07/05/2017",
"Qualit Urbana","Decoro e degrado urbano",7,"BEATO CAFASSO/GIUSEPPE (VIA)",,"07/05/2017",
"Qualit Urbana","Decoro e degrado urbano",1,"GIULIO/CARLO IGNAZIO (VIA)","Area Verde","08/05/2017",
"Qualit Urbana","Decoro e degrado urbano",1,"RE UMBERTO/(LARGO)","Area Verde","08/05/2017",
"Qualit Urbana","Decoro e degrado urbano",2,"GAIDANO/PAOLO (VIA)",,"08/05/2017",
"Qualit Urbana","Decoro e degrado urbano",4,"COLLEASCA/(VIA)",,"08/05/2017",
"Qualit Urbana","Decoro e degrado urbano",7,"BAVA/EUSEBIO (VIA)",,"08/05/2017",
"Qualit Urbana","Decoro e degrado urbano",8,"BARETTI/GIUSEPPE (VIA)",,"08/05/2017",
"Qualit Urbana","Decoro e degrado urbano",,,"Area Verde","09/05/2017",
"Qualit Urbana","Decoro e degrado urbano",7,"SASSARI/(VIA)","Area Verde","09/05/2017",
"Qualit Urbana","Decoro e degrado urbano",1,"BONAFOUS/ALFONSO (VIA)",,"09/05/2017","12.58"
"Qualit Urbana","Decoro e degrado urbano",7,"LODI/(VIA)",,"09/05/2017","15.05"
"Qualit Urbana","Decoro e degrado urbano",2,"ORBASSANO/(CORSO)",,"10/05/2017",
"Qualit Urbana","Decoro e degrado urbano",7,"VERONA/(CORSO)",,"10/05/2017",
"Qualit Urbana","Decoro e degrado urbano",2,"GAIDANO/PAOLO (VIA)",,"11/05/2017",
"Qualit Urbana","Decoro e degrado urbano",7,"LAVAZZA/LUIGI (VIA)",,"11/05/2017",
"Qualit Urbana","Decoro e degrado urbano",1,"COLOMBO/CRISTOFORO (VIA)",,"12/05/2017",
"Qualit Urbana","Decoro e degrado urbano",1,"EINAUDI/LUIGI (CORSO)",,"12/05/2017",
"Qualit Urbana","Decoro e degrado urbano",3,"TOFANE/(VIA)",,"15/05/2017",
"Qualit Urbana","Decoro e degrado urbano",6,"CUORGNE'/(STRADA)",,"15/05/2017",
"Qualit Urbana","Decoro e degrado urbano",7,"COCCONATO/(VIA)",,"15/05/2017",
"Qualit Urbana","Decoro e degrado urbano",9,"BERRUTI E FERRERO/(VIA)",,"15/05/2017",
"Qualit Urbana","Decoro e degrado urbano",4,"DIGIONE/(VIA)",,"16/05/2017",
"Qualit Urbana","Decoro e degrado urbano",5,"VEROLENGO/(VIA)",,"16/05/2017",
"Qualit Urbana","Decoro e degrado urbano",1,"GIULIO/CARLO IGNAZIO (VIA)","Area Verde","18/05/2017",
"Qualit Urbana","Decoro e degrado urbano",1,"GUARINI/GUARINO (VIA)",,"18/05/2017",
"Qualit Urbana","Decoro e degrado urbano",3,"DI NANNI/DANTE (VIA)",,"18/05/2017",
"Qualit Urbana","Decoro e degrado urbano",3,"FATTORI/GIOVANNI (VIA)",,"18/05/2017",
"Qualit Urbana","Decoro e degrado urbano",4,"ASINARI DI BERNEZZO/VITTORIO (VIA)",,"18/05/2017",
"Qualit Urbana","Decoro e degrado urbano",9,"GENOVA/(VIA)",,"18/05/2017","13.57"
"Qualit Urbana","Decoro e degrado urbano",6,"BOLOGNA/(VIA)",,"19/05/2017",
"Qualit Urbana","Decoro e degrado urbano",3,"BRISSOGNE/(VIA)",,"22/05/2017",
"Qualit Urbana","Decoro e degrado urbano",4,"SAVIGLIANO/(VIA)",,"22/05/2017",
"Qualit Urbana","Decoro e degrado urbano",5,"COPPINO/MICHELE (VIA)",,"22/05/2017",
"Qualit Urbana","Decoro e degrado urbano",9,"PETTINATI/LUIGI (VIA)",,"22/05/2017","11.58"
"Qualit Urbana","Decoro e degrado urbano",3,"PALMIERI/PIETRO (VIA)",,"23/05/2017",
"Qualit Urbana","Decoro e degrado urbano",6,"CHERUBINI/LUIGI SALVATORE (VIA)","Area Verde","23/05/2017",
"Qualit Urbana","Decoro e degrado urbano",6,"SCOTELLARO/ROCCO (VIA)",,"23/05/2017","15.15"
"Qualit Urbana","Decoro e degrado urbano",3,"LANCIA/VINCENZO (LARGO)",,"24/05/2017",
"Qualit Urbana","Decoro e degrado urbano",3,"PALMIERI/PIETRO (VIA)",,"24/05/2017",
"Qualit Urbana","Decoro e degrado urbano",6,"GIULIO CESARE/(CORSO)",,"24/05/2017",
"Qualit Urbana","Decoro e degrado urbano",7,"VERONA/(CORSO)",,"24/05/2017",
"Qualit Urbana","Decoro e degrado urbano",8,"CASALE/(CORSO)",,"24/05/2017",
"Qualit Urbana","Decoro e degrado urbano",8,"MURATORI/LODOVICO ANTONIO (VIA)","Area Verde","24/05/2017",
"Qualit Urbana","Decoro e degrado urbano",7,"DAMIANO/LUIGI (VIA)",,"24/05/2017","10.43"
"Qualit Urbana","Decoro e degrado urbano",3,"FENOGLIO GIUSEPPE (BEPPE) (VIA)",,"24/05/2017","11.12"
"Qualit Urbana","Decoro e degrado urbano",1,"DUCA D'AOSTA/(CORSO)",,"25/05/2017",
"Qualit Urbana","Decoro e degrado urbano",4,"LECCE/(CORSO)",,"25/05/2017",
"Qualit Urbana","Decoro e degrado urbano",6,"TOSCANINI/ARTURO (VIA)",,"25/05/2017",
"Qualit Urbana","Decoro e degrado urbano",6,"SCARLATTI/ALESSANDRO (VIA)",,"26/05/2017",
"Qualit Urbana","Decoro e degrado urbano",6,"SCARLATTI/ALESSANDRO (VIA)",,"26/05/2017",
"Qualit Urbana","Decoro e degrado urbano",1,"MASSENA/ANDREA (VIA)",,"27/05/2017",
"Qualit Urbana","Decoro e degrado urbano",3,"OSASCO/(VIA)","Area Verde","28/05/2017",
"Qualit Urbana","Decoro e degrado urbano",2,"MONESIGLIO/(VIA)",,"29/05/2017",
"Qualit Urbana","Decoro e degrado urbano",5,"DRUSACCO/(VIA)",,"29/05/2017",
"Qualit Urbana","Decoro e degrado urbano",7,"BRA/(VIA)",,"29/05/2017",
"Qualit Urbana","Decoro e degrado urbano",8,"CEPPI/CARLO (VIALE)",,"30/05/2017",
"Qualit Urbana","Decoro e degrado urbano",3,"VITTORIO EMANUELE II/(CORSO)",,"31/05/2017",
"Qualit Urbana","Decoro e degrado urbano",7,"BOCCACCIO/GIOVANNI (VIA)",,"31/05/2017",
"Qualit Urbana","Decoro e degrado urbano",8,"D'AZEGLIO/MASSIMO (CORSO)",,"31/05/2017",
"Qualit Urbana","Decoro e degrado urbano",2,"FILADELFIA/(VIA)",,"01/06/2017",
"Qualit Urbana","Decoro e degrado urbano",7,"LESSOLO/(VIA)",,"01/06/2017",
"Qualit Urbana","Decoro e degrado urbano",6,"CARO ANNIBAL/(VIA) (LEGGI ANNIBAL CARO)",,"02/06/2017","11.18"
"Qualit Urbana","Decoro e degrado urbano",1,"OZANAM/FEDERICO (VIA)",,"05/06/2017",
"Qualit Urbana","Decoro e degrado urbano",1,"SACCHI/PAOLO (VIA)",,"05/06/2017",
"Qualit Urbana","Decoro e degrado urbano",3,"ISSIGLIO/(VIA)",,"05/06/2017","13.10"
"Qualit Urbana","Decoro e degrado urbano",7,"CIRIO/FRANCESCO (VIA)",,"06/06/2017",
"Qualit Urbana","Decoro e degrado urbano",7,"COMO/(VIA)","Area Verde","06/06/2017",
"Qualit Urbana","Decoro e degrado urbano",5,"SOSPELLO/(VIA)",,"07/06/2017",
"Qualit Urbana","Decoro e degrado urbano",6,"CASCINOTTO/(STRADA DEL)",,"07/06/2017",
"Qualit Urbana","Decoro e degrado urbano",5,"CARDINALE MASSAIA/GUGLIELMO (VIA)",,"08/06/2017",
"Qualit Urbana","Decoro e degrado urbano",8,"BELFIORE/(VIA)",,"08/06/2017",
"Qualit Urbana","Decoro e degrado urbano",7,"AOSTA/(VIA)",,"09/06/2017",
"Qualit Urbana","Decoro e degrado urbano",8,"SOMMEILLER/GERMANO (CORSO)",,"09/06/2017",
"Qualit Urbana","Decoro e degrado urbano",9,"CAIO PLINIO/(CORSO)",,"09/06/2017",
"Qualit Urbana","Decoro e degrado urbano",3,"CARAGLIO/(VIA)",,"11/06/2017","11.51"
"Qualit Urbana","Decoro e degrado urbano",4,"GRAVERE/(VIA)",,"12/06/2017",
"Qualit Urbana","Decoro e degrado urbano",5,"SANSOVINO/ANDREA (VIA)",,"12/06/2017",
"Qualit Urbana","Decoro e degrado urbano",4,"SERVAIS/GIOVANNI (VIA)",,"12/06/2017","11.55"
"Qualit Urbana","Decoro e degrado urbano",3,"BRUNELLESCHI/FILIPPO (CORSO)",,"13/06/2017",
"Qualit Urbana","Decoro e degrado urbano",3,"BENA/BATTISTA (VIA)",,"13/06/2017","09.38"
"Qualit Urbana","Decoro e degrado urbano",7,"S. GIULIA/(PIAZZA)",,"14/06/2017",
"Qualit Urbana","Decoro e degrado urbano",6,"VERCELLI/(CORSO)",,"16/06/2017",
"Qualit Urbana","Decoro e degrado urbano",7,"OSLAVIA/(VIA)",,"16/06/2017","09.04"
"Qualit Urbana","Decoro e degrado urbano",5,"ALA DI STURA/(VIA)",,"19/06/2017",
"Qualit Urbana","Decoro e degrado urbano",5,"STAMPALIA/(PIAZZA)",,"19/06/2017","10.34"
"Qualit Urbana","Decoro e degrado urbano",6,"VERONESE/PAOLO (VIA)",,"19/06/2017","11.11"
"Qualit Urbana","Decoro e degrado urbano",2,"GAIDANO/PAOLO (VIA)",,"21/06/2017",
"Qualit Urbana","Decoro e degrado urbano",4,"PIANEZZA/(VIA)",,"21/06/2017",
"Qualit Urbana","Decoro e degrado urbano",,,"Area Verde","22/06/2017",
"Qualit Urbana","Decoro e degrado urbano",3,"LIMONE/(VIA)",,"22/06/2017",
"Qualit Urbana","Decoro e degrado urbano",5,"COPPINO/MICHELE (VIA)",,"22/06/2017",
"Qualit Urbana","Decoro e degrado urbano",6,"TARANTO/(CORSO)",,"22/06/2017",
"Qualit Urbana","Decoro e degrado urbano",2,"QUATTRO NOVEMBRE/(CORSO)",,"23/06/2017",
"Qualit Urbana","Decoro e degrado urbano",7,"MICHELOTTI/SUOR GIOVANNA FRANCESCA (VIALE)",,"23/06/2017",
"Qualit Urbana","Decoro e degrado urbano",7,"UNDICI FEBBRAIO/(CORSO)",,"23/06/2017",
"Qualit Urbana","Decoro e degrado urbano",2,"S. MARINO/(VIA)",,"24/06/2017",
"Qualit Urbana","Decoro e degrado urbano",4,"RISORGIMENTO/(PIAZZA)",,"25/06/2017",
"Qualit Urbana","Decoro e degrado urbano",1,"MICCA/PIETRO (VIA)",,"26/06/2017",
"Qualit Urbana","Decoro e degrado urbano",3,"MONTE CUCCO/(CORSO)",,"26/06/2017",
"Qualit Urbana","Decoro e degrado urbano",5,"BADINI CONFALONIERI/ALFONSO (VIA)",,"26/06/2017",
"Qualit Urbana","Decoro e degrado urbano",7,"CAVALCANTI/GUIDO (VIA)",,"26/06/2017",
"Qualit Urbana","Decoro e degrado urbano",6,"GIULIO CESARE/(CORSO)",,"27/06/2017",
"Qualit Urbana","Decoro e degrado urbano",4,"SALBERTRAND/(VIA)",,"28/06/2017",
"Qualit Urbana","Decoro e degrado urbano",5,"LISA/GINO (VIA)",,"28/06/2017",
"Qualit Urbana","Decoro e degrado urbano",2,"BRICCARELLO/FELICE (VIA)",,"29/06/2017",
"Qualit Urbana","Decoro e degrado urbano",2,"TRIPOLI/(VIA)",,"29/06/2017",
"Qualit Urbana","Decoro e degrado urbano",4,"GAMBA/ENRICO (CORSO)",,"30/06/2017",
"Qualit Urbana","Decoro e degrado urbano",5,"ALTESSANO/(STRADA DI)","Area Verde","30/06/2017",
"Qualit Urbana","Veicoli abbandonati",3,"VILLA GIUSTI/(VIA)",,"18/01/2017","13.41"
"Qualit Urbana","Veicoli abbandonati",4,"FABRIZI/NICOLA (VIA)",,"03/03/2017",
"Qualit Urbana","Veicoli abbandonati",9,"FILADELFIA/(VIA)",,"29/04/2017",
"Qualit Urbana","Veicoli abbandonati",5,"TESSO/(VIA)",,"24/06/2017",
