Categoria criminologa,Sottocategoria Criminologica,Circoscrizione,Localita,Area Verde,Data,Ora
Allarme Sociale,Altro,5,PIANEZZA/(VIA),,07/07/2017,
Allarme Sociale,Altro,4,FRANCIA/(CORSO),,11/07/2017,
Allarme Sociale,Altro,5,VILLAR/(VIA),,12/07/2017,
Allarme Sociale,Altro,1,GARIBALDI/GIUSEPPE (VIA),,15/07/2017,
Allarme Sociale,Altro,3,MONTE CUCCO/(CORSO),,17/07/2017,12.33
Allarme Sociale,Altro,2,BOSTON/(VIA),,18/07/2017,12.16
Allarme Sociale,Altro,1,GIOBERTI/VINCENZO (VIA),,07/09/2017,09.08
Allarme Sociale,Altro,5,FERMI/ENRICO (VIA),,12/09/2017,
Allarme Sociale,Altro,7,BRESCIA/(CORSO),,12/09/2017,
Allarme Sociale,Altro,7,AGUDIO/TOMMASO (VIA),,20/09/2017,
Allarme Sociale,Altro,1,CITTADELLA/(VIA DELLA),,26/09/2017,
Allarme Sociale,Altro,6,GERMAGNANO/(VIA),,27/10/2017,13.18
Allarme Sociale,Altro,6,CRUTO/ALESSANDRO (VIA),Area Verde,16/11/2017,11.24
Allarme Sociale,Altro,1,CASSINI/GIAN DOMENICO (VIA),,05/12/2017,
Allarme Sociale,Altro,6,DONATORE DI SANGUE/(PIAZZA DEL),,18/12/2017,
Convivenza Civile,Aggregazioni giovanili,7,OROPA/(VIA),,11/07/2017,11.01
Convivenza Civile,Aggregazioni giovanili,9,TRAIANO/(CORSO),,19/07/2017,
Convivenza Civile,Aggregazioni giovanili,3,CARRIERA/ROSALBA (VIA),Area Verde,26/07/2017,12.36
Convivenza Civile,Aggregazioni giovanili,5,ALTESSANO/(STRADA DI),,05/10/2017,13.41
Convivenza Civile,Aggregazioni giovanili,4,COSTAGUTA/ANDREA (VIA),,18/10/2017,
Convivenza Civile,Altro,7,LA SALLE/S. GIOVANNI BATTISTA (VIA),,01/07/2017,
Convivenza Civile,Altro,9,ROSARIO SANTA FE'/(VIA),,01/07/2017,
Convivenza Civile,Altro,1,STATUTO/(PIAZZA),,04/07/2017,
Convivenza Civile,Altro,7,MAMELI/GOFFREDO (VIA),,04/07/2017,
Convivenza Civile,Altro,8,ASTI/(VIA),,04/07/2017,
Convivenza Civile,Altro,,,,05/07/2017,
Convivenza Civile,Altro,6,PORPORA/NICOLA (VIA),,05/07/2017,
Convivenza Civile,Altro,,,,06/07/2017,
Convivenza Civile,Altro,1,MAGENTA/(VIA),,06/07/2017,
Convivenza Civile,Altro,2,ORBASSANO/(CORSO),,06/07/2017,
Convivenza Civile,Altro,5,FOLIGNO/(VIA),,06/07/2017,
Convivenza Civile,Altro,5,VEROLENGO/(VIA),,06/07/2017,
Convivenza Civile,Altro,2,COSENZA/(CORSO),Area Verde,07/07/2017,
Convivenza Civile,Altro,3,MONTE ALBERGIAN/(VIA),,07/07/2017,
Convivenza Civile,Altro,6,CUORGNE'/(STRADA),,07/07/2017,
Convivenza Civile,Altro,7,BELGIO/(CORSO),,07/07/2017,
Convivenza Civile,Altro,8,BARETTI/GIUSEPPE (VIA),,07/07/2017,
Convivenza Civile,Altro,1,MASSENA/ANDREA (VIA),,08/07/2017,
Convivenza Civile,Altro,4,MEDAIL/(VIA),,10/07/2017,
Convivenza Civile,Altro,5,VIBO'/(VIA),,10/07/2017,
Convivenza Civile,Altro,8,FOSCOLO/UGO (VIA),,10/07/2017,
Convivenza Civile,Altro,8,VILLA DELLA REGINA/(VIA),,10/07/2017,
Convivenza Civile,Altro,9,ARDIGO'/ROBERTO (VIA),,10/07/2017,
Convivenza Civile,Altro,1,BLIGNY/(VIA),,11/07/2017,
Convivenza Civile,Altro,8,PRINCIPE TOMMASO/(VIA),,11/07/2017,
Convivenza Civile,Altro,,,,11/07/2017,13.03
Convivenza Civile,Altro,2,GAIDANO/PAOLO (VIA),Area Verde,12/07/2017,
Convivenza Civile,Altro,4,MEDICI/GIACOMO (VIA),,12/07/2017,
Convivenza Civile,Altro,1,CARLO EMANUELE II/(PIAZZA),,12/07/2017,10.26
Convivenza Civile,Altro,1,GIOBERTI/VINCENZO (VIA),,13/07/2017,
Convivenza Civile,Altro,5,MASSARI/GIUSEPPE (VIA),,13/07/2017,
Convivenza Civile,Altro,5,MONTALE/EUGENIO (PIAZZA),,13/07/2017,
Convivenza Civile,Altro,1,MARCO POLO/(VIA),,14/07/2017,
Convivenza Civile,Altro,6,GOTTARDO/(VIA),,14/07/2017,
Convivenza Civile,Altro,7,NAPOLI/(LUNGO DORA),,14/07/2017,
Convivenza Civile,Altro,7,PESARO/(VIA),,14/07/2017,
Convivenza Civile,Altro,10,CHIALA/LUIGI (VIA),,14/07/2017,
Convivenza Civile,Altro,6,ROSSI/ERNESTO (VIA),,16/07/2017,
Convivenza Civile,Altro,7,PALLAVICINO/GIORGIO (VIA),,17/07/2017,
Convivenza Civile,Altro,7,DAMIANO/LUIGI (VIA),,17/07/2017,11.25
Convivenza Civile,Altro,1,S. FRANCESCO DA PAOLA/(VIA),,18/07/2017,
Convivenza Civile,Altro,9,MARONCELLI/PIERO (CORSO),,18/07/2017,
Convivenza Civile,Altro,1,DICIOTTO DICEMBRE/(PIAZZA),,19/07/2017,
Convivenza Civile,Altro,5,BORGARO/(VIA),,19/07/2017,
Convivenza Civile,Altro,8,MONCALIERI/(CORSO),,19/07/2017,
Convivenza Civile,Altro,7,BIELLA/(VIA),,19/07/2017,08.48
Convivenza Civile,Altro,8,CEPPI/CARLO (VIALE),Area Verde,21/07/2017,
Convivenza Civile,Altro,9,VARAITA/(VIA),,21/07/2017,
Convivenza Civile,Altro,1,TURATI/FILIPPO (CORSO),,24/07/2017,
Convivenza Civile,Altro,7,VERCELLI/(CORSO),,24/07/2017,
Convivenza Civile,Altro,1,GARIBALDI/GIUSEPPE (VIA),,25/07/2017,
Convivenza Civile,Altro,3,CAVALLI/GIOVANNI CARLO (VIA),,25/07/2017,
Convivenza Civile,Altro,4,ROCCIAMELONE/(VIA),,25/07/2017,
Convivenza Civile,Altro,6,BERTOLLA/(STRADA),,25/07/2017,
Convivenza Civile,Altro,7,CASALE/(CORSO),,25/07/2017,
Convivenza Civile,Altro,4,COSSA/PIETRO (VIA),,26/07/2017,
Convivenza Civile,Altro,5,FORLI'/(VIA),,26/07/2017,
Convivenza Civile,Altro,1,MONTEBELLO/(VIA),,26/07/2017,10.22
Convivenza Civile,Altro,3,MONGINEVRO/(VIA),,27/07/2017,
Convivenza Civile,Altro,6,CRAVERO/GIOVANNI (VIA),,27/07/2017,
Convivenza Civile,Altro,1,BAVA/EUSEBIO (VIA),,28/07/2017,
Convivenza Civile,Altro,1,EMANUELE FILIBERTO/(PIAZZA),,28/07/2017,
Convivenza Civile,Altro,4,PACCHIOTTI/GIACINTO (VIA),,30/07/2017,
Convivenza Civile,Altro,5,BOCCARDO/GIOVANNI MICHELE (VIA),,31/07/2017,
Convivenza Civile,Altro,2,MONTANARI/CARLO (PIAZZA),,02/08/2017,
Convivenza Civile,Altro,3,MARTINIANA/(VIA),,02/08/2017,
Convivenza Civile,Altro,4,GHEMME/(VIA),,02/08/2017,
Convivenza Civile,Altro,6,VERCELLI/(CORSO),,02/08/2017,
Convivenza Civile,Altro,2,ORBASSANO/(CORSO),,03/08/2017,
Convivenza Civile,Altro,8,MADAMA CRISTINA/(PIAZZA),,03/08/2017,
Convivenza Civile,Altro,3,CHALLANT/(VIA),,04/08/2017,
Convivenza Civile,Altro,8,MONTE DEI CAPPUCCINI/(PIAZZALE),,04/08/2017,
Convivenza Civile,Altro,9,ELLERO/(VIA),,07/08/2017,
Convivenza Civile,Altro,6,VERCELLI/(CORSO),,08/08/2017,
Convivenza Civile,Altro,9,BIGLIERI/GIULIO (VIA),,08/08/2017,16.34
Convivenza Civile,Altro,5,BREGLIO/(VIA),,10/08/2017,
Convivenza Civile,Altro,1,S. DOMENICO/(VIA),,11/08/2017,
Convivenza Civile,Altro,5,FERRARA/(CORSO),,14/08/2017,
Convivenza Civile,Altro,1,DE GASPERI/ALCIDE (CORSO),,16/08/2017,
Convivenza Civile,Altro,1,S. TOMMASO/(VIA),,16/08/2017,
Convivenza Civile,Altro,6,FRANCESE/(STRADA DEL),,16/08/2017,
Convivenza Civile,Altro,7,CASALE/(CORSO),,16/08/2017,08.24
Convivenza Civile,Altro,6,DERNA/(PIAZZA),,17/08/2017,
Convivenza Civile,Altro,8,SALUZZO/(VIA),,17/08/2017,
Convivenza Civile,Altro,3,VITTORIO EMANUELE II/(CORSO),,18/08/2017,14.56
Convivenza Civile,Altro,2,BAINSIZZA/(VIA),,21/08/2017,
Convivenza Civile,Altro,7,FONTANESI/ANTONIO (VIA),,21/08/2017,
Convivenza Civile,Altro,5,BORGARO/(VIA),,23/08/2017,
Convivenza Civile,Altro,1,GARIBALDI/GIUSEPPE (VIA),,25/08/2017,
Convivenza Civile,Altro,4,CIBRARIO/LUIGI (VIA),,28/08/2017,
Convivenza Civile,Altro,5,FERMI/ENRICO (VIA),,28/08/2017,
Convivenza Civile,Altro,4,TASSONI/ALESSANDRO (CORSO),,30/08/2017,
Convivenza Civile,Altro,5,BRAVIN/GIUSEPPE (VIA),,30/08/2017,12.25
Convivenza Civile,Altro,1,MARCO POLO/(VIA),,05/09/2017,
Convivenza Civile,Altro,4,SOBRERO/ASCANIO (VIA),,05/09/2017,
Convivenza Civile,Altro,7,VERCELLI/(CORSO),,05/09/2017,
Convivenza Civile,Altro,1,EGIDI/PIETRO (VIA),,07/09/2017,
Convivenza Civile,Altro,3,CENISCHIA/(VIA),,07/09/2017,
Convivenza Civile,Altro,9,MAESTRI DEL LAVORO/(VIALE),,07/09/2017,
Convivenza Civile,Altro,4,MEDICI/GIACOMO (VIA),Area Verde,08/09/2017,
Convivenza Civile,Altro,7,GABETTI/GIUSEPPE (CORSO),,08/09/2017,
Convivenza Civile,Altro,3,LANCIA/VINCENZO (VIA),,10/09/2017,
Convivenza Civile,Altro,9,CORSICA/(CORSO),,10/09/2017,
Convivenza Civile,Altro,9,SEBASTOPOLI/(CORSO),,11/09/2017,
Convivenza Civile,Altro,8,DONIZETTI/GAETANO (VIA),,11/09/2017,15.06
Convivenza Civile,Altro,1,MARIA VITTORIA/(VIA),,12/09/2017,
Convivenza Civile,Altro,5,REYCEND/ENRICO (VIA),,12/09/2017,
Convivenza Civile,Altro,8,PARROCCHIA/(VIA ALLA),,12/09/2017,
Convivenza Civile,Altro,1,CARLO ALBERTO/(VIA),,13/09/2017,
Convivenza Civile,Altro,6,SANTHIA'/(VIA),,13/09/2017,
Convivenza Civile,Altro,7,BIELLA/(VIA),,13/09/2017,
Convivenza Civile,Altro,1,CONFIENZA/(VIA),,14/09/2017,
Convivenza Civile,Altro,8,CASALE/(CORSO),,15/09/2017,
Convivenza Civile,Altro,4,MEDICI/GIACOMO (VIA),,18/09/2017,
Convivenza Civile,Altro,6,MONTE ROSA/(VIA),,18/09/2017,
Convivenza Civile,Altro,6,NOVARA/(CORSO),,18/09/2017,
Convivenza Civile,Altro,6,TARANTO/(CORSO),,18/09/2017,
Convivenza Civile,Altro,9,CARDUCCI/GIOSUE' (PIAZZA),,18/09/2017,
Convivenza Civile,Altro,1,FORLANINI/CARLO (VIA),,19/09/2017,
Convivenza Civile,Altro,5,CHIESA DELLA SALUTE/(VIA),,19/09/2017,
Convivenza Civile,Altro,6,VALPRATO/(VIA),,19/09/2017,
Convivenza Civile,Altro,7,BRESCIA/(CORSO),,19/09/2017,
Convivenza Civile,Altro,7,PALLANZA/(VIA),,19/09/2017,09.44
Convivenza Civile,Altro,4,SVIZZERA/(CORSO),,20/09/2017,
Convivenza Civile,Altro,10,VIGLIANI/ONORATO (VIA),,20/09/2017,
Convivenza Civile,Altro,4,MONTE GRAPPA/(CORSO),,22/09/2017,
Convivenza Civile,Altro,1,REGINA MARGHERITA/(CORSO),,23/09/2017,
Convivenza Civile,Altro,4,FABRIZI/NICOLA (VIA),,23/09/2017,
Convivenza Civile,Altro,1,MATTEOTTI/GIACOMO (CORSO),,25/09/2017,
Convivenza Civile,Altro,1,S. MASSIMO/(VIA),,25/09/2017,
Convivenza Civile,Altro,4,SOBRERO/ASCANIO (VIA),,25/09/2017,
Convivenza Civile,Altro,7,LANINO/BERNARDINO (VIA),,25/09/2017,
Convivenza Civile,Altro,8,MORGARI/ODDINO (VIA),,25/09/2017,
Convivenza Civile,Altro,8,S. VITO REVIGLIASCO/(STRADA),Area Verde,25/09/2017,
Convivenza Civile,Altro,1,GIULIO/CARLO IGNAZIO (VIA),Area Verde,26/09/2017,
Convivenza Civile,Altro,3,DUCHESSA JOLANDA/(VIA),,26/09/2017,
Convivenza Civile,Altro,3,BIONAZ/(VIA),,27/09/2017,
Convivenza Civile,Altro,8,PRINCIPE TOMMASO/(VIA),,27/09/2017,
Convivenza Civile,Altro,2,SIRACUSA/(CORSO),,28/09/2017,
Convivenza Civile,Altro,9,GALLUPPI/PASQUALE (VIA),,28/09/2017,
Convivenza Civile,Altro,1,GARIBALDI/GIUSEPPE (VIA),,28/09/2017,14.14
Convivenza Civile,Altro,1,GARIBALDI/GIUSEPPE (VIA),,30/09/2017,
Convivenza Civile,Altro,6,CENTALLO/(VIA),,30/09/2017,
Convivenza Civile,Altro,6,DONATORE DI SANGUE/(PIAZZA DEL),,02/10/2017,
Convivenza Civile,Altro,5,POTENZA/(CORSO),,03/10/2017,
Convivenza Civile,Altro,6,LAZIO/(LUNGO STURA),,03/10/2017,
Convivenza Civile,Altro,6,VERCELLI/(CORSO),,03/10/2017,
Convivenza Civile,Altro,8,CELLINI/BENVENUTO (VIA),,03/10/2017,
Convivenza Civile,Altro,8,D'AZEGLIO/MASSIMO (CORSO),,03/10/2017,
Convivenza Civile,Altro,8,ROMANI/FELICE (VIA),,03/10/2017,
Convivenza Civile,Altro,3,CENISCHIA/(VIA),,04/10/2017,
Convivenza Civile,Altro,9,MONTEVIDEO/(VIA),,04/10/2017,
Convivenza Civile,Altro,9,UNIONE SOVIETICA/(CORSO),,04/10/2017,
Convivenza Civile,Altro,1,MATTEOTTI/GIACOMO (CORSO),,05/10/2017,
Convivenza Civile,Altro,2,BARLETTA/(VIA),,05/10/2017,
Convivenza Civile,Altro,5,GROSSETO/(CORSO),,05/10/2017,
Convivenza Civile,Altro,7,CASALE/(CORSO),,05/10/2017,
Convivenza Civile,Altro,1,RE UMBERTO/(CORSO),,06/10/2017,
Convivenza Civile,Altro,2,MONTANARI/CARLO (PIAZZA),,06/10/2017,
Convivenza Civile,Altro,3,GARIZIO/EUSEBIO (VIA),,06/10/2017,
Convivenza Civile,Altro,4,RE GIANFRANCESCO (VIA),,06/10/2017,
Convivenza Civile,Altro,6,VERCELLI/(CORSO),,06/10/2017,
Convivenza Civile,Altro,7,CHIERI/(CORSO),,06/10/2017,
Convivenza Civile,Altro,7,CASALE/(CORSO),,08/10/2017,10.55
Convivenza Civile,Altro,3,CHAMBERY/(VIA),,09/10/2017,
Convivenza Civile,Altro,3,MONTE CUCCO/(CORSO),,09/10/2017,
Convivenza Civile,Altro,5,LUCENTO/(VIA),,09/10/2017,
Convivenza Civile,Altro,6,SETTIMO/(STRADA DI),,09/10/2017,
Convivenza Civile,Altro,7,BRESCIA/(CORSO),,09/10/2017,
Convivenza Civile,Altro,7,BRESCIA/(CORSO),,09/10/2017,
Convivenza Civile,Altro,8,MONCALIERI/(CORSO),,09/10/2017,
Convivenza Civile,Altro,3,VASSALLI-EANDI/ABATE ANTONIO (VIA),,10/10/2017,
Convivenza Civile,Altro,3,RACCONIGI/(CORSO),,11/10/2017,
Convivenza Civile,Altro,5,LANZO/(STRADA),,11/10/2017,
Convivenza Civile,Altro,7,NAPIONE/GIOVANNI FRANCESCO (VIA),,11/10/2017,
Convivenza Civile,Altro,9,CROCE/BENEDETTO (CORSO),,11/10/2017,
Convivenza Civile,Altro,6,SANTHIA'/(VIA),,12/10/2017,
Convivenza Civile,Altro,6,STRADELLA/(VIA),,12/10/2017,
Convivenza Civile,Altro,5,POTENZA/(CORSO),,13/10/2017,
Convivenza Civile,Altro,3,ISONZO/(VIA),,13/10/2017,08.07
Convivenza Civile,Altro,1,SOMMEILLER/GERMANO (CORSO),,16/10/2017,
Convivenza Civile,Altro,5,CAMPIGLIA/(VIA),,16/10/2017,
Convivenza Civile,Altro,7,PRIOCCA/CLEMENTE DAMIANO (VIA),,16/10/2017,
Convivenza Civile,Altro,1,VANCHIGLIA/(VIA),,17/10/2017,
Convivenza Civile,Altro,4,CASERTA/(VIA),,17/10/2017,
Convivenza Civile,Altro,4,LECCE/(CORSO),,17/10/2017,
Convivenza Civile,Altro,4,CIBRARIO/LUIGI (VIA),,18/10/2017,
Convivenza Civile,Altro,4,LECCE/(CORSO),,18/10/2017,
Convivenza Civile,Altro,7,PISA/(VIA),,18/10/2017,
Convivenza Civile,Altro,1,CHISONE/(VIA),,19/10/2017,
Convivenza Civile,Altro,1,MATTEOTTI/GIACOMO (CORSO),,19/10/2017,
Convivenza Civile,Altro,2,COSENZA/(CORSO),,19/10/2017,
Convivenza Civile,Altro,3,CIRENAICA/(VIA),,19/10/2017,
Convivenza Civile,Altro,4,TASSONI/ALESSANDRO (CORSO),,19/10/2017,
Convivenza Civile,Altro,6,PAISIELLO/GIOVANNI (VIA),,19/10/2017,
Convivenza Civile,Altro,8,MARCONI/GUGLIELMO (CORSO),,19/10/2017,
Convivenza Civile,Altro,4,MEDICI/GIACOMO (VIA),Area Verde,20/10/2017,
Convivenza Civile,Altro,5,LANZO/(STRADA),,20/10/2017,
Convivenza Civile,Altro,6,NOVARA/(CORSO),,20/10/2017,
Convivenza Civile,Altro,3,CENISCHIA/(VIA),,20/10/2017,08.21
Convivenza Civile,Altro,3,VANDALINO/(VIA),,21/10/2017,
Convivenza Civile,Altro,5,TOSCANA/(CORSO),,23/10/2017,
Convivenza Civile,Altro,7,ARTISTI/(VIA),,23/10/2017,
Convivenza Civile,Altro,1,VITTORIO EMANUELE II/(CORSO),,24/10/2017,
Convivenza Civile,Altro,7,CASALE/(CORSO),,24/10/2017,
Convivenza Civile,Altro,8,FIOCCARDO/(STRADA DEL),,24/10/2017,
Convivenza Civile,Altro,9,VIGLIANI/ONORATO (VIA),,24/10/2017,
Convivenza Civile,Altro,1,EINAUDI/LUIGI (CORSO),,25/10/2017,
Convivenza Civile,Altro,3,CASTELFIDARDO/(CORSO),,25/10/2017,
Convivenza Civile,Altro,4,PILO/ROSOLINO (VIA),,25/10/2017,
Convivenza Civile,Altro,6,PAGANINI/NICOLO' (VIA),,25/10/2017,
Convivenza Civile,Altro,8,MONCALIERI/(CORSO),,25/10/2017,
Convivenza Civile,Altro,1,SACCHI/PAOLO (VIA),,26/10/2017,
Convivenza Civile,Altro,8,ASTI/(VIA),,26/10/2017,
Convivenza Civile,Altro,1,TRENTO/(CORSO),,27/10/2017,
Convivenza Civile,Altro,7,CATANIA/(VIA),,27/10/2017,
Convivenza Civile,Altro,5,SANSOVINO/ANDREA (VIA),,29/10/2017,
Convivenza Civile,Altro,5,TOSCANA/(CORSO),,29/10/2017,
Convivenza Civile,Altro,8,MONCALIERI/(CORSO),,30/10/2017,
Convivenza Civile,Altro,6,COLONNA/VITTORIA (VIA),,30/10/2017,12.36
Convivenza Civile,Altro,6,VERCELLI/(CORSO),,31/10/2017,
Convivenza Civile,Altro,10,UNIONE SOVIETICA/(CORSO),,31/10/2017,13.48
Convivenza Civile,Altro,8,LOMBROSO/CESARE (VIA),,02/11/2017,
Convivenza Civile,Altro,9,GALIMBERTI/TANCREDI (PIAZZA),,02/11/2017,
Convivenza Civile,Altro,7,CARCANO/GIULIO (VIA),,05/11/2017,
Convivenza Civile,Altro,5,VITERBO/(VIA),,06/11/2017,
Convivenza Civile,Altro,8,CANOVA/ANTONIO (VIA),,06/11/2017,
Convivenza Civile,Altro,4,ASCOLI/GRAZIADIO (VIA),,07/11/2017,
Convivenza Civile,Altro,5,VITTORIA/(PIAZZA DELLA),,07/11/2017,
Convivenza Civile,Altro,7,VANCHIGLIA/(VIA),,07/11/2017,
Convivenza Civile,Altro,2,BOSTON/(VIA),,08/11/2017,
Convivenza Civile,Altro,2,BOSTON/(VIA),,08/11/2017,
Convivenza Civile,Altro,2,GORIZIA/(VIA),,08/11/2017,
Convivenza Civile,Altro,5,SANSOVINO/ANDREA (VIA),,08/11/2017,
Convivenza Civile,Altro,5,TOSCANA/(CORSO),,08/11/2017,
Convivenza Civile,Altro,5,TOSCANA/(CORSO),,08/11/2017,
Convivenza Civile,Altro,6,QUITTENGO/(VIA),,08/11/2017,
Convivenza Civile,Altro,7,PRINCIPE ODDONE/(CORSO),,08/11/2017,
Convivenza Civile,Altro,2,ACCIARINI/FILIPPO (VIA),,09/11/2017,
Convivenza Civile,Altro,3,MONGINEVRO/(VIA),,09/11/2017,
Convivenza Civile,Altro,5,CASTELDELFINO/(VIA),,09/11/2017,
Convivenza Civile,Altro,8,NIZZA/(VIA),,09/11/2017,
Convivenza Civile,Altro,9,PIO VII/(VIA),,09/11/2017,
Convivenza Civile,Altro,7,MARIA AUSILIATRICE/(VIA),,10/11/2017,
Convivenza Civile,Altro,3,RACCONIGI/(CORSO),,10/11/2017,12.49
Convivenza Civile,Altro,2,CASTELGOMBERTO/(VIA),,13/11/2017,
Convivenza Civile,Altro,3,MARTINI MAURI/ENRICO (VIA),,13/11/2017,
Convivenza Civile,Altro,6,CHATILLON/(VIA),,13/11/2017,
Convivenza Civile,Altro,7,BOCCACCIO/GIOVANNI (VIA),,14/11/2017,
Convivenza Civile,Altro,6,VITTIME DI BOLOGNA/(VIA),,15/11/2017,
Convivenza Civile,Altro,3,FERRUCCI/FRANCESCO (CORSO),,16/11/2017,
Convivenza Civile,Altro,4,LIVORNO/(VIA),,16/11/2017,
Convivenza Civile,Altro,2,LIMA/(VIA),,17/11/2017,
Convivenza Civile,Altro,2,PISCINA/(VIA),,17/11/2017,
Convivenza Civile,Altro,2,TIRRENO/(LARGO),,17/11/2017,
Convivenza Civile,Altro,3,VITTORIO EMANUELE II/(CORSO),,17/11/2017,
Convivenza Civile,Altro,4,ROSAI/OTTONE(CORSO),,17/11/2017,
Convivenza Civile,Altro,6,VERCELLI/(CORSO),,17/11/2017,
Convivenza Civile,Altro,7,VERCELLI/(CORSO),,19/11/2017,
Convivenza Civile,Altro,5,LANZO/(STRADA),,20/11/2017,
Convivenza Civile,Altro,1,PERRONE/ETTORE (VIA),,21/11/2017,
Convivenza Civile,Altro,2,PISCINA/(VIA),,22/11/2017,
Convivenza Civile,Altro,1,VENTI SETTEMBRE/(VIA),,23/11/2017,
Convivenza Civile,Altro,7,VALPIANA/(STRADA DI),,23/11/2017,
Convivenza Civile,Altro,5,COPPINO/MICHELE (VIA),,24/11/2017,
Convivenza Civile,Altro,9,TRAIANO/(CORSO),,24/11/2017,09.15
Convivenza Civile,Altro,3,VITTORIO EMANUELE II/(CORSO),,27/11/2017,
Convivenza Civile,Altro,4,APPIO CLAUDIO/(CORSO),,27/11/2017,
Convivenza Civile,Altro,4,APPIO CLAUDIO/(CORSO),,27/11/2017,
Convivenza Civile,Altro,7,MONGRENO/(STRADA),,27/11/2017,
Convivenza Civile,Altro,4,REGINA MARGHERITA/(CORSO),,28/11/2017,
Convivenza Civile,Altro,6,PACINI/GIOVANNI (VIA),,28/11/2017,
Convivenza Civile,Altro,1,STATUTO/(PIAZZA),Area Verde,29/11/2017,
Convivenza Civile,Altro,1,VALEGGIO/(VIA),,29/11/2017,
Convivenza Civile,Altro,1,CADORNA/LUIGI (LUNGO PO),,30/11/2017,
Convivenza Civile,Altro,1,GOVERNOLO/(VIA),,30/11/2017,
Convivenza Civile,Altro,2,BUENOS AIRES/(VIA),,30/11/2017,
Convivenza Civile,Altro,7,VERCELLI/(CORSO),,30/11/2017,
Convivenza Civile,Altro,8,MONCALIERI/(CORSO),,30/11/2017,
Convivenza Civile,Altro,5,TOSCANA/(CORSO),,30/11/2017,14.25
Convivenza Civile,Altro,1,MONTE DI PIETA'/(VIA),,01/12/2017,
Convivenza Civile,Altro,1,REGINA MARGHERITA/(CORSO),,01/12/2017,
Convivenza Civile,Altro,3,DUCHESSA JOLANDA/(VIA),,01/12/2017,
Convivenza Civile,Altro,1,CAVOUR (PIAZZA),,02/12/2017,
Convivenza Civile,Altro,5,BIBIANA/(VIA),,03/12/2017,
Convivenza Civile,Altro,3,PEROSA/(VIA),,04/12/2017,
Convivenza Civile,Altro,4,LE CHIUSE/(VIA),,05/12/2017,
Convivenza Civile,Altro,7,CASALE/(CORSO),,05/12/2017,
Convivenza Civile,Altro,2,SANREMO/(VIA),,06/12/2017,
Convivenza Civile,Altro,4,GHEMME/(VIA),,06/12/2017,
Convivenza Civile,Altro,6,BETULLE/(VIA DELLE),,06/12/2017,
Convivenza Civile,Altro,7,BELGIO/(CORSO),,06/12/2017,
Convivenza Civile,Altro,9,FILADELFIA/(VIA),,06/12/2017,
Convivenza Civile,Altro,4,TREVISO/(VIA),Area Verde,07/12/2017,
Convivenza Civile,Altro,6,BOLOGNA/(VIA),,07/12/2017,
Convivenza Civile,Altro,7,GIULIO CESARE/(CORSO),,07/12/2017,
Convivenza Civile,Altro,7,FONTANESI/ANTONIO (PIAZZA),,12/12/2017,
Convivenza Civile,Altro,2,UNIONE SOVIETICA/(CORSO),,14/12/2017,
Convivenza Civile,Altro,9,RICHELMY/PROSPERO (VIA),,14/12/2017,
Convivenza Civile,Altro,9,TEPICE/(VIA),,14/12/2017,
Convivenza Civile,Altro,3,S. ANTONINO/(VIA),,15/12/2017,
Convivenza Civile,Altro,6,LAZIO/(LUNGO STURA),,18/12/2017,
Convivenza Civile,Altro,2,ELBA/(VIA),,19/12/2017,
Convivenza Civile,Altro,7,BALBO/CESARE (VIA),,19/12/2017,
Convivenza Civile,Altro,5,FERRARA/(CORSO),,20/12/2017,10.55
Convivenza Civile,Altro,6,CRUTO/ALESSANDRO (VIA),,21/12/2017,
Convivenza Civile,Altro,8,MONCALIERI/(CORSO),,21/12/2017,
Convivenza Civile,Altro,10,VIGLIANI/ONORATO (VIA),,21/12/2017,
Convivenza Civile,Altro,6,VIGEVANO/(CORSO),,22/12/2017,
Convivenza Civile,Altro,9,CAIO PLINIO/(CORSO),,22/12/2017,
Convivenza Civile,Altro,4,LECCE/(CORSO),,27/12/2017,
Convivenza Civile,Altro,7,VERCELLI/(CORSO),,27/12/2017,11.58
Convivenza Civile,Altro,7,PISANO/ANDREA (VIA),,29/12/2017,
Convivenza Civile,Altro,8,MENABREA/FEDERICO (VIA),,29/12/2017,
Convivenza Civile,Altro,6,OXILIA/NINO (VIA),,30/12/2017,
Convivenza Civile,Comportamenti molesti,2,DEL PRETE/CARLO (VIA),,08/07/2017,
Convivenza Civile,Comportamenti molesti,7,BRESCIA/(CORSO),,09/07/2017,
Convivenza Civile,Comportamenti molesti,6,VERCELLI/(CORSO),,11/07/2017,
Convivenza Civile,Comportamenti molesti,6,ANGLESIO/MARTINO (VIA),,12/07/2017,
Convivenza Civile,Comportamenti molesti,6,ULIVI/(VIA DEGLI),,13/07/2017,
Convivenza Civile,Comportamenti molesti,6,SETTIMO/(STRADA DI),,20/07/2017,
Convivenza Civile,Comportamenti molesti,4,REGINA MARGHERITA/(CORSO),,24/07/2017,
Convivenza Civile,Comportamenti molesti,8,MARCONI/GUGLIELMO (CORSO),,25/07/2017,
Convivenza Civile,Comportamenti molesti,1,GIULIO/CARLO IGNAZIO (VIA),,26/07/2017,
Convivenza Civile,Comportamenti molesti,2,GAIDANO/PAOLO (VIA),,27/07/2017,
Convivenza Civile,Comportamenti molesti,8,MADAMA CRISTINA/(VIA),,28/07/2017,
Convivenza Civile,Comportamenti molesti,1,MAZZINI/GIUSEPPE (VIA),,07/08/2017,
Convivenza Civile,Comportamenti molesti,9,NIZZA/(VIA),,08/08/2017,
Convivenza Civile,Comportamenti molesti,5,GIACHINO/ERRICO (VIA),,03/09/2017,
Convivenza Civile,Comportamenti molesti,6,MARTORELLI/RENATO (VIA),,04/09/2017,
Convivenza Civile,Comportamenti molesti,1,DE NICOLA/ENRICO (CORSO),,09/09/2017,
Convivenza Civile,Comportamenti molesti,1,S. FRANCESCO DA PAOLA/(VIA),,12/09/2017,
Convivenza Civile,Comportamenti molesti,1,S. MASSIMO/(VIA),Area Verde,12/09/2017,
Convivenza Civile,Comportamenti molesti,1,VERDI/GIUSEPPE (VIA),,13/09/2017,
Convivenza Civile,Comportamenti molesti,2,BASILICATA/(PIAZZA),,13/09/2017,
Convivenza Civile,Comportamenti molesti,6,SOFIA/(PIAZZA),,01/10/2017,
Convivenza Civile,Comportamenti molesti,7,REGGIO/(VIA),,02/10/2017,
Convivenza Civile,Comportamenti molesti,9,NIZZA/(VIA),,05/10/2017,
Convivenza Civile,Comportamenti molesti,5,BIBIANA/(VIA),,18/10/2017,
Convivenza Civile,Comportamenti molesti,2,FERRARIS/GALILEO (CORSO),,21/11/2017,
Convivenza Civile,Comportamenti molesti,2,SANREMO/(VIA),,24/11/2017,
Convivenza Civile,Comportamenti molesti,3,MONTE ALBERGIAN/(VIA),,24/11/2017,
Convivenza Civile,Comportamenti molesti,4,GAMBA/ENRICO (CORSO),,21/12/2017,
Convivenza Civile,Comportamenti molesti,,,,27/12/2017,
Convivenza Civile,Disturbi altri animali,9,MADONNA DELLE ROSE/(VIA),,24/07/2017,10.15
Convivenza Civile,Disturbi Cani,5,BREGLIO/(VIA),,10/07/2017,
Convivenza Civile,Disturbi Cani,6,SINIGAGLIA/LEONE (VIA),,10/07/2017,
Convivenza Civile,Disturbi Cani,8,FIGLIE DEI MILITARI/(VIA),,11/07/2017,12.02
Convivenza Civile,Disturbi Cani,4,PINELLI/PIERDIONIGI (VIA),,12/07/2017,
Convivenza Civile,Disturbi Cani,5,CARROCCIO/ALESSANDRO (VIA),,18/07/2017,11.58
Convivenza Civile,Disturbi Cani,5,LUZZATTI/LUIGI (VIA),,24/07/2017,
Convivenza Civile,Disturbi Cani,5,GROSSETO/(CORSO),,26/07/2017,
Convivenza Civile,Disturbi Cani,4,GRAVERE/(VIA),,03/08/2017,
Convivenza Civile,Disturbi Cani,1,EINAUDI/LUIGI (CORSO),,04/08/2017,
Convivenza Civile,Disturbi Cani,3,POLONGHERA/(VIA),,04/08/2017,
Convivenza Civile,Disturbi Cani,3,PRINCIPI D'ACAJA/(VIA),,09/08/2017,11.11
Convivenza Civile,Disturbi Cani,2,DE BERNARDI/LAMBERTO (VIA),,18/08/2017,11.02
Convivenza Civile,Disturbi Cani,7,CADORE/(CORSO),,20/09/2017,
Convivenza Civile,Disturbi Cani,7,CASALE/(CORSO),,24/09/2017,
Convivenza Civile,Disturbi Cani,3,CENISCHIA/(VIA),,28/09/2017,
Convivenza Civile,Disturbi Cani,2,SALVEMINI/GAETANO (CORSO),,02/10/2017,
Convivenza Civile,Disturbi Cani,7,OROPA/(VIA),Area Verde,02/10/2017,
Convivenza Civile,Disturbi Cani,4,FABRIZI/NICOLA (VIA),,03/10/2017,
Convivenza Civile,Disturbi Cani,5,MATTIROLO/LUIGI (PIAZZA),,04/10/2017,
Convivenza Civile,Disturbi Cani,7,CASALE/(CORSO),,04/10/2017,
Convivenza Civile,Disturbi Cani,8,NIZZA/(PIAZZA),,09/10/2017,
Convivenza Civile,Disturbi Cani,9,CROCE/BENEDETTO (CORSO),,17/10/2017,
Convivenza Civile,Disturbi Cani,1,CERNAIA/(VIA),,24/10/2017,
Convivenza Civile,Disturbi Cani,7,BOCCACCIO/GIOVANNI (LARGO),,02/11/2017,
Convivenza Civile,Disturbi Cani,4,TELESIO/BERNARDINO (CORSO),,03/11/2017,
Convivenza Civile,Disturbi Cani,5,FEA/LEONARDO (VIA),,21/11/2017,
Convivenza Civile,Disturbi Cani,10,QUARELLO/GIOACHINO (VIA),,02/12/2017,
Convivenza Civile,Disturbi Cani,7,BERGAMO/(VIA),,06/12/2017,
Convivenza Civile,Disturbi Cani,4,TELESIO/BERNARDINO (CORSO),,07/12/2017,
Convivenza Civile,Disturbi Cani,7,PALERMO/(CORSO),,13/12/2017,11.03
Convivenza Civile,Disturbi Cani,4,VALGIOIE/(VIA),Area Verde,19/12/2017,
Convivenza Civile,Disturbi da locali,8,NIZZA/(VIA),,03/07/2017,
Convivenza Civile,Disturbi da locali,3,BEVILACQUA/QUINTO (VIA),,05/07/2017,
Convivenza Civile,Disturbi da locali,3,TRAPANI/(CORSO),,05/07/2017,
Convivenza Civile,Disturbi da locali,6,BRANDIZZO/(VIA),,06/07/2017,
Convivenza Civile,Disturbi da locali,7,FORTINO/(STRADA DEL),,06/07/2017,
Convivenza Civile,Disturbi da locali,8,SALUZZO/(VIA),,10/07/2017,
Convivenza Civile,Disturbi da locali,6,SALGARI/EMILIO (VIA),,10/07/2017,10.16
Convivenza Civile,Disturbi da locali,8,PELLICO/SILVIO (VIA),,10/07/2017,11.12
Convivenza Civile,Disturbi da locali,6,GIULIO CESARE/(CORSO),,11/07/2017,
Convivenza Civile,Disturbi da locali,7,REGGIO/(VIA),,11/07/2017,
Convivenza Civile,Disturbi da locali,7,VERCELLI/(CORSO),,11/07/2017,09.18
Convivenza Civile,Disturbi da locali,1,BAVA/EUSEBIO (VIA),,12/07/2017,
Convivenza Civile,Disturbi da locali,1,GARIBALDI/GIUSEPPE (VIA),,12/07/2017,
Convivenza Civile,Disturbi da locali,1,GARIBALDI/GIUSEPPE (VIA),,12/07/2017,
Convivenza Civile,Disturbi da locali,10,FLEMING/ALESSANDRO (VIA),,13/07/2017,
Convivenza Civile,Disturbi da locali,7,GIULIO CESARE/(CORSO),,14/07/2017,
Convivenza Civile,Disturbi da locali,9,BIGLIERI/GIULIO (VIA),,14/07/2017,
Convivenza Civile,Disturbi da locali,7,BELGIO/(CORSO),,17/07/2017,12.04
Convivenza Civile,Disturbi da locali,9,TRAIANO/(CORSO),,18/07/2017,11.30
Convivenza Civile,Disturbi da locali,3,MONGINEVRO/(VIA),,19/07/2017,
Convivenza Civile,Disturbi da locali,8,BARETTI/GIUSEPPE (VIA),,19/07/2017,
Convivenza Civile,Disturbi da locali,3,MONGINEVRO/(VIA),,20/07/2017,
Convivenza Civile,Disturbi da locali,5,FOLIGNO/(VIA),,20/07/2017,
Convivenza Civile,Disturbi da locali,5,GIACHINO/ERRICO (VIA),,20/07/2017,
Convivenza Civile,Disturbi da locali,4,LIVORNO/(VIA),,21/07/2017,
Convivenza Civile,Disturbi da locali,1,ARSENALE/(VIA),,24/07/2017,
Convivenza Civile,Disturbi da locali,1,BAVA/EUSEBIO (VIA),,24/07/2017,
Convivenza Civile,Disturbi da locali,9,STELLONE/(VIA),,24/07/2017,
Convivenza Civile,Disturbi da locali,9,SEBASTOPOLI/(CORSO),,26/07/2017,
Convivenza Civile,Disturbi da locali,6,MARTORELLI/RENATO (VIA),,28/07/2017,
Convivenza Civile,Disturbi da locali,6,VERCELLI/(CORSO),,28/07/2017,10.23
Convivenza Civile,Disturbi da locali,8,BERTHOLLET/CLAUDIO LUIGI (VIA),,31/07/2017,
Convivenza Civile,Disturbi da locali,7,TARINO/LUIGI (VIA),,08/08/2017,
Convivenza Civile,Disturbi da locali,8,S. ANSELMO/(VIA),,08/08/2017,
Convivenza Civile,Disturbi da locali,6,STRADELLA/(VIA),,08/08/2017,15.57
Convivenza Civile,Disturbi da locali,6,MONTANARO/(VIA),,10/08/2017,10.25
Convivenza Civile,Disturbi da locali,6,FELETTO/(VIA),,10/08/2017,10.45
Convivenza Civile,Disturbi da locali,2,TRIPOLI/(VIA),,11/08/2017,11.36
Convivenza Civile,Disturbi da locali,3,MONGINEVRO/(VIA),,16/08/2017,09.49
Convivenza Civile,Disturbi da locali,8,MONCALIERI/(CORSO),,17/08/2017,09.56
Convivenza Civile,Disturbi da locali,8,MONCALIERI/(CORSO),,18/08/2017,13.38
Convivenza Civile,Disturbi da locali,8,MONCALIERI/(CORSO),,18/08/2017,13.54
Convivenza Civile,Disturbi da locali,5,CASTELDELFINO/(VIA),,22/08/2017,13.27
Convivenza Civile,Disturbi da locali,1,ASSAROTTI/OTTAVIO (VIA),,22/08/2017,11.46
Convivenza Civile,Disturbi da locali,1,BONAFOUS/ALFONSO (VIA),,23/08/2017,
Convivenza Civile,Disturbi da locali,4,BALANGERO/(VIA),,23/08/2017,
Convivenza Civile,Disturbi da locali,7,REGINA MARGHERITA/(CORSO),,24/08/2017,
Convivenza Civile,Disturbi da locali,1,S. QUINTINO/(VIA),,25/08/2017,
Convivenza Civile,Disturbi da locali,4,COSSA/PIETRO (VIA),,25/08/2017,
Convivenza Civile,Disturbi da locali,7,REGGIO/(VIA),,28/08/2017,
Convivenza Civile,Disturbi da locali,7,BORGO DORA/(VIA),,29/08/2017,11.47
Convivenza Civile,Disturbi da locali,1,PLANA/GIOVANNI (VIA),,01/09/2017,14.26
Convivenza Civile,Disturbi da locali,9,MARONCELLI/PIERO (CORSO),,04/09/2017,
Convivenza Civile,Disturbi da locali,1,S. AGOSTINO/(VIA),,05/09/2017,
Convivenza Civile,Disturbi da locali,8,MUZIO SCEVOLA/(PIAZZA),,05/09/2017,
Convivenza Civile,Disturbi da locali,1,MAZZINI/GIUSEPPE (VIA),,07/09/2017,
Convivenza Civile,Disturbi da locali,9,NIZZA/(VIA),,07/09/2017,12.22
Convivenza Civile,Disturbi da locali,8,LANZA/GIOVANNI (CORSO),,10/09/2017,
Convivenza Civile,Disturbi da locali,1,LOVERA DI MARIA/ANNIBALE (VIA),,11/09/2017,
Convivenza Civile,Disturbi da locali,3,POLLENZO/(VIA),,11/09/2017,
Convivenza Civile,Disturbi da locali,3,TRECATE/(VIA),,15/09/2017,
Convivenza Civile,Disturbi da locali,5,PRIMULE/(VIA DELLE),,15/09/2017,
Convivenza Civile,Disturbi da locali,6,CASELLA/ALFREDO (VIA),,18/09/2017,
Convivenza Civile,Disturbi da locali,7,EMILIA/(CORSO),,19/09/2017,
Convivenza Civile,Disturbi da locali,6,CHATILLON/(VIA),,21/09/2017,
Convivenza Civile,Disturbi da locali,3,BARGE/(VIA),,25/09/2017,
Convivenza Civile,Disturbi da locali,7,VERCELLI/(CORSO),,25/09/2017,12.26
Convivenza Civile,Disturbi da locali,2,ALLAMANO/CANONICO GIUSEPPE (CORSO),,02/10/2017,
Convivenza Civile,Disturbi da locali,8,MONCALIERI/(CORSO),,02/10/2017,
Convivenza Civile,Disturbi da locali,4,GHIACCIAIE/(STRADA DELLE),,06/10/2017,08.18
Convivenza Civile,Disturbi da locali,7,S. GIULIA/(VIA),,09/10/2017,
Convivenza Civile,Disturbi da locali,1,ORFANE/(VIA DELLE),,09/10/2017,15.09
Convivenza Civile,Disturbi da locali,7,CECCHI/ANTONIO (VIA),,11/10/2017,
Convivenza Civile,Disturbi da locali,3,MONTE CRISTALLO/(VIA),,17/10/2017,
Convivenza Civile,Disturbi da locali,1,SACCHI/PAOLO (VIA),,19/10/2017,
Convivenza Civile,Disturbi da locali,8,NIZZA/(VIA),,19/10/2017,
Convivenza Civile,Disturbi da locali,8,BELFIORE/(VIA),,21/10/2017,10.00
Convivenza Civile,Disturbi da locali,1,VERDI/GIUSEPPE (VIA),,23/10/2017,
Convivenza Civile,Disturbi da locali,7,OROPA/(VIA),,26/10/2017,09.51
Convivenza Civile,Disturbi da locali,8,PRINCIPE TOMMASO/(VIA),,29/10/2017,
Convivenza Civile,Disturbi da locali,5,BORGARO/(VIA),,30/10/2017,13.59
Convivenza Civile,Disturbi da locali,1,BELLEZIA/GIAN FRANCESCO (VIA),,07/11/2017,10.37
Convivenza Civile,Disturbi da locali,1,ROSINE/(VIA DELLE),,07/11/2017,15.21
Convivenza Civile,Disturbi da locali,7,REGGIO/(VIA),,13/11/2017,08.14
Convivenza Civile,Disturbi da locali,6,PALESTRINA/PIER LUIGI (VIA),,20/11/2017,10.39
Convivenza Civile,Disturbi da locali,1,BONELLI/FRANCO (VIA),,25/11/2017,
Convivenza Civile,Disturbi da locali,1,GIULIO/CARLO IGNAZIO (VIA),,27/11/2017,
Convivenza Civile,Disturbi da locali,2,BUENOS AIRES/(VIA),,27/11/2017,
Convivenza Civile,Disturbi da locali,3,VIRLE/(VIA),,27/11/2017,
Convivenza Civile,Disturbi da locali,7,CIGNA/FRANCESCO (VIA),,28/11/2017,
Convivenza Civile,Disturbi da locali,3,VIRLE/(VIA),,03/12/2017,
Convivenza Civile,Disturbi da locali,3,VIRLE/(VIA),,03/12/2017,
Convivenza Civile,Disturbi da locali,5,FEA/LEONARDO (VIA),,04/12/2017,10.45
Convivenza Civile,Disturbi da locali,1,QUATTRO MARZO/(VIA),,04/12/2017,11.01
Convivenza Civile,Disturbi da locali,1,PESCATORE/MATTEO (VIA),,06/12/2017,
Convivenza Civile,Disturbi da locali,1,SOMMEILLER/GERMANO (CORSO),,11/12/2017,13.36
Convivenza Civile,Disturbi da locali,6,PALESTRINA/PIER LUIGI (VIA),,21/12/2017,
Convivenza Civile,Disturbi da locali,5,BREGLIO/(VIA),,28/12/2017,
Convivenza Civile,Rumori molesti,6,SEMPIONE/(VIA),,03/07/2017,11.00
Convivenza Civile,Rumori molesti,7,VERCELLI/(CORSO),,04/07/2017,
Convivenza Civile,Rumori molesti,3,TRAPANI/(CORSO),,05/07/2017,
Convivenza Civile,Rumori molesti,3,GERMONIO/ANASTASIO (VIA),,10/07/2017,
Convivenza Civile,Rumori molesti,7,GABETTI/GIUSEPPE (CORSO),,10/07/2017,
Convivenza Civile,Rumori molesti,7,NOE'/CARLO (VIA),,12/07/2017,
Convivenza Civile,Rumori molesti,3,CESANA/(VIA),,14/07/2017,
Convivenza Civile,Rumori molesti,1,BONELLI/FRANCO (VIA),,19/07/2017,
Convivenza Civile,Rumori molesti,1,LAGRANGE/GIUSEPPE LUIGI (VIA),,19/07/2017,
Convivenza Civile,Rumori molesti,1,RE UMBERTO/(CORSO),,24/07/2017,
Convivenza Civile,Rumori molesti,2,BUENOS AIRES/(VIA),,24/07/2017,
Convivenza Civile,Rumori molesti,4,PACCHIOTTI/GIACINTO (VIA),,24/07/2017,
Convivenza Civile,Rumori molesti,4,SALBERTRAND/(VIA),,24/07/2017,
Convivenza Civile,Rumori molesti,6,MONTANARO/(VIA),,24/07/2017,
Convivenza Civile,Rumori molesti,6,SEMPIONE/(VIA),,25/07/2017,
Convivenza Civile,Rumori molesti,7,REGIO PARCO/(LARGO),,25/07/2017,
Convivenza Civile,Rumori molesti,10,BISCARETTI DI RUFFIA/ROBERTO (VIA),,25/07/2017,
Convivenza Civile,Rumori molesti,2,MONTE LUNGO/(CORSO),,28/07/2017,
Convivenza Civile,Rumori molesti,1,TASSO/TORQUATO (VIA),,08/08/2017,
Convivenza Civile,Rumori molesti,7,MICHELOTTI/SUOR GIOVANNA FRANCESCA (VIALE),,16/08/2017,07.51
Convivenza Civile,Rumori molesti,3,BRUNELLESCHI/FILIPPO (CORSO),,21/08/2017,10.39
Convivenza Civile,Rumori molesti,5,SOSPELLO/(VIA),,22/08/2017,
Convivenza Civile,Rumori molesti,6,CIGNA/FRANCESCO (VIA),,22/08/2017,
Convivenza Civile,Rumori molesti,8,GIACOSA/GIUSEPPE (VIA),,22/08/2017,
Convivenza Civile,Rumori molesti,7,SAVONA/(LUNGO DORA),,23/08/2017,
Convivenza Civile,Rumori molesti,4,COSTAGUTA/ANDREA (VIA),,23/08/2017,08.29
Convivenza Civile,Rumori molesti,5,VITTORIA/(VIA),,30/08/2017,
Convivenza Civile,Rumori molesti,7,VERCELLI/(CORSO),Area Verde,30/08/2017,
Convivenza Civile,Rumori molesti,3,MALTA/(VIA),,01/09/2017,
Convivenza Civile,Rumori molesti,8,BERTHOLLET/CLAUDIO LUIGI (VIA),,04/09/2017,
Convivenza Civile,Rumori molesti,9,TUNISI/(VIA),,04/09/2017,
Convivenza Civile,Rumori molesti,1,VALDOCCO/(CORSO),,05/09/2017,
Convivenza Civile,Rumori molesti,6,GIULIO CESARE/(CORSO),,06/09/2017,
Convivenza Civile,Rumori molesti,6,SEMPIONE/(LARGO),,07/09/2017,
Convivenza Civile,Rumori molesti,7,BRESCIA/(LARGO),,07/09/2017,
Convivenza Civile,Rumori molesti,10,ROVEDA/GIOVANNI (VIA),,07/09/2017,
Convivenza Civile,Rumori molesti,4,SOBRERO/ASCANIO (VIA),,12/09/2017,
Convivenza Civile,Rumori molesti,5,FERMI/ENRICO (VIA),,12/09/2017,
Convivenza Civile,Rumori molesti,8,GOITO/(VIA),,12/09/2017,
Convivenza Civile,Rumori molesti,8,PELLICO/SILVIO (VIA),,15/09/2017,
Convivenza Civile,Rumori molesti,8,PETITTI/ILARIONE (VIA),,16/09/2017,
Convivenza Civile,Rumori molesti,10,PAVESE/CESARE (VIA),,18/09/2017,
Convivenza Civile,Rumori molesti,,,,28/09/2017,09.47
Convivenza Civile,Rumori molesti,,,Area Verde,01/10/2017,
Convivenza Civile,Rumori molesti,1,GIOBERTI/VINCENZO (VIA),,05/10/2017,
Convivenza Civile,Rumori molesti,3,MONGINEVRO/(VIA),,05/10/2017,
Convivenza Civile,Rumori molesti,7,S. MAURIZIO/(CORSO),,12/10/2017,
Convivenza Civile,Rumori molesti,1,VITTORIO EMANUELE II/(CORSO),,13/10/2017,
Convivenza Civile,Rumori molesti,1,BATTISTI/CESARE (VIA),,16/10/2017,
Convivenza Civile,Rumori molesti,1,LAGRANGE/GIUSEPPE LUIGI (VIA),,17/10/2017,
Convivenza Civile,Rumori molesti,1,SOLFERINO/(PIAZZA),,17/10/2017,
Convivenza Civile,Rumori molesti,5,CINCINNATO/L. QUINZIO (CORSO),,19/10/2017,
Convivenza Civile,Rumori molesti,3,POSTUMIA/(VIA),,07/11/2017,
Convivenza Civile,Rumori molesti,7,BOLOGNA/(VIA),,07/11/2017,
Convivenza Civile,Rumori molesti,10,CASTELLO DI MIRAFIORI/(STRADA),,07/11/2017,
Convivenza Civile,Rumori molesti,7,BAVA/EUSEBIO (VIA),,08/11/2017,
Convivenza Civile,Rumori molesti,3,S. PAOLO/(VIA),,09/11/2017,
Convivenza Civile,Rumori molesti,4,BARI/(VIA),,10/11/2017,
Convivenza Civile,Rumori molesti,8,PETRARCA/FRANCESCO (VIA),,13/11/2017,
Convivenza Civile,Rumori molesti,1,ARBARELLO/VINCENZO (PIAZZA),,15/11/2017,11.45
Convivenza Civile,Rumori molesti,1,PALAZZO DI CITTA'/(PIAZZA),,17/11/2017,
Convivenza Civile,Rumori molesti,7,MAMELI/GOFFREDO (VIA),,21/11/2017,
Convivenza Civile,Rumori molesti,6,CHERUBINI/LUIGI SALVATORE (VIA),,22/11/2017,
Convivenza Civile,Rumori molesti,3,S. MARIA MAZZARELLO/(VIA),,24/11/2017,
Convivenza Civile,Rumori molesti,1,MONTEBELLO/(VIA),,27/11/2017,
Convivenza Civile,Rumori molesti,3,BARDONECCHIA/(VIA),,30/11/2017,
Convivenza Civile,Rumori molesti,1,BERTOLA/ANTONIO GIUSEPPE (VIA),,01/12/2017,
Convivenza Civile,Rumori molesti,1,LEGNANO/(VIA),,03/12/2017,
Convivenza Civile,Rumori molesti,1,ROMA/(VIA),,11/12/2017,
Convivenza Civile,Rumori molesti,6,ULIVI/(VIA DEGLI),,12/12/2017,
Convivenza Civile,Rumori molesti,2,TRIPOLI/(VIA),,19/12/2017,
Convivenza Civile,Rumori molesti,4,ASINARI DI BERNEZZO/VITTORIO (VIA),,20/12/2017,
Convivenza Civile,Rumori molesti,6,CALVI/PIER FORTUNATO (VIA),,20/12/2017,
Convivenza Civile,Rumori molesti,3,BARDONECCHIA/(VIA),,27/12/2017,
Convivenza Civile,Uso improprio parti comuni,3,RACCONIGI/(CORSO),,29/07/2017,
Convivenza Civile,Uso improprio parti comuni,7,PISANO/ANDREA (VIA),,03/10/2017,
Qualità Urbana,Altro,5,CAMPAGNA/(STRADA DELLA),,03/07/2017,10.29
Qualità Urbana,Altro,3,VAL LAGARINA/(VIA),,10/07/2017,
Qualità Urbana,Altro,1,VITTORIO EMANUELE II/(CORSO),,11/07/2017,
Qualità Urbana,Altro,4,CAPELLI/CARLO (VIA),,11/07/2017,09.54
Qualità Urbana,Altro,5,REISS ROMOLI/GUGLIELMO (VIA),,11/07/2017,13.06
Qualità Urbana,Altro,1,BERTOLA/ANTONIO GIUSEPPE (VIA),,12/07/2017,
Qualità Urbana,Altro,1,VITTORIO EMANUELE II/(CORSO),,14/07/2017,
Qualità Urbana,Altro,3,VITTORIO EMANUELE II/(CORSO),,14/07/2017,
Qualità Urbana,Altro,9,OLIVERO/PIER DOMENICO (VIA),,14/07/2017,
Qualità Urbana,Altro,9,PIO VII/(VIA),,15/07/2017,
Qualità Urbana,Altro,8,S. VITO REVIGLIASCO/(STRADA),,17/07/2017,
Qualità Urbana,Altro,9,NIZZA/(VIA),,17/07/2017,
Qualità Urbana,Altro,7,SELLA/QUINTINO (CORSO),,18/07/2017,13.15
Qualità Urbana,Altro,8,RONCHI/(STRADA DEI),,19/07/2017,
Qualità Urbana,Altro,7,CASALE/(CORSO),,19/07/2017,09.02
Qualità Urbana,Altro,4,SVIZZERA/(CORSO),,20/07/2017,
Qualità Urbana,Altro,7,MANIFATTURA TABACCHI/(STRADA ALLA),,21/07/2017,
Qualità Urbana,Altro,1,PO/(VIA),,21/07/2017,13.35
Qualità Urbana,Altro,9,GIAMBONE/EUSEBIO (CORSO),,21/07/2017,13.48
Qualità Urbana,Altro,5,VEROLENGO/(VIA),,22/07/2017,
Qualità Urbana,Altro,1,ROSSINI/GIOACHINO (VIA),,24/07/2017,
Qualità Urbana,Altro,4,FABRIZI/NICOLA (VIA),,24/07/2017,
Qualità Urbana,Altro,7,S. PIETRO IN VINCOLI/(VIA),,24/07/2017,
Qualità Urbana,Altro,8,MARCONI/GUGLIELMO (CORSO),,24/07/2017,
Qualità Urbana,Altro,7,BUTTIGLIERA/(VIA),,24/07/2017,12.52
Qualità Urbana,Altro,7,COMO/(VIA),,25/07/2017,
Qualità Urbana,Altro,7,REGINA MARGHERITA/(CORSO),,25/07/2017,12.45
Qualità Urbana,Altro,8,ROMANI/FELICE (VIA),Area Verde,26/07/2017,
Qualità Urbana,Altro,8,SOMMEILLER/GERMANO (CORSO),,26/07/2017,
Qualità Urbana,Altro,2,ORBASSANO/(CORSO),,27/07/2017,09.32
Qualità Urbana,Altro,7,FONTANESI/ANTONIO (VIA),,31/07/2017,
Qualità Urbana,Altro,5,CARDINALE MASSAIA/GUGLIELMO (VIA),,01/08/2017,
Qualità Urbana,Altro,5,LOMBARDIA/(CORSO),,07/08/2017,12.12
Qualità Urbana,Altro,5,ORBETELLO/(VIA),,08/08/2017,08.59
Qualità Urbana,Altro,8,BOZZOLO/CAMILLO (PIAZZA),,08/08/2017,17.13
Qualità Urbana,Altro,5,SANSOVINO/ANDREA (VIA),,08/08/2017,17.24
Qualità Urbana,Altro,3,BRACCINI/PAOLO (VIA),,10/08/2017,16.53
Qualità Urbana,Altro,3,DI NANNI/DANTE (VIA),,10/08/2017,17.24
Qualità Urbana,Altro,5,LANZO/(STRADA),,17/08/2017,10.24
Qualità Urbana,Altro,5,SANSOVINO/ANDREA (VIA),,17/08/2017,11.27
Qualità Urbana,Altro,1,MONTEVECCHIO/RODOLFO (VIA),,17/08/2017,11.59
Qualità Urbana,Altro,8,RONCHI AI CUNIOLI ALTI/(STRADA DAI),,18/08/2017,12.07
Qualità Urbana,Altro,1,BUOZZI/BRUNO (VIA),,23/08/2017,12.16
Qualità Urbana,Altro,10,GUIDI/CAMILLO (VIA),,26/08/2017,
Qualità Urbana,Altro,1,TURATI/FILIPPO (CORSO),,28/08/2017,
Qualità Urbana,Altro,4,UMBRIA/(CORSO),Area Verde,28/08/2017,
Qualità Urbana,Altro,5,GROSSETO/(CORSO),,28/08/2017,
Qualità Urbana,Altro,4,RISORGIMENTO/(PIAZZA),,29/08/2017,
Qualità Urbana,Altro,7,MONTEBELLO/(VIA),,29/08/2017,
Qualità Urbana,Altro,3,MALTA/(VIA),,01/09/2017,
Qualità Urbana,Altro,7,FIRENZE/(LUNGO DORA),,04/09/2017,
Qualità Urbana,Altro,6,LAZIO/(LUNGO STURA),,06/09/2017,
Qualità Urbana,Altro,5,GROSSETO/(CORSO),,06/09/2017,10.22
Qualità Urbana,Altro,7,CADORE/(CORSO),,06/09/2017,12.40
Qualità Urbana,Altro,7,COLLETTA/PIETRO (LUNGO DORA),,07/09/2017,
Qualità Urbana,Altro,8,GIOANETTI/VITTORIO AMEDEO (VIA),,07/09/2017,
Qualità Urbana,Altro,8,SANTAROSA/SANTORRE (VIA),,07/09/2017,13.14
Qualità Urbana,Altro,8,BARETTI/GIUSEPPE (VIA),,13/09/2017,
Qualità Urbana,Altro,2,BOSTON/(VIA),,15/09/2017,
Qualità Urbana,Altro,7,PALERMO/(CORSO),,19/09/2017,
Qualità Urbana,Altro,9,PASSO BUOLE/(VIA),,19/09/2017,11.19
Qualità Urbana,Altro,9,DANEO/EDOARDO (VIA),,20/09/2017,10.52
Qualità Urbana,Altro,1,MATTEOTTI/GIACOMO (CORSO),,20/09/2017,11.17
Qualità Urbana,Altro,5,CARDINALE MASSAIA/GUGLIELMO (LARGO),,21/09/2017,
Qualità Urbana,Altro,5,CASTELDELFINO/(VIA),,21/09/2017,
Qualità Urbana,Altro,6,S. MAURO/(STRADA),,21/09/2017,
Qualità Urbana,Altro,7,NAPOLI/(LUNGO DORA),,22/09/2017,
Qualità Urbana,Altro,9,ARNALDO DA BRESCIA/(VIA),,22/09/2017,09.28
Qualità Urbana,Altro,1,DEGO/(VIA),,25/09/2017,11.33
Qualità Urbana,Altro,6,CUORGNE'/(STRADA),,26/09/2017,08.33
Qualità Urbana,Altro,7,NOVARA/(CORSO),,26/09/2017,10.49
Qualità Urbana,Altro,5,FORLI'/(VIA),,27/09/2017,
Qualità Urbana,Altro,7,ANTONELLI/ALESSANDRO (LUNGO PO),,27/09/2017,
Qualità Urbana,Altro,1,MATTEOTTI/GIACOMO (CORSO),,28/09/2017,
Qualità Urbana,Altro,9,VENTIMIGLIA/(VIA),,28/09/2017,11.11
Qualità Urbana,Altro,7,SELLA/QUINTINO (CORSO),,29/09/2017,11.28
Qualità Urbana,Altro,7,REGINA MARGHERITA/(CORSO),,30/09/2017,
Qualità Urbana,Altro,7,SELLA/QUINTINO (CORSO),,02/10/2017,
Qualità Urbana,Altro,10,VIGLIANI/ONORATO (VIA),,03/10/2017,
Qualità Urbana,Altro,1,LEPANTO/(CORSO),,04/10/2017,
Qualità Urbana,Altro,4,RIVOLI/(PIAZZA),,05/10/2017,
Qualità Urbana,Altro,6,VERONESE/PAOLO (VIA),,05/10/2017,
Qualità Urbana,Altro,7,LANINO/BERNARDINO (VIA),,05/10/2017,
Qualità Urbana,Altro,9,POLONIA/(PIAZZA),,06/10/2017,08.28
Qualità Urbana,Altro,9,GIAMBONE/EUSEBIO (CORSO),,06/10/2017,11.33
Qualità Urbana,Altro,7,FIRENZE/(LUNGO DORA),,09/10/2017,
Qualità Urbana,Altro,2,NEGRI/ADA (VIA),,09/10/2017,09.18
Qualità Urbana,Altro,7,NAPOLI/(LUNGO DORA),,09/10/2017,11.43
Qualità Urbana,Altro,3,S. BERNARDINO/(VIA),,10/10/2017,
Qualità Urbana,Altro,5,SEGANTINI/GIOVANNI (VIA),,10/10/2017,
Qualità Urbana,Altro,8,MADAMA CRISTINA/(PIAZZA),,10/10/2017,08.08
Qualità Urbana,Altro,1,PRINCIPE AMEDEO/(VIA),,11/10/2017,
Qualità Urbana,Altro,4,COSSA/PIETRO (VIA),,11/10/2017,
Qualità Urbana,Altro,6,BOTTICELLI/SANDRO (VIA),,11/10/2017,
Qualità Urbana,Altro,10,AGNELLI/GIOVANNI (CORSO),,12/10/2017,
Qualità Urbana,Altro,6,MONTANARO/(VIA),Area Verde,13/10/2017,
Qualità Urbana,Altro,7,CADORE/(CORSO),,16/10/2017,08.44
Qualità Urbana,Altro,7,VANCHIGLIA/(VIA),,16/10/2017,08.57
Qualità Urbana,Altro,1,DUCA DEGLI ABRUZZI/(CORSO),,17/10/2017,
Qualità Urbana,Altro,10,VIGLIANI/ONORATO (VIA),,17/10/2017,10.42
Qualità Urbana,Altro,6,REISS ROMOLI/GUGLIELMO (VIA),,17/10/2017,11.18
Qualità Urbana,Altro,3,ASIAGO/(VIA),,17/10/2017,11.43
Qualità Urbana,Altro,1,PIGAFETTA/ANTONIO (VIA),,19/10/2017,
Qualità Urbana,Altro,4,BIANCHI/NICOMEDE (VIA),,19/10/2017,
Qualità Urbana,Altro,7,ARTISTI/(VIA),,19/10/2017,13.34
Qualità Urbana,Altro,6,CAVAGNOLO/(VIA),,20/10/2017,
Qualità Urbana,Altro,7,CASALE/(CORSO),,20/10/2017,
Qualità Urbana,Altro,4,CARRERA/VALENTINO (VIA),,20/10/2017,08.47
Qualità Urbana,Altro,7,BALDISSERA/ANTONIO GENERALE (PIAZZA),,21/10/2017,
Qualità Urbana,Altro,3,S. PAOLO/(VIA),,22/10/2017,
Qualità Urbana,Altro,3,MONTE CUCCO/(CORSO),,23/10/2017,09.30
Qualità Urbana,Altro,3,S. AMBROGIO/(VIA),,23/10/2017,09.46
Qualità Urbana,Altro,2,BAINSIZZA/(VIA),,24/10/2017,
Qualità Urbana,Altro,2,BOSTON/(VIA),,24/10/2017,
Qualità Urbana,Altro,,,,26/10/2017,
Qualità Urbana,Altro,8,COSMO/UMBERTO (VIA),,26/10/2017,
Qualità Urbana,Altro,4,TELESIO/BERNARDINO (CORSO),,26/10/2017,12.43
Qualità Urbana,Altro,,,,27/10/2017,
Qualità Urbana,Altro,7,BUSCALIONI/CARLO MICHELE (VIA),,27/10/2017,
Qualità Urbana,Altro,1,MERCANTI/(VIA),,27/10/2017,13.37
Qualità Urbana,Altro,6,GOTTARDO/(VIA),,27/10/2017,14.20
Qualità Urbana,Altro,7,VANCHIGLIA/(VIA),,30/10/2017,10.00
Qualità Urbana,Altro,7,PALERMO/(CORSO),,30/10/2017,14.09
Qualità Urbana,Altro,7,CAVEZZALE/PIETRO (VIA),,30/10/2017,14.34
Qualità Urbana,Altro,6,VIRIGLIO/ALBERTO (VIA),,31/10/2017,
Qualità Urbana,Altro,8,DOGLIOTTI/ACHILLE MARIO (CORSO),,31/10/2017,13.33
Qualità Urbana,Altro,6,S. BENIGNO/(VIA),,06/11/2017,
Qualità Urbana,Altro,9,NIZZA/(VIA),,06/11/2017,
Qualità Urbana,Altro,4,GAMBA/ENRICO (CORSO),Area Verde,07/11/2017,
Qualità Urbana,Altro,6,GIULIO CESARE/(CORSO),,07/11/2017,09.59
Qualità Urbana,Altro,8,VITTORIO EMANUELE II/(CORSO),,07/11/2017,11.00
Qualità Urbana,Altro,3,BRACCINI/PAOLO (VIA),Area Verde,08/11/2017,
Qualità Urbana,Altro,1,CARLO EMANUELE II/(PIAZZA),,09/11/2017,
Qualità Urbana,Altro,6,BETULLE/(VIA DELLE),,09/11/2017,09.40
Qualità Urbana,Altro,8,VITTORIO EMANUELE II/(CORSO),,10/11/2017,09.42
Qualità Urbana,Altro,1,CERNAIA/(VIA),,10/11/2017,11.02
Qualità Urbana,Altro,5,STRADELLA/(VIA),,12/11/2017,
Qualità Urbana,Altro,5,LUCENTO/(VIA),,14/11/2017,
Qualità Urbana,Altro,6,MAMIANI/TERENZIO (CORSO),,14/11/2017,
Qualità Urbana,Altro,5,BORGARO/(VIA),,14/11/2017,10.27
Qualità Urbana,Altro,3,RENIER/RODOLFO (VIA),,15/11/2017,
Qualità Urbana,Altro,4,BELLI/PIETRINO (VIA),,16/11/2017,
Qualità Urbana,Altro,,,Area Verde,17/11/2017,
Qualità Urbana,Altro,1,MICCA/PIETRO (VIA),,18/11/2017,
Qualità Urbana,Altro,4,DIGIONE/(VIA),,20/11/2017,
Qualità Urbana,Altro,7,PALLANZA/(VIA),,20/11/2017,10.23
Qualità Urbana,Altro,,,,22/11/2017,
Qualità Urbana,Altro,1,LAGRANGE/GIUSEPPE LUIGI (VIA),,22/11/2017,
Qualità Urbana,Altro,2,UNIONE SOVIETICA/(CORSO),,22/11/2017,
Qualità Urbana,Altro,3,MONGINEVRO/(VIA),,22/11/2017,08.31
Qualità Urbana,Altro,3,LANCIA/VINCENZO (VIA),,23/11/2017,10.12
Qualità Urbana,Altro,3,THURES/(VIA),,24/11/2017,
Qualità Urbana,Altro,7,CATANIA/(VIA),,24/11/2017,09.18
Qualità Urbana,Altro,4,TALUCCHI/GIUSEPPE (VIA),,24/11/2017,10.09
Qualità Urbana,Altro,2,FILADELFIA/(VIA),,24/11/2017,10.30
Qualità Urbana,Altro,1,EMANUELE FILIBERTO/(PIAZZA),,24/11/2017,11.02
Qualità Urbana,Altro,8,ORMEA/(VIA),,27/11/2017,
Qualità Urbana,Altro,8,DONIZETTI/GAETANO (VIA),,27/11/2017,13.25
Qualità Urbana,Altro,7,BOCCACCIO/GIOVANNI (VIA),,28/11/2017,
Qualità Urbana,Altro,1,MERCANTI/(VIA),,30/11/2017,
Qualità Urbana,Altro,1,VITTORIO EMANUELE II/(CORSO),,30/11/2017,
Qualità Urbana,Altro,7,TERAMO/(VIA),,30/11/2017,
Qualità Urbana,Altro,5,LANZO/(VIA),,30/11/2017,13.14
Qualità Urbana,Altro,7,REPUBBLICA/(PIAZZA DELLA),,30/11/2017,14.18
Qualità Urbana,Altro,1,EINAUDI/LUIGI (CORSO),,01/12/2017,
Qualità Urbana,Altro,1,CALANDRA FRATELLI/(VIA),,01/12/2017,11.52
Qualità Urbana,Altro,3,CAVALLI/GIOVANNI CARLO (VIA),,03/12/2017,
Qualità Urbana,Altro,5,BIBIANA/(VIA),,04/12/2017,
Qualità Urbana,Altro,1,GARIBALDI/GIUSEPPE (VIA),,04/12/2017,09.17
Qualità Urbana,Altro,1,S. DOMENICO/(VIA),,04/12/2017,11.14
Qualità Urbana,Altro,3,RENIER/RODOLFO (VIA),,05/12/2017,13.44
Qualità Urbana,Altro,3,SERRANO/(VIA),,06/12/2017,
Qualità Urbana,Altro,3,SERRANO/(VIA),,11/12/2017,
Qualità Urbana,Altro,7,FONTANESI/ANTONIO (PIAZZA),,11/12/2017,
Qualità Urbana,Altro,9,VALENZA/(VIA),,11/12/2017,
Qualità Urbana,Altro,3,FERRUCCI/FRANCESCO (CORSO),,11/12/2017,11.41
Qualità Urbana,Altro,1,SOLFERINO/(PIAZZA),,12/12/2017,
Qualità Urbana,Altro,4,SERVAIS/GIOVANNI (VIA),,12/12/2017,
Qualità Urbana,Altro,5,VAL DELLA TORRE/(VIA),,12/12/2017,11.01
Qualità Urbana,Altro,6,AOSTA/(VIA),,13/12/2017,
Qualità Urbana,Altro,3,MALTA/(VIA),,14/12/2017,
Qualità Urbana,Altro,1,REGINA MARGHERITA/(CORSO),,14/12/2017,12.01
Qualità Urbana,Altro,3,TRAPANI/(CORSO),,14/12/2017,12.56
Qualità Urbana,Altro,6,CIGNA/FRANCESCO (VIA),,14/12/2017,13.08
Qualità Urbana,Altro,4,BORGOMANERO/(VIA),,17/12/2017,
Qualità Urbana,Altro,4,DRONERO/(VIA),,20/12/2017,
Qualità Urbana,Altro,1,PO/(VIA),,20/12/2017,09.43
Qualità Urbana,Altro,5,FERRARA/(CORSO),,20/12/2017,10.42
Qualità Urbana,Altro,1,MONTEVECCHIO/RODOLFO (CORSO),,22/12/2017,
Qualità Urbana,Altro,9,SEBASTOPOLI/(CORSO),,27/12/2017,11.20
Qualità Urbana,Altro,8,NIZZA/(VIA),,27/12/2017,11.35
Qualità Urbana,Decoro e degrado urbano,1,DE GASPERI/ALCIDE (CORSO),,03/07/2017,
Qualità Urbana,Decoro e degrado urbano,10,VIGLIANI/ONORATO (VIA),Area Verde,05/07/2017,
Qualità Urbana,Decoro e degrado urbano,5,LISA/GINO (VIA),Area Verde,06/07/2017,
Qualità Urbana,Decoro e degrado urbano,7,BOLOGNA/(VIA),,06/07/2017,
Qualità Urbana,Decoro e degrado urbano,9,SPAZZAPAN/LUIGI (VIA),,06/07/2017,
Qualità Urbana,Decoro e degrado urbano,5,BADINI CONFALONIERI/ALFONSO (VIA),Area Verde,07/07/2017,
Qualità Urbana,Decoro e degrado urbano,6,CIMAROSA/DOMENICO (VIA),Area Verde,07/07/2017,
Qualità Urbana,Decoro e degrado urbano,7,AOSTA/(VIA),,07/07/2017,
Qualità Urbana,Decoro e degrado urbano,8,GALLIARI/BERNARDINO (VIA),,07/07/2017,
Qualità Urbana,Decoro e degrado urbano,2,DEL PRETE/CARLO (VIA),,08/07/2017,
Qualità Urbana,Decoro e degrado urbano,1,DE NICOLA/ENRICO (CORSO),Area Verde,10/07/2017,
Qualità Urbana,Decoro e degrado urbano,1,LAGRANGE/GIUSEPPE LUIGI (VIA),,10/07/2017,
Qualità Urbana,Decoro e degrado urbano,1,STATUTO/(PIAZZA),,10/07/2017,
Qualità Urbana,Decoro e degrado urbano,5,BOCCARDO/GIOVANNI MICHELE (VIA),,10/07/2017,
Qualità Urbana,Decoro e degrado urbano,6,BIASONI/(STRADA DEI),,10/07/2017,
Qualità Urbana,Decoro e degrado urbano,6,GIULIO CESARE/(CORSO),,10/07/2017,
Qualità Urbana,Decoro e degrado urbano,,,Area Verde,10/07/2017,11.41
Qualità Urbana,Decoro e degrado urbano,3,DI NANNI/DANTE (VIA),,11/07/2017,
Qualità Urbana,Decoro e degrado urbano,3,POLLENZO/(VIA),,11/07/2017,
Qualità Urbana,Decoro e degrado urbano,3,SPANZOTTI/MARTINO (VIA),,11/07/2017,
Qualità Urbana,Decoro e degrado urbano,5,VEROLENGO/(VIA),Area Verde,11/07/2017,
Qualità Urbana,Decoro e degrado urbano,6,BOTTESINI/GIOVANNI (PIAZZA),,11/07/2017,
Qualità Urbana,Decoro e degrado urbano,9,NIZZA/(VIA),,11/07/2017,
Qualità Urbana,Decoro e degrado urbano,4,GRAVERE/(VIA),,12/07/2017,
Qualità Urbana,Decoro e degrado urbano,4,PEYRON/AMEDEO (PIAZZA),Area Verde,12/07/2017,
Qualità Urbana,Decoro e degrado urbano,7,UNDICI FEBBRAIO/(CORSO),,12/07/2017,
Qualità Urbana,Decoro e degrado urbano,10,AGNELLI/GIOVANNI (CORSO),,12/07/2017,
Qualità Urbana,Decoro e degrado urbano,5,CALTANISSETTA/VIA),Area Verde,13/07/2017,
Qualità Urbana,Decoro e degrado urbano,8,NIZZA/(VIA),,13/07/2017,
Qualità Urbana,Decoro e degrado urbano,4,UMBRIA/(CORSO),Area Verde,14/07/2017,
Qualità Urbana,Decoro e degrado urbano,7,EMILIA/(CORSO),,14/07/2017,
Qualità Urbana,Decoro e degrado urbano,7,FIRENZE/(LUNGO DORA),,14/07/2017,
Qualità Urbana,Decoro e degrado urbano,7,GIULIA DI BAROLO/(VIA),,14/07/2017,
Qualità Urbana,Decoro e degrado urbano,8,LANZA/GIOVANNI (CORSO),,15/07/2017,
Qualità Urbana,Decoro e degrado urbano,1,GIOVANNI DA VERAZZANO/(VIA),,17/07/2017,
Qualità Urbana,Decoro e degrado urbano,4,RIVARA/(VIA),,17/07/2017,
Qualità Urbana,Decoro e degrado urbano,3,S. MARIA MAZZARELLO/(VIA),,17/07/2017,10.33
Qualità Urbana,Decoro e degrado urbano,,,,18/07/2017,
Qualità Urbana,Decoro e degrado urbano,2,COSENZA/(CORSO),,18/07/2017,
Qualità Urbana,Decoro e degrado urbano,4,SISMONDA/ANGELO (VIA),,18/07/2017,
Qualità Urbana,Decoro e degrado urbano,7,NOVARA/(CORSO),,18/07/2017,
Qualità Urbana,Decoro e degrado urbano,9,TUNISI/(VIA),,18/07/2017,
Qualità Urbana,Decoro e degrado urbano,1,DUCA DEGLI ABRUZZI/(CORSO),,19/07/2017,
Qualità Urbana,Decoro e degrado urbano,2,BISTAGNO/(VIA),,19/07/2017,
Qualità Urbana,Decoro e degrado urbano,1,CARLO ALBERTO/(VIA),,20/07/2017,
Qualità Urbana,Decoro e degrado urbano,6,SEMPIONE/(LARGO),,20/07/2017,
Qualità Urbana,Decoro e degrado urbano,7,BRA/(VIA),,20/07/2017,
Qualità Urbana,Decoro e degrado urbano,7,BRESCIA/(CORSO),,20/07/2017,
Qualità Urbana,Decoro e degrado urbano,7,CATANIA/(VIA),,20/07/2017,
Qualità Urbana,Decoro e degrado urbano,,,Area Verde,21/07/2017,
Qualità Urbana,Decoro e degrado urbano,1,CAPPEL VERDE/(VIA),,21/07/2017,
Qualità Urbana,Decoro e degrado urbano,9,VENTIMIGLIA/(VIA),,21/07/2017,09.19
Qualità Urbana,Decoro e degrado urbano,7,VERCELLI/(CORSO),Area Verde,21/07/2017,09.42
Qualità Urbana,Decoro e degrado urbano,2,GORIZIA/(VIA),,21/07/2017,10.52
Qualità Urbana,Decoro e degrado urbano,8,VAL S. MARTINO/(STRADA),,21/07/2017,13.07
Qualità Urbana,Decoro e degrado urbano,2,TRIPOLI/(VIA),,22/07/2017,
Qualità Urbana,Decoro e degrado urbano,3,CARSO/(VIA),,23/07/2017,
Qualità Urbana,Decoro e degrado urbano,3,AVIGLIANA/(VIA),,24/07/2017,
Qualità Urbana,Decoro e degrado urbano,5,LANZO/(STRADA),,24/07/2017,
Qualità Urbana,Decoro e degrado urbano,,,Area Verde,25/07/2017,
Qualità Urbana,Decoro e degrado urbano,6,CAVAGLIA'/ENRICO (VIA),,25/07/2017,
Qualità Urbana,Decoro e degrado urbano,7,PORPORATI/CARLO ANTONIO (VIA),,25/07/2017,
Qualità Urbana,Decoro e degrado urbano,1,DES AMBROIS/LUIGI (VIA),,27/07/2017,
Qualità Urbana,Decoro e degrado urbano,1,LAGRANGE/GIUSEPPE LUIGI (VIA),,27/07/2017,
Qualità Urbana,Decoro e degrado urbano,5,BONZO/(VIA),,27/07/2017,
Qualità Urbana,Decoro e degrado urbano,10,CANDIOLO/(VIA),,27/07/2017,
Qualità Urbana,Decoro e degrado urbano,9,PASSO BUOLE/(VIA),,28/07/2017,
Qualità Urbana,Decoro e degrado urbano,2,CADORNA/RAFFAELE (VIA),,31/07/2017,
Qualità Urbana,Decoro e degrado urbano,3,LIONE/(CORSO),,31/07/2017,
Qualità Urbana,Decoro e degrado urbano,5,BONZO/(VIA),,31/07/2017,
Qualità Urbana,Decoro e degrado urbano,7,PALERMO/(CORSO),,01/08/2017,
Qualità Urbana,Decoro e degrado urbano,8,VAL S. MARTINO/(STRADA),,01/08/2017,
Qualità Urbana,Decoro e degrado urbano,9,NIZZA/(VIA),,01/08/2017,
Qualità Urbana,Decoro e degrado urbano,3,FRANCIA/(CORSO),,02/08/2017,
Qualità Urbana,Decoro e degrado urbano,6,CIGNA/FRANCESCO (VIA),,02/08/2017,
Qualità Urbana,Decoro e degrado urbano,1,VITTORIO EMANUELE II/(CORSO),,03/08/2017,
Qualità Urbana,Decoro e degrado urbano,4,COSSA/PIETRO (VIA),,03/08/2017,
Qualità Urbana,Decoro e degrado urbano,7,GIULIO CESARE/(CORSO),,03/08/2017,
Qualità Urbana,Decoro e degrado urbano,3,BRUNELLESCHI/FILIPPO (CORSO),,08/08/2017,11.30
Qualità Urbana,Decoro e degrado urbano,2,ORBASSANO/(CORSO),,08/08/2017,13.40
Qualità Urbana,Decoro e degrado urbano,5,LUINI/BERNARDINO (VIA),,08/08/2017,15.07
Qualità Urbana,Decoro e degrado urbano,5,BREGLIO/(VIA),,10/08/2017,
Qualità Urbana,Decoro e degrado urbano,6,ENNA/(VIA),Area Verde,10/08/2017,
Qualità Urbana,Decoro e degrado urbano,4,SISMONDA/ANGELO (VIA),,16/08/2017,14.17
Qualità Urbana,Decoro e degrado urbano,6,BOTTICELLI/SANDRO (VIA),Area Verde,17/08/2017,
Qualità Urbana,Decoro e degrado urbano,8,BELFIORE/(VIA),,18/08/2017,
Qualità Urbana,Decoro e degrado urbano,9,CERCENASCO/(VIA),,18/08/2017,
Qualità Urbana,Decoro e degrado urbano,7,BRESCIA/(LARGO),,18/08/2017,13.45
Qualità Urbana,Decoro e degrado urbano,7,CHIETI/(CORSO),,21/08/2017,
Qualità Urbana,Decoro e degrado urbano,4,MOSSO/ANGELO (VIA),,22/08/2017,
Qualità Urbana,Decoro e degrado urbano,5,PIANEZZA/(VIA),,22/08/2017,
Qualità Urbana,Decoro e degrado urbano,5,SALVINI/TOMMASO (VIA),,22/08/2017,
Qualità Urbana,Decoro e degrado urbano,7,NOVARA/(CORSO),,22/08/2017,13.57
Qualità Urbana,Decoro e degrado urbano,7,ANTONELLI/ALESSANDRO (LUNGO PO),,23/08/2017,08.48
Qualità Urbana,Decoro e degrado urbano,,,Area Verde,24/08/2017,
Qualità Urbana,Decoro e degrado urbano,7,BOLOGNA/(VIA),,25/08/2017,
Qualità Urbana,Decoro e degrado urbano,9,RICHELMY/PROSPERO (VIA),,28/08/2017,12.53
Qualità Urbana,Decoro e degrado urbano,6,SETTIMO/(STRADA DI),,29/08/2017,
Qualità Urbana,Decoro e degrado urbano,1,CARLE/GIUSEPPE E ANTONIO (VIA),,30/08/2017,
Qualità Urbana,Decoro e degrado urbano,8,CREUSA/(STRADA DELLA),,30/08/2017,10.15
Qualità Urbana,Decoro e degrado urbano,1,S. DOMENICO/(VIA),,31/08/2017,
Qualità Urbana,Decoro e degrado urbano,1,TURATI/FILIPPO (CORSO),Area Verde,31/08/2017,
Qualità Urbana,Decoro e degrado urbano,10,SOMALIA/(VIA),Area Verde,31/08/2017,
Qualità Urbana,Decoro e degrado urbano,5,GROSSETO/(CORSO),,31/08/2017,11.09
Qualità Urbana,Decoro e degrado urbano,3,DE SANCTIS/FRANCESCO (VIA),,01/09/2017,
Qualità Urbana,Decoro e degrado urbano,1,ARSENALE/(VIA),,04/09/2017,
Qualità Urbana,Decoro e degrado urbano,6,MONTE TABOR/(VIA),,04/09/2017,
Qualità Urbana,Decoro e degrado urbano,6,PONT/(VIA),,06/09/2017,
Qualità Urbana,Decoro e degrado urbano,5,STRADELLA/(VIA),,06/09/2017,11.50
Qualità Urbana,Decoro e degrado urbano,2,BISTAGNO/(VIA),,07/09/2017,
Qualità Urbana,Decoro e degrado urbano,3,LANCIA/VINCENZO (LARGO),,07/09/2017,
Qualità Urbana,Decoro e degrado urbano,5,PAOLO DELLA CELLA/(VIA),,07/09/2017,
Qualità Urbana,Decoro e degrado urbano,5,MASSARI/GIUSEPPE (VIA),,07/09/2017,11.38
Qualità Urbana,Decoro e degrado urbano,4,COSSA/PIETRO (VIA),,08/09/2017,
Qualità Urbana,Decoro e degrado urbano,5,MONTESOGLIO/(VIA),,08/09/2017,
Qualità Urbana,Decoro e degrado urbano,6,TEMPIA/STEFANO (VIA),,08/09/2017,
Qualità Urbana,Decoro e degrado urbano,7,CASALE/(CORSO),,08/09/2017,
Qualità Urbana,Decoro e degrado urbano,2,TRIPOLI/(VIA),,11/09/2017,
Qualità Urbana,Decoro e degrado urbano,2,GORIZIA/(VIA),,12/09/2017,
Qualità Urbana,Decoro e degrado urbano,5,FERMI/ENRICO (VIA),,12/09/2017,
Qualità Urbana,Decoro e degrado urbano,6,MONTANARO/(VIA),Area Verde,12/09/2017,
Qualità Urbana,Decoro e degrado urbano,3,ANGROGNA/(VIA),,13/09/2017,
Qualità Urbana,Decoro e degrado urbano,2,GORIZIA/(VIA),,14/09/2017,
Qualità Urbana,Decoro e degrado urbano,6,BOTTESINI/GIOVANNI (PIAZZA),,14/09/2017,
Qualità Urbana,Decoro e degrado urbano,4,MEDICI/GIACOMO (VIA),,15/09/2017,
Qualità Urbana,Decoro e degrado urbano,7,REGIO PARCO/(CORSO),,15/09/2017,
Qualità Urbana,Decoro e degrado urbano,8,MONCALIERI/(CORSO),,15/09/2017,
Qualità Urbana,Decoro e degrado urbano,5,REISS ROMOLI/GUGLIELMO (VIA),,18/09/2017,
Qualità Urbana,Decoro e degrado urbano,5,VEROLENGO/(VIA),,18/09/2017,
Qualità Urbana,Decoro e degrado urbano,3,S. PAOLO/(VIA),,19/09/2017,
Qualità Urbana,Decoro e degrado urbano,5,COLAUTTI/ARTURO (VIA),,19/09/2017,
Qualità Urbana,Decoro e degrado urbano,,,,20/09/2017,
Qualità Urbana,Decoro e degrado urbano,7,AGRIGENTO/(LUNGO DORA),,20/09/2017,
Qualità Urbana,Decoro e degrado urbano,5,BOCCARDO/GIOVANNI MICHELE (VIA),,20/09/2017,12.32
Qualità Urbana,Decoro e degrado urbano,1,CABOTO/SEBASTIANO (VIA),,21/09/2017,
Qualità Urbana,Decoro e degrado urbano,4,FABRIZI/NICOLA (VIA),,21/09/2017,
Qualità Urbana,Decoro e degrado urbano,5,MOLISE/(CORSO),,21/09/2017,
Qualità Urbana,Decoro e degrado urbano,8,MARCONI/GUGLIELMO (CORSO),,21/09/2017,
Qualità Urbana,Decoro e degrado urbano,8,PETITTI/ILARIONE (VIA),,21/09/2017,
Qualità Urbana,Decoro e degrado urbano,5,OLIVETTI/ARRIGO (VIA),,25/09/2017,
Qualità Urbana,Decoro e degrado urbano,5,PARENZO/(VIA),,25/09/2017,
Qualità Urbana,Decoro e degrado urbano,6,BOLLENGO/(VIA),Area Verde,25/09/2017,
Qualità Urbana,Decoro e degrado urbano,9,MARONCELLI/PIERO (CORSO),,25/09/2017,
Qualità Urbana,Decoro e degrado urbano,6,PACINI/GIOVANNI (VIA),,25/09/2017,12.55
Qualità Urbana,Decoro e degrado urbano,1,MATTEOTTI/GIACOMO (CORSO),,26/09/2017,
Qualità Urbana,Decoro e degrado urbano,2,CAPRERA/(VIA),,26/09/2017,
Qualità Urbana,Decoro e degrado urbano,6,DESANA/(VIA),,26/09/2017,
Qualità Urbana,Decoro e degrado urbano,6,RIVAROSSA/(VIA),,26/09/2017,
Qualità Urbana,Decoro e degrado urbano,1,FERRARIS/GALILEO (CORSO),,27/09/2017,
Qualità Urbana,Decoro e degrado urbano,,,Area Verde,28/09/2017,
Qualità Urbana,Decoro e degrado urbano,2,GAIDANO/PAOLO (VIA),,28/09/2017,
Qualità Urbana,Decoro e degrado urbano,7,BRESCIA/(CORSO),,28/09/2017,
Qualità Urbana,Decoro e degrado urbano,3,MONTE CUCCO/(CORSO),,29/09/2017,
Qualità Urbana,Decoro e degrado urbano,4,TALUCCHI/GIUSEPPE (VIA),,29/09/2017,
Qualità Urbana,Decoro e degrado urbano,7,AGRIGENTO/(LUNGO DORA),,29/09/2017,
Qualità Urbana,Decoro e degrado urbano,8,LODOVICA/(VIA),,29/09/2017,
Qualità Urbana,Decoro e degrado urbano,3,ROSSO/MEDARDO (VIA),,02/10/2017,07.39
Qualità Urbana,Decoro e degrado urbano,1,LAGRANGE/GIUSEPPE LUIGI (VIA),,02/10/2017,12.05
Qualità Urbana,Decoro e degrado urbano,,,,04/10/2017,
Qualità Urbana,Decoro e degrado urbano,5,SAURO/NAZARIO (PIAZZA),,04/10/2017,
Qualità Urbana,Decoro e degrado urbano,6,PARELLA/(VIA),,04/10/2017,
Qualità Urbana,Decoro e degrado urbano,8,D'AZEGLIO/MASSIMO (CORSO),Area Verde,04/10/2017,
Qualità Urbana,Decoro e degrado urbano,5,VALLETTE/(STRADA DELLE),Area Verde,05/10/2017,
Qualità Urbana,Decoro e degrado urbano,8,D'AZEGLIO/MASSIMO (CORSO),,05/10/2017,
Qualità Urbana,Decoro e degrado urbano,3,LANCIA/VINCENZO (LARGO),,05/10/2017,10.21
Qualità Urbana,Decoro e degrado urbano,1,GOVONE/GIUSEPPE (CORSO),,06/10/2017,
Qualità Urbana,Decoro e degrado urbano,3,BORSELLINO/PAOLO (VIA)/,,06/10/2017,
Qualità Urbana,Decoro e degrado urbano,3,STELVIO/(VIA),,06/10/2017,
Qualità Urbana,Decoro e degrado urbano,6,VERCELLI/(CORSO),,06/10/2017,
Qualità Urbana,Decoro e degrado urbano,9,GIORDANO/BRUNO (VIA),,06/10/2017,
Qualità Urbana,Decoro e degrado urbano,4,DOMODOSSOLA/(VIA),,06/10/2017,09.43
Qualità Urbana,Decoro e degrado urbano,7,CAMINO/GIUSEPPE (VIA),,09/10/2017,
Qualità Urbana,Decoro e degrado urbano,7,CECCHI/ANTONIO (VIA),,09/10/2017,09.09
Qualità Urbana,Decoro e degrado urbano,4,MARCHE/(CORSO),,10/10/2017,
Qualità Urbana,Decoro e degrado urbano,5,STAMPALIA/(PIAZZA),,10/10/2017,
Qualità Urbana,Decoro e degrado urbano,5,STAMPALIA/(PIAZZA),Area Verde,10/10/2017,
Qualità Urbana,Decoro e degrado urbano,3,FRANCIA/(CORSO),,11/10/2017,
Qualità Urbana,Decoro e degrado urbano,3,ISONZO/(VIA),,11/10/2017,
Qualità Urbana,Decoro e degrado urbano,3,S. MARIA MAZZARELLO/(VIA),,11/10/2017,
Qualità Urbana,Decoro e degrado urbano,7,BELGIO/(CORSO),,11/10/2017,
Qualità Urbana,Decoro e degrado urbano,7,CIRIO/FRANCESCO (VIA),,12/10/2017,
Qualità Urbana,Decoro e degrado urbano,1,S. CHIARA/(VIA),,13/10/2017,
Qualità Urbana,Decoro e degrado urbano,3,ROSSELLI/CARLO E NELLO (CORSO),,13/10/2017,
Qualità Urbana,Decoro e degrado urbano,4,NETRO/(VIA),,13/10/2017,
Qualità Urbana,Decoro e degrado urbano,7,CARDINALE ALIMONDA/GAETANO (VIA),,13/10/2017,
Qualità Urbana,Decoro e degrado urbano,9,GUALA/PIETRO FRANCESCO (VIA),,13/10/2017,
Qualità Urbana,Decoro e degrado urbano,5,ARNO'/RICCARDO (VIA),,13/10/2017,09.19
Qualità Urbana,Decoro e degrado urbano,9,SIDOLI/GIUDITTA (VIA),,13/10/2017,12.06
Qualità Urbana,Decoro e degrado urbano,1,EGIDI/PIETRO (VIA),,16/10/2017,
Qualità Urbana,Decoro e degrado urbano,5,COPPINO/MICHELE (VIA),,16/10/2017,
Qualità Urbana,Decoro e degrado urbano,9,MARONCELLI/PIERO (CORSO),,16/10/2017,
Qualità Urbana,Decoro e degrado urbano,10,VIGLIANI/ONORATO (VIA),,16/10/2017,
Qualità Urbana,Decoro e degrado urbano,10,VIGLIANI/ONORATO (VIA),,16/10/2017,
Qualità Urbana,Decoro e degrado urbano,5,VEROLENGO/(VIA),Area Verde,17/10/2017,
Qualità Urbana,Decoro e degrado urbano,6,CHIESA/DAMIANO (VIA),,17/10/2017,
Qualità Urbana,Decoro e degrado urbano,7,SIENA/(LUNGO DORA),,17/10/2017,
Qualità Urbana,Decoro e degrado urbano,4,CORDERO DI PAMPARATO/FELICE (VIA),,18/10/2017,
Qualità Urbana,Decoro e degrado urbano,8,MICHELOTTI/IGNAZIO (PARCO),,18/10/2017,
Qualità Urbana,Decoro e degrado urbano,7,BRA/(VIA),,18/10/2017,09.42
Qualità Urbana,Decoro e degrado urbano,4,CIBRARIO/LUIGI (VIA),,18/10/2017,10.29
Qualità Urbana,Decoro e degrado urbano,3,BORGONE/(VIA),,18/10/2017,10.55
Qualità Urbana,Decoro e degrado urbano,1,DE GASPERI/ALCIDE (CORSO),,19/10/2017,
Qualità Urbana,Decoro e degrado urbano,6,MONTEVERDI/CLAUDIO (VIA),,19/10/2017,
Qualità Urbana,Decoro e degrado urbano,3,CHALLANT/(VIA),,20/10/2017,
Qualità Urbana,Decoro e degrado urbano,5,SANSOVINO/ANDREA (VIA),,20/10/2017,
Qualità Urbana,Decoro e degrado urbano,9,PIACENZA/(VIA),,20/10/2017,
Qualità Urbana,Decoro e degrado urbano,1,CAVOUR (VIA),,21/10/2017,
Qualità Urbana,Decoro e degrado urbano,1,S. DOMENICO/(VIA),,22/10/2017,
Qualità Urbana,Decoro e degrado urbano,1,GARIBALDI/GIUSEPPE (VIA),,23/10/2017,
Qualità Urbana,Decoro e degrado urbano,1,REGINA MARGHERITA/(CORSO),,23/10/2017,
Qualità Urbana,Decoro e degrado urbano,1,VESPUCCI/AMERIGO (VIA),,23/10/2017,
Qualità Urbana,Decoro e degrado urbano,3,SPALATO/(VIA),,23/10/2017,
Qualità Urbana,Decoro e degrado urbano,1,DICIOTTO DICEMBRE/(PIAZZA),,24/10/2017,
Qualità Urbana,Decoro e degrado urbano,4,CASALIS/GOFFREDO (VIA),,24/10/2017,
Qualità Urbana,Decoro e degrado urbano,6,SETTIMO/(STRADA DI),,24/10/2017,12.06
Qualità Urbana,Decoro e degrado urbano,,,,25/10/2017,
Qualità Urbana,Decoro e degrado urbano,2,S. MARINO/(VIA),,25/10/2017,
Qualità Urbana,Decoro e degrado urbano,3,DELLEANI/LORENZO (VIA),,25/10/2017,
Qualità Urbana,Decoro e degrado urbano,3,SABOTINO/(PIAZZA),,25/10/2017,
Qualità Urbana,Decoro e degrado urbano,7,CHIAVES/DESIDERATO (PIAZZA),Area Verde,25/10/2017,
Qualità Urbana,Decoro e degrado urbano,7,FIRENZE/(LUNGO DORA),,25/10/2017,
Qualità Urbana,Decoro e degrado urbano,4,LEVANNA/(VIA),,26/10/2017,
Qualità Urbana,Decoro e degrado urbano,4,UMBRIA/(CORSO),,26/10/2017,
Qualità Urbana,Decoro e degrado urbano,1,BERTOLA/ANTONIO GIUSEPPE (VIA),,27/10/2017,
Qualità Urbana,Decoro e degrado urbano,4,FABRIZI/NICOLA (VIA),,27/10/2017,
Qualità Urbana,Decoro e degrado urbano,7,GIULIO CESARE/(CORSO),,27/10/2017,
Qualità Urbana,Decoro e degrado urbano,4,RIVOLI/(PIAZZA),,30/10/2017,
Qualità Urbana,Decoro e degrado urbano,8,NIZZA/(VIA),,30/10/2017,
Qualità Urbana,Decoro e degrado urbano,8,S. PIO V/(VIA),,30/10/2017,
Qualità Urbana,Decoro e degrado urbano,4,BORGOSESIA/(VIA),,30/10/2017,09.38
Qualità Urbana,Decoro e degrado urbano,4,PEYRON/AMEDEO (PIAZZA),,30/10/2017,13.41
Qualità Urbana,Decoro e degrado urbano,7,S. MAURIZIO/(CORSO),,31/10/2017,
Qualità Urbana,Decoro e degrado urbano,,,Area Verde,02/11/2017,
Qualità Urbana,Decoro e degrado urbano,6,VERCELLI/(CORSO),,02/11/2017,
Qualità Urbana,Decoro e degrado urbano,4,BORGOSESIA/(VIA),,03/11/2017,
Qualità Urbana,Decoro e degrado urbano,7,COMO/(VIA),Area Verde,03/11/2017,
Qualità Urbana,Decoro e degrado urbano,3,S. MARIA MAZZARELLO/(VIA),,08/11/2017,
Qualità Urbana,Decoro e degrado urbano,6,BETULLE/(VIA DELLE),,08/11/2017,
Qualità Urbana,Decoro e degrado urbano,6,PONCHIELLI/AMILCARE (VIA),,09/11/2017,
Qualità Urbana,Decoro e degrado urbano,8,MICHELOTTI/IGNAZIO (PARCO),,09/11/2017,
Qualità Urbana,Decoro e degrado urbano,4,CARRERA/VALENTINO (VIA),,13/11/2017,10.50
Qualità Urbana,Decoro e degrado urbano,5,VEROLENGO/(VIA),,13/11/2017,11.24
Qualità Urbana,Decoro e degrado urbano,1,VENTI SETTEMBRE/(VIA),,14/11/2017,
Qualità Urbana,Decoro e degrado urbano,1,VITTORIO EMANUELE II/(CORSO),,14/11/2017,
Qualità Urbana,Decoro e degrado urbano,4,FRANCIA/(CORSO),,15/11/2017,
Qualità Urbana,Decoro e degrado urbano,,,,15/11/2017,10.54
Qualità Urbana,Decoro e degrado urbano,3,FERRUCCI/FRANCESCO (CORSO),Area Verde,16/11/2017,
Qualità Urbana,Decoro e degrado urbano,8,MONCALIERI/(CORSO),,16/11/2017,
Qualità Urbana,Decoro e degrado urbano,1,BRAMANTE/(CORSO),,17/11/2017,
Qualità Urbana,Decoro e degrado urbano,2,BASILICATA/(PIAZZA),,17/11/2017,
Qualità Urbana,Decoro e degrado urbano,8,NIZZA/(VIA),,20/11/2017,08.33
Qualità Urbana,Decoro e degrado urbano,5,SANSOVINO/ANDREA (VIA),,21/11/2017,
Qualità Urbana,Decoro e degrado urbano,6,SEMPIONE/(VIA),Area Verde,21/11/2017,
Qualità Urbana,Decoro e degrado urbano,7,PALERMO/(CORSO),,21/11/2017,
Qualità Urbana,Decoro e degrado urbano,,,Area Verde,22/11/2017,
Qualità Urbana,Decoro e degrado urbano,1,MISERICORDIA/(VIA),,22/11/2017,
Qualità Urbana,Decoro e degrado urbano,,,Area Verde,23/11/2017,
Qualità Urbana,Decoro e degrado urbano,1,VERDI/GIUSEPPE (VIA),,23/11/2017,
Qualità Urbana,Decoro e degrado urbano,6,VERNA/(STRADA DELLA),,23/11/2017,
Qualità Urbana,Decoro e degrado urbano,6,LEONCAVALLO/RUGGERO (VIA),,23/11/2017,10.43
Qualità Urbana,Decoro e degrado urbano,6,ABBADIA DI STURA/(STRADA DELL'),,24/11/2017,
Qualità Urbana,Decoro e degrado urbano,4,LIVORNO/(VIA),Area Verde,24/11/2017,09.05
Qualità Urbana,Decoro e degrado urbano,5,BADINI CONFALONIERI/ALFONSO (VIA),,27/11/2017,
Qualità Urbana,Decoro e degrado urbano,3,VASSALLI-EANDI/ABATE ANTONIO (VIA),,28/11/2017,
Qualità Urbana,Decoro e degrado urbano,6,GIULIO CESARE/(CORSO),,03/12/2017,
Qualità Urbana,Decoro e degrado urbano,8,BRAMANTE/(CORSO),,04/12/2017,
Qualità Urbana,Decoro e degrado urbano,9,CARDUCCI/GIOSUE' (PIAZZA),,04/12/2017,
Qualità Urbana,Decoro e degrado urbano,10,CACCE/(STRADA DELLE),,05/12/2017,10.41
Qualità Urbana,Decoro e degrado urbano,7,ANDREIS/VITTORIO (VIA),,05/12/2017,11.06
Qualità Urbana,Decoro e degrado urbano,3,PESCHIERA/(CORSO),,06/12/2017,
Qualità Urbana,Decoro e degrado urbano,4,BELLARDI/LUDOVICO (VIA),,06/12/2017,
Qualità Urbana,Decoro e degrado urbano,8,VIOLA/(STRADA DELLA),,07/12/2017,
Qualità Urbana,Decoro e degrado urbano,1,PESCATORE/MATTEO (VIA),,11/12/2017,11.27
Qualità Urbana,Decoro e degrado urbano,4,GRAVERE/(VIA),,12/12/2017,
Qualità Urbana,Decoro e degrado urbano,7,GATTINARA/(VIA),,12/12/2017,
Qualità Urbana,Decoro e degrado urbano,8,RONCHI AI CUNIOLI ALTI/(STRADA DAI),,12/12/2017,
Qualità Urbana,Decoro e degrado urbano,4,ROCCIAMELONE/(VIA),,14/12/2017,
Qualità Urbana,Decoro e degrado urbano,5,SAORGIO/(VIA),,14/12/2017,
Qualità Urbana,Decoro e degrado urbano,1,S. MAURIZIO/(CORSO),,15/12/2017,
Qualità Urbana,Decoro e degrado urbano,3,BRUNELLESCHI/FILIPPO (CORSO),,15/12/2017,
Qualità Urbana,Decoro e degrado urbano,6,GIULIO CESARE/(CORSO),,15/12/2017,
Qualità Urbana,Decoro e degrado urbano,6,BORGO TICINO/(VIA),,17/12/2017,
Qualità Urbana,Decoro e degrado urbano,3,S. MARIA MAZZARELLO/(VIA),,18/12/2017,
Qualità Urbana,Decoro e degrado urbano,,,,19/12/2017,
Qualità Urbana,Decoro e degrado urbano,2,BISTAGNO/(VIA),,19/12/2017,
Qualità Urbana,Decoro e degrado urbano,7,AOSTA/(VIA),,19/12/2017,
Qualità Urbana,Decoro e degrado urbano,5,SANSOVINO/ANDREA (VIA),,20/12/2017,08.53
Qualità Urbana,Decoro e degrado urbano,8,DONIZETTI/GAETANO (VIA),,22/12/2017,
Qualità Urbana,Decoro e degrado urbano,1,QUATTRO MARZO/(VIA),,27/12/2017,
Qualità Urbana,Decoro e degrado urbano,2,BENE VAGIENNA/(VIA),,27/12/2017,
Qualità Urbana,Decoro e degrado urbano,5,PARENZO/(VIA),,28/12/2017,
Qualità Urbana,Decoro e degrado urbano,7,OSLAVIA/(VIA),,31/12/2017,
Qualità Urbana,Veicoli abbandonati,5,LISA/GINO (VIA),,02/10/2017,13.24
Qualità Urbana,Veicoli abbandonati,5,CINCINNATO/L. QUINZIO (CORSO),,12/12/2017,
