STREET,ADVANCE CROSSING MARKING,BIKE BOX,BIKE/EDGE LINE,CENTRE LINE,CROSSWALK LINE,GREEN SHARED-USE,LANE DIVIDER,RR TRACK STOP LINE,SCHOOL CROSSWALK LINE,SHARROW,SPEED HUMP,STOP LINE,TRAIL CROSSING,TURNING ARROW,TWO WAY LEFT TURN,YIELD LINE,TOTAL_MARKINGS
#48,0,0,0,0,0,0,0,0,1,0,0,0,0,0,0,0,1
37,0,0,0,1,0,0,0,0,0,0,0,1,0,0,0,0,2
ABERDEEN RD,0,0,0,5,0,0,0,0,0,0,0,5,0,0,0,0,10
ACACIA ST,0,0,0,2,1,0,0,0,0,0,0,2,0,0,0,0,5
ACTIVA AVE,0,0,0,13,0,0,1,0,1,0,0,16,0,1,0,0,32
ACTIVIA AVE,0,0,0,2,0,0,0,0,0,0,0,2,0,0,0,0,4
ADA ST,0,0,0,6,0,0,0,0,0,0,0,6,0,0,0,0,12
ADAM FERRIE PL,0,0,0,1,0,0,0,0,0,0,0,1,0,0,0,0,2
ADAM ST,0,0,0,1,0,0,0,0,0,0,0,1,0,0,0,0,2
ADELAIDE ST,0,0,0,4,0,0,0,0,0,0,0,4,0,0,0,0,8
ADLIN CLIFFE ST,0,0,0,2,0,0,0,0,0,0,0,1,0,0,0,0,3
ADMIRAL RD,0,0,0,1,0,0,0,0,0,0,0,1,0,0,0,0,2
AGNES ST,0,0,0,6,2,0,0,0,0,0,0,6,0,1,0,0,15
AGNES ST WALTER ST,0,0,0,1,0,0,0,0,0,0,0,0,0,0,0,0,1
AHREN ST E,0,0,0,0,0,0,0,0,0,1,0,0,0,0,0,0,1
AHREN ST W,0,0,0,0,0,0,0,0,0,1,0,0,0,0,0,0,1
AHRENS,0,0,0,0,0,0,0,2,0,0,0,0,0,0,0,0,2
AHRENS ST,1,0,0,0,0,0,0,0,0,0,0,8,0,0,0,0,9
AHRENS ST E,0,0,0,2,1,0,0,0,0,0,0,2,0,0,0,0,5
AHRENS ST W,7,0,0,19,7,0,0,1,0,0,0,11,0,0,0,0,45
ALICE AVE,0,0,0,2,0,0,0,0,0,0,0,2,0,0,0,0,4
ALPINE CRT,0,0,0,1,0,0,0,0,0,0,0,1,0,0,0,0,2
ALPINE RD,0,0,0,3,0,0,0,0,0,0,4,5,0,3,0,1,16
AMBER DR,0,0,0,2,1,0,0,0,0,0,0,2,0,0,0,0,5
AMELIA CRT,0,0,0,1,0,0,0,0,0,0,0,1,0,0,0,0,2
AMELIA ST,0,0,0,3,0,0,0,0,0,0,0,3,0,0,0,0,6
AMHERST DR,0,0,0,2,0,0,0,0,0,0,0,2,0,0,0,0,4
ANDREW ST,0,0,0,3,1,0,0,0,0,0,0,3,0,0,0,0,7
ANN ST,0,0,0,4,2,0,0,0,0,0,0,4,0,0,0,0,10
ANSON CRT,0,0,0,1,0,0,0,0,0,0,0,1,0,0,0,0,2
ANTHONY PL,0,0,0,2,0,0,0,0,0,0,0,1,0,0,0,0,3
ANVIL ST,0,0,0,5,0,0,0,0,1,0,0,5,0,0,0,0,11
APPALACHIAN CRES,0,0,0,3,0,0,0,0,0,0,0,2,0,0,0,0,5
APPLE RIDGE DR,0,0,0,7,0,0,0,0,0,0,0,8,0,0,0,0,15
APPLE TREE CRT,0,0,0,2,0,0,0,0,0,0,0,2,0,0,0,0,4
APPLE TREE DR,0,0,0,2,0,0,0,0,0,0,0,2,0,0,0,0,4
APPLEROCK CRT,0,0,0,0,0,0,0,0,0,0,0,1,0,0,0,0,1
APPLEWOOD AVE,0,0,0,2,0,0,0,0,0,0,0,2,0,0,0,0,4
ARCHER PL,0,0,0,2,0,0,0,0,0,0,0,1,0,0,0,0,3
ARDELT AVE,0,0,0,3,0,0,1,0,0,0,0,3,0,1,0,0,8
ARDWOOD PL,0,0,0,2,0,0,0,0,0,0,0,2,0,0,0,0,4
ARGYLE AT,0,0,0,1,0,0,0,0,0,0,0,0,0,0,0,0,1
ARGYLE ST,0,0,3,7,0,0,0,0,0,0,0,7,0,0,0,0,17
ARLINGTON BLVD,0,0,0,0,0,0,1,0,0,0,0,1,0,1,0,0,3
ARMENIAN CRT,0,0,0,1,0,0,0,0,0,0,0,1,0,0,0,0,2
ARNOLD ST,0,0,1,13,2,0,0,0,0,0,0,14,0,0,0,0,30
ARNOLD STA T SEREDA RD,0,0,0,0,0,0,0,0,0,0,0,1,0,0,0,0,1
ARROWHEAD CRES,0,0,0,3,0,0,0,0,0,0,0,3,0,0,0,0,6
ARROWHEAD PL,0,0,0,1,0,0,0,0,0,0,0,1,0,0,0,0,2
ARTHUR PL,0,0,0,0,0,0,0,0,0,0,0,1,0,0,0,0,1
ASH ST,0,0,0,2,1,0,0,0,0,0,0,2,0,0,0,0,5
ASHLEY CRT,0,0,0,1,0,0,0,0,0,0,0,1,0,0,0,0,2
ASKIN PL,0,0,0,1,0,0,0,0,0,0,0,1,0,0,0,0,2
ASPEN AVE,0,0,0,2,0,0,0,0,0,0,0,2,0,0,0,0,4
AUDITORIUM,0,0,0,3,0,0,2,0,0,0,0,3,0,2,0,0,10
AUTUM REDGE TRAIL,0,0,0,1,0,0,0,0,0,0,0,0,0,0,0,0,1
AUTUM RIDGE,0,0,0,1,0,0,0,0,0,0,0,0,0,0,0,0,1
AUTUM RIDGE TRAIL,0,0,0,2,0,0,0,0,0,0,0,2,0,0,0,0,4
AUTUMN HILL CRES,0,0,0,5,1,0,0,0,0,0,0,5,0,0,0,0,11
AUTUMN RIDGE TRAIL,0,0,0,2,0,0,0,0,0,0,0,4,0,0,0,0,6
AVALON PL,0,0,0,4,0,0,0,0,0,0,0,4,0,0,0,0,8
AVON RD,0,0,0,4,0,0,0,0,0,0,0,5,0,0,0,0,9
AVONDALE AVE,0,0,0,4,0,0,0,0,0,0,0,5,0,0,0,0,9
BADEN CRT,0,0,0,1,0,0,0,0,0,0,0,1,0,0,0,0,2
BAIRD AVE,0,0,0,4,0,0,0,0,0,0,0,4,0,1,0,0,9
BALFOUR CRES,0,0,0,2,0,0,0,0,0,0,0,1,0,0,0,0,3
BALIFOUR CRES,0,0,0,0,0,0,0,0,0,0,0,1,0,0,0,0,1
BALMORAL DR,0,0,0,2,0,0,0,0,0,0,0,2,0,0,0,0,4
BALZER RD,0,0,0,1,0,0,0,0,0,0,0,0,0,0,0,0,1
BANBURY ST,0,0,0,1,1,0,0,0,0,0,0,2,0,0,0,0,4
BANCROFT ST,0,0,0,2,0,0,0,0,0,0,0,2,0,0,0,0,4
BANFF PL,0,0,0,1,0,0,0,0,0,0,0,1,0,0,0,0,2
BANFFSHIRE CRES,0,0,0,1,0,0,0,0,0,0,0,1,0,0,0,0,2
BANFFSHIRE CRT,0,0,0,1,0,0,0,0,0,0,0,1,0,0,0,0,2
BANFFSHIRE CRT TA BANFFSHIRE ST,0,0,0,0,0,0,0,0,0,0,0,1,0,0,0,0,1
BANFFSHIRE ST,0,0,0,3,0,0,0,0,0,0,0,2,0,0,0,0,5
BANFSHIRE ST,0,0,0,0,0,0,0,0,0,0,0,1,0,0,0,0,1
BANKSIDE CRES,0,0,0,2,0,0,0,0,0,0,0,2,0,0,0,0,4
BANKSIDE DR,0,0,0,8,5,0,4,0,0,0,0,12,0,4,0,0,33
BANNKSIDE DR,0,0,0,0,0,0,0,0,0,0,0,1,0,0,0,0,1
BANNOCKBURN RD,0,0,0,1,0,0,0,0,0,0,0,1,0,0,0,0,2
BARBARA CRES,0,0,0,2,0,0,0,0,0,0,0,2,0,0,0,0,4
BARBERRY PL,0,0,0,2,0,0,0,0,0,0,0,3,0,0,0,0,5
BARCLAY AVE,0,0,0,3,0,0,0,0,0,0,0,3,0,0,0,0,6
BARWOOD CRES,0,0,0,2,0,0,2,0,0,0,0,1,0,2,0,0,7
BATTERSWOOD CRT,0,0,0,1,0,0,0,0,0,0,0,1,0,0,0,0,2
BATTLER DR,0,0,0,0,0,0,0,0,0,0,0,0,0,7,0,0,7
BATTLER RD,0,0,2,3,0,0,6,0,0,0,0,8,0,8,0,0,27
BAXTER CRT,0,0,0,0,0,0,0,0,0,0,0,0,0,4,0,0,4
BAXTER PL,0,0,1,2,0,0,2,0,0,0,0,2,0,0,0,0,7
BEASLEY DR,0,0,0,0,0,0,2,0,0,0,0,2,0,6,0,0,10
BEAUMONT CRES,0,0,0,2,0,0,0,0,0,0,0,2,0,0,0,0,4
BECHTAL DR,0,0,0,0,0,0,0,0,0,0,0,0,0,5,0,0,5
BECHTEL DR,0,0,1,12,0,0,3,0,2,0,20,11,0,1,0,0,50
BECHTEL DR NEAR ANVIL ST,0,0,0,0,0,0,0,0,0,0,4,0,0,0,0,0,4
BECKER ST,0,0,0,8,0,0,0,0,0,0,0,8,0,0,0,0,16
BECKERT ST,0,0,0,0,0,0,0,0,0,0,0,1,0,0,0,0,1
BEDFORD RD,0,0,0,5,1,0,0,0,0,0,4,5,0,0,0,0,15
BEECHCROFT PL,0,0,0,1,0,0,0,0,0,0,0,1,0,0,0,0,2
BEECHMANOR CRES,0,0,0,2,0,0,0,0,0,0,0,2,0,0,0,0,4
BEECHROYAL PL,0,0,0,2,0,0,0,0,0,0,0,2,0,0,0,0,4
BELFOUR CRES,0,0,0,2,0,0,1,0,0,0,0,0,0,0,0,0,3
BELLEVIEW AVE,0,0,0,1,0,0,0,0,0,0,0,1,0,0,0,0,2
BELLVIEW AVE,0,0,0,4,0,0,0,0,0,0,0,4,0,0,0,0,8
BELMONT,0,0,1,0,12,5,2,0,0,0,0,5,0,9,0,0,34
BELMONT AVE,0,0,0,0,0,0,0,0,0,0,0,0,0,11,0,0,11
BELMONT AVE E,0,0,0,1,4,0,0,0,0,0,0,4,0,0,0,0,9
BELMONT AVE W,0,3,44,37,16,4,23,0,0,0,0,41,0,71,15,0,254
BELMONT AVE W BETWEEN TALBOT ST,0,0,3,1,0,0,1,0,0,0,0,0,0,7,2,0,14
BELMONT LANE E,0,0,1,2,1,0,0,0,0,0,0,2,0,0,0,0,6
BELMONT LANE W,0,0,0,7,0,0,0,0,0,0,0,6,0,0,0,0,13
BELMONT VILLAGE,0,0,0,0,0,0,0,0,0,0,0,0,0,11,0,0,11
BELTON DR,0,0,0,1,0,0,0,0,0,0,0,1,0,0,0,0,2
BELWOOD CRES,0,0,0,2,0,0,0,0,0,0,0,2,0,0,0,0,4
BEND,0,0,1,2,0,0,0,0,0,0,0,0,0,0,0,0,3
BEND LINDEN AVE,0,0,0,1,0,0,0,0,0,0,0,0,0,0,0,0,1
BENESFORT CRES,0,0,0,3,0,0,0,0,0,0,0,3,0,0,0,0,6
BENESFORT DR,0,0,0,5,0,0,0,0,0,0,0,5,0,0,0,0,10
BENT WILLOW DR,0,0,0,2,0,0,0,0,0,0,0,2,0,0,0,0,4
BENTON ST,0,0,0,5,4,0,0,0,0,1,0,6,0,0,0,0,16
BERWICK PL,0,0,0,1,0,0,0,0,0,0,0,1,0,0,0,0,2
BETTINA PL,0,0,0,1,0,0,0,0,0,0,0,1,0,0,0,0,2
BETTLEY CRES,0,0,0,2,0,0,0,0,0,0,0,2,0,0,0,0,4
BETWEEN ASKIN PL AND MIDLAND DR,0,0,0,0,0,0,0,0,0,0,4,0,0,0,0,0,4
BETWEEN FAIRWAY RD N AND SOUTHILL DR,0,0,0,0,0,0,0,0,1,0,0,0,0,0,0,0,1
BETZENER AVE N,0,0,0,1,0,0,0,0,0,0,0,1,0,0,0,0,2
BETZENER AVE S,0,0,0,1,0,0,0,0,0,0,0,0,0,0,0,0,1
BETZNER AVE N,0,0,0,0,0,0,0,0,0,0,0,2,0,0,0,0,2
BETZNER AVE S,0,0,0,0,0,0,0,0,0,0,0,1,0,0,0,0,1
BIANCA CRT,0,0,0,1,0,0,0,0,0,0,0,1,0,0,0,0,2
BIEHN DR,0,0,0,17,0,0,0,0,0,0,0,14,0,0,0,0,31
BIEHN SR,0,0,0,0,0,0,0,0,0,0,0,1,0,0,0,0,1
BINGEMAN CENTRE DR CENTRE LEFT TURN LANE,0,0,0,0,0,0,0,0,0,0,0,0,0,11,0,0,11
BINGEMAN ST,0,0,0,5,0,0,0,0,0,0,0,10,0,0,0,0,15
BINGEMANS CENTRE,1,0,2,0,0,0,0,0,0,0,0,0,0,0,0,0,3
BINGEMANS CENTRE DR,3,0,2,3,1,0,9,2,0,0,0,2,0,1,0,0,23
BINSCARTH RD,0,0,0,2,0,0,0,0,0,0,0,2,0,0,0,0,4
BIRCH AVE,0,0,0,5,1,0,0,0,0,0,0,5,0,0,0,0,11
BIRCHCLIFF AVE,0,0,0,4,0,0,0,0,2,0,0,4,0,0,0,0,10
BIRKSHIRE CRT,0,0,0,1,0,0,0,0,0,0,0,1,0,0,0,0,2
BISHOP CRT,0,0,0,1,0,0,0,0,0,0,0,1,0,0,0,0,2
BISMARK AVE,0,0,0,3,0,0,0,0,0,0,0,2,0,0,0,0,5
BLACK MAPLE CRES,0,0,0,2,0,0,0,0,0,0,0,0,0,0,0,0,2
BLACK MAPLE CRT,0,0,0,2,0,0,0,0,0,0,0,0,0,0,0,0,2
BLACK WALNUT DR,0,0,0,3,0,0,0,0,0,0,0,8,0,0,0,0,11
BLACK WALNUT PL,0,0,0,1,0,0,0,0,0,0,0,1,0,0,0,0,2
BLACKFRIARD PL,0,0,0,1,0,0,0,0,0,0,0,0,0,0,0,0,1
BLACKFRIARS PL,0,0,0,0,0,0,0,0,0,0,0,1,0,0,0,0,1
BLACKHOME DR,0,0,0,0,0,0,1,0,0,0,0,0,0,0,0,0,1
BLACKHORNE DR,0,0,0,3,0,0,0,0,0,0,0,4,0,2,0,0,9
BLACKWELL DR,0,0,0,15,0,0,0,0,0,0,0,15,0,0,0,0,30
BLAIR CREEK DR,0,0,0,2,0,0,0,0,0,0,0,0,0,0,0,0,2
BLEAMS DR,0,0,0,0,0,0,0,0,0,0,0,1,0,0,0,0,1
BLEAMS RD,0,0,0,9,0,0,6,0,0,0,0,12,0,6,0,3,36
BLOBK LINE RD,0,0,0,0,1,0,0,0,0,0,0,1,0,0,0,0,2
BLOCK LINE,0,0,2,0,1,0,0,1,0,0,0,1,0,4,0,0,9
BLOCK LINE DR,0,0,0,0,0,0,1,0,0,0,0,0,0,0,0,0,1
BLOCK LINE RD,0,0,50,13,1,0,28,0,0,0,0,14,0,1,0,22,129
BLOCK LINE RD AY KINGSWOOD DR,0,0,0,0,3,0,0,0,0,0,0,0,0,0,0,0,3
BLOCK LINE RD WESTMOUNT,0,0,0,0,0,0,0,0,0,0,0,0,0,26,0,0,26
BLOCKLINE RD,0,0,0,0,0,0,0,0,0,0,0,0,0,4,0,0,4
BLOOMINGDALE RD,0,0,0,6,6,0,0,0,0,0,0,6,0,0,0,0,18
BLUCHER BLVD,0,0,0,3,1,0,0,0,0,0,0,3,0,0,0,0,7
BLUCHER ST,0,0,0,11,2,0,0,0,0,0,0,12,0,0,0,0,25
BLUE SPRUCE CRT,0,0,0,1,0,0,0,0,0,0,0,1,0,0,0,0,2
BLUERIDGE AVE,0,0,0,2,0,0,0,0,0,0,0,2,0,0,0,0,4
BOEHMER ST,0,0,0,5,0,0,0,0,0,0,0,5,0,0,0,0,10
BOND ST,0,0,0,2,0,0,0,0,0,0,0,2,0,0,0,0,4
BONFAIR CRT,0,0,0,1,0,0,0,0,0,0,0,1,0,0,0,0,2
BONFIELD PL,0,0,0,1,0,0,0,0,0,0,0,1,0,0,0,0,2
BONIFACE AVE,0,0,0,3,0,0,0,0,0,0,0,3,0,0,0,0,6
BONN BANK CRT,0,0,0,1,0,0,0,0,0,0,0,0,0,0,0,0,1
BONNYBANK CRT,0,0,0,0,0,0,0,0,0,0,0,1,0,0,0,0,1
BONNYLYN DR,0,0,0,2,0,0,0,0,0,0,0,2,0,0,0,0,4
BORDEN,0,0,0,0,0,0,0,0,0,0,0,1,0,0,0,0,1
BORDEN AVE,0,0,0,1,0,0,0,0,0,0,0,0,0,0,0,0,1
BORDEN AVE N,0,0,0,4,0,0,1,0,1,0,0,10,0,2,0,0,18
BORDEN AVE S,0,0,0,4,1,0,1,0,0,0,0,3,0,0,0,0,9
BORDEN AVE S FROM KING ST E,0,0,0,0,0,0,1,0,0,0,0,0,0,1,0,0,2
BORDEN PKY,0,0,0,3,2,0,0,0,0,0,0,3,0,0,0,0,8
BOUND BROOK CRT,0,0,0,1,0,0,0,0,0,0,0,1,0,0,0,0,2
BOURNEMOUTH AVE,0,0,0,2,0,0,0,0,0,0,0,2,0,0,0,0,4
BRADLEY DR,0,0,0,5,0,0,1,0,0,0,0,7,0,0,0,0,13
BRADLEY DR NEAR BRADLEY PL,0,0,0,0,0,0,0,0,0,0,4,0,0,0,0,0,4
BRADLEY DR NEAR VIEWMONT CLOSE,0,0,0,0,0,0,0,0,0,0,4,0,0,0,0,0,4
BRADLEY PL,0,0,0,1,0,0,0,0,0,0,0,1,0,0,0,0,2
BRAMBLEWOOD ST,0,0,0,1,1,0,1,0,0,0,0,2,0,0,0,0,5
BRAMMST,0,0,0,0,2,0,0,0,0,0,0,1,0,0,0,0,3
BRANDON AVE,0,0,0,3,0,0,0,0,0,0,0,3,0,0,0,0,6
BRANDY CRES,0,0,0,2,0,0,0,0,0,0,0,2,0,0,0,0,4
BRANT CRES,0,0,0,1,0,0,0,0,0,0,0,1,0,0,0,0,2
BRANWOOD PL,0,0,0,1,0,0,0,0,0,0,0,1,0,0,0,0,2
BRASSEY CRT,0,0,0,1,0,0,0,0,0,0,0,1,0,0,0,0,2
BRAUN ST,0,0,0,2,0,0,0,0,0,0,0,2,0,0,0,0,4
BRAUN STA T SHANLEY ST,0,0,0,1,0,0,0,0,0,0,0,1,0,0,0,0,2
BRCHTEL DR,0,0,0,0,0,0,0,0,0,0,0,1,0,0,0,0,1
BRECKENRIDGE DR,0,0,0,2,1,0,0,0,0,0,0,2,0,0,0,0,5
BRECKWOOD PL,0,0,0,1,0,0,0,0,0,0,0,1,0,0,0,0,2
BREITHAUPT ST,5,0,0,18,5,0,0,1,0,0,0,17,0,1,0,0,47
BREITHAUPT ST CROSS RAILWAY,1,0,0,0,0,0,0,0,0,0,0,0,0,0,0,0,1
BREMBEL CRES,0,0,0,2,0,0,0,0,0,0,0,2,0,0,0,0,4
BREMBEL CRT,0,0,0,1,0,0,0,0,0,0,0,1,0,0,0,0,2
BREMBEL ST,0,0,0,4,0,0,0,0,0,0,0,4,0,0,0,0,8
BRENTWOOD AVE,0,0,0,7,0,0,0,0,0,0,0,7,0,0,0,0,14
BRIAR AVE,0,0,0,2,0,0,0,0,0,0,0,2,0,0,0,0,4
BRIAR KNOLL DR,0,0,0,4,0,0,0,0,0,0,0,2,0,0,0,0,6
BRIAR KNOLL PL,0,0,0,1,0,0,0,0,0,0,0,1,0,0,0,0,2
BRIARFIELD CRT,0,0,0,1,0,0,0,0,0,0,0,1,0,0,0,0,2
BRIARFIELD ST,0,0,0,2,0,0,0,0,0,0,0,2,0,0,0,0,4
BRIARGATE DR,0,0,0,1,0,0,0,0,0,0,0,0,0,0,0,0,1
BRIARGATE DR GREENOCK DR,0,0,0,0,0,0,0,0,0,0,0,1,0,0,0,0,1
BRIARMEADOW CRES,0,0,0,2,0,0,0,0,0,0,0,2,0,0,0,0,4
BRIARMEADOW DR,0,0,0,9,0,0,0,0,0,0,0,8,0,0,0,0,17
BRIARMEADOW PL,0,0,0,2,0,0,0,0,0,0,0,2,0,0,0,0,4
BRIARMEDOW DR,0,0,0,0,0,0,0,0,0,0,0,1,0,0,0,0,1
BRIARWOOD PL,0,0,0,1,0,0,0,0,0,0,0,1,0,0,0,0,2
BRICK ST,0,0,0,2,1,0,0,0,0,0,0,2,0,0,0,0,5
BRIDGE,0,0,2,0,0,0,0,0,0,0,0,0,0,0,0,0,2
BRIDGE ST,0,0,0,1,0,0,0,0,0,0,0,0,0,0,0,0,1
BRIDGE ST E,0,0,0,5,7,0,0,0,0,0,0,7,0,0,0,2,21
BRIDGE ST W,0,0,0,0,0,0,0,0,0,0,0,1,0,0,0,2,3
BRIDGE ST W ROUNDABOUT,0,0,0,1,0,0,0,0,0,0,0,0,0,0,0,1,2
BRIDGEPORT RD,0,0,0,5,1,0,1,0,0,0,0,6,0,2,0,0,15
BRIDLERIDGE ST,0,0,0,2,0,0,0,0,0,0,0,2,0,0,0,0,4
BRIDLEWREATH CRT,0,0,0,1,0,0,0,0,0,0,0,1,0,0,0,0,2
BRIDLEWREATH ST,0,0,0,1,0,0,0,0,0,0,0,1,0,0,0,0,2
BRIEDALE DR,0,0,0,1,0,0,0,0,0,0,0,0,0,0,0,0,1
BRIEDALE PL,0,0,0,1,0,0,0,0,0,0,0,0,0,0,0,0,1
BRIERDALE DR,0,0,0,4,0,0,0,0,0,0,0,5,0,0,0,0,9
BRIERDALE PL,0,0,0,0,0,0,0,0,0,0,0,1,0,0,0,0,1
BRITTANIA CRES,0,0,0,2,0,0,0,0,0,0,0,0,0,0,0,0,2
BROADLEAF PL,0,0,0,2,0,0,0,0,0,0,0,2,0,0,0,0,4
BROADMOOR AVE,0,0,0,2,0,0,0,0,0,0,0,2,0,0,0,0,4
BROADVIEW AVE,0,0,0,6,0,0,0,0,0,0,0,8,0,0,0,0,14
BROADVIEW CRT,0,0,0,1,0,0,0,0,0,0,0,2,0,0,0,0,3
BROCK ST,0,0,0,1,1,0,0,0,0,0,0,2,0,0,0,0,4
BROKEN OAK CRES,0,0,0,1,0,0,0,0,0,0,0,1,0,0,0,0,2
BROOKFIELD CRES,0,0,1,1,0,0,0,0,0,0,0,1,0,0,0,0,3
BROOKMEAD ST,0,0,0,0,0,0,1,0,0,0,0,1,0,0,0,0,2
BROOKSIDE CRES,0,0,0,3,0,0,0,0,0,0,0,3,0,0,0,0,6
BROOKVIEW CRT,0,0,0,1,0,0,0,0,0,0,0,1,0,0,0,0,2
BRUBACHER ST,0,0,0,1,0,0,0,0,0,0,0,9,0,0,0,0,10
BRUCE,0,0,0,0,0,0,1,0,0,0,0,0,0,1,0,0,2
BRUCE ST,0,0,0,11,6,0,1,0,0,0,0,12,0,4,0,0,34
BRUCHER ST,0,0,0,1,0,0,0,0,0,0,0,0,0,0,0,0,1
BRUDER AVE,0,0,0,1,0,0,0,0,0,0,0,1,0,0,0,0,2
BRUNSWICK AVE,0,0,0,4,0,0,0,0,0,0,0,4,0,0,0,0,8
BRYAN CRT,0,0,0,2,0,0,0,0,0,0,0,2,0,0,0,0,4
BRYBECK CRES,0,0,0,2,0,0,0,0,0,0,0,2,0,0,0,0,4
BUERKLE CRT,0,0,0,0,0,0,0,0,0,0,0,1,0,0,0,0,1
BUERKLE CRT TA DOON MILLS DR,0,0,0,1,0,0,0,0,0,0,0,0,0,0,0,0,1
BURBANK RD,0,0,0,4,0,0,0,0,0,0,0,2,0,0,0,0,6
BURCE ST,0,0,0,0,0,0,0,0,0,0,0,1,0,0,0,0,1
BURGETZ AVE,0,0,0,2,0,0,0,0,0,0,0,3,0,0,0,0,5
BURKBANK RD,0,0,0,0,0,0,0,0,0,0,0,1,0,0,0,0,1
BURLINGTON DR,0,0,0,2,0,0,0,0,0,0,0,3,0,0,0,0,5
BURLINGTON ST,0,0,0,1,0,0,0,0,0,0,0,0,0,0,0,0,1
BURN,0,0,0,0,1,0,0,0,0,0,0,0,0,0,0,0,1
BURNABY CRES,0,0,0,2,0,0,0,0,0,0,0,2,0,0,0,0,4
BURNT EMBER CRT,0,0,0,1,0,0,0,0,0,0,0,1,0,0,0,0,2
BUSH CLOVER CRES,0,0,0,4,0,0,0,0,0,0,0,2,0,0,0,0,6
BUTLER LANE,0,0,0,0,0,0,0,0,0,0,0,1,0,0,0,0,1
BUTTONWOOD DR,0,0,0,2,1,0,0,0,1,0,0,2,0,0,0,0,6
BYRON AVE,0,0,0,3,1,0,0,0,1,0,0,3,0,0,0,0,8
CAIT AVE,0,0,0,2,0,0,0,0,0,0,0,2,0,0,0,0,4
CALAIS PL,0,0,0,1,0,0,0,0,0,0,0,1,0,0,0,0,2
CALMCREST DR,0,0,0,2,0,0,0,0,0,0,0,2,0,0,0,0,4
CALVERT CLOSE,0,0,0,1,0,0,0,0,0,0,0,1,0,0,0,0,2
CAMBRIDGE AVE,0,0,0,5,0,0,0,0,0,0,0,7,0,0,0,0,12
CAMBRIDGE AVEA T HEATHER AVE,0,0,0,1,0,0,0,0,0,0,0,0,0,0,0,0,1
CAMBRIDGE ST,0,0,0,1,0,0,0,0,0,0,0,0,0,0,0,0,1
CAMDEN PL,0,0,0,1,0,0,0,0,0,0,0,1,0,0,0,0,2
CAMEO DR,0,0,0,2,0,0,0,0,0,0,0,2,0,0,0,0,4
CAMERON ST N,0,0,0,2,0,0,0,0,1,0,0,17,0,0,0,0,20
CAMERON ST S,0,0,0,2,1,0,0,0,0,0,0,2,0,0,0,0,5
CAMROSE CRT,0,0,0,1,0,0,0,0,0,0,0,1,0,0,0,0,2
CANDLE CRES,0,0,0,1,0,0,0,0,0,0,0,1,0,0,0,0,2
CANNES ST,0,0,0,2,0,0,0,0,0,0,0,0,0,0,0,0,2
CANTERS CLOSE,0,0,0,1,0,0,0,0,0,0,0,1,0,0,0,0,2
CAPRICE CRT,0,0,0,1,0,0,0,0,0,0,0,1,0,0,0,0,2
CARISBROOK DR,0,0,0,1,0,0,0,0,0,0,0,0,0,0,0,3,4
CARLIN AVE,0,0,0,2,0,0,0,0,1,0,4,2,0,0,0,0,9
CARLTON ST,0,0,0,2,0,0,0,0,0,0,0,2,0,0,0,0,4
CARLYLE DR,0,0,0,4,0,0,0,0,0,0,0,4,0,0,0,0,8
CARLYLE PL,0,0,0,1,0,0,0,0,0,0,0,1,0,0,0,0,2
CARNABY CRES,0,0,0,3,0,0,0,0,0,0,0,2,0,0,0,0,5
CARNABY CRES TA CARNABY PL,0,0,0,0,0,0,0,0,0,0,0,1,0,0,0,0,1
CARNABY PL,0,0,0,1,0,0,0,0,0,0,0,0,0,0,0,0,1
CARROL ST,0,0,0,2,0,0,0,0,0,0,0,2,0,0,0,0,4
CARSON AVE,0,0,1,0,0,0,0,0,0,0,0,0,0,0,0,0,1
CARSON DR,0,0,2,11,1,0,1,0,0,0,0,8,0,1,0,0,24
CARTIER DR,0,0,0,3,0,0,0,0,0,0,0,2,0,0,0,0,5
CARWOOD AVE,0,0,0,7,1,0,1,0,0,0,8,7,0,5,0,0,29
CARWOOD CRES,0,0,0,1,0,0,0,0,0,0,0,1,0,0,0,0,2
CARYNDALE DR,0,0,0,5,0,0,0,0,0,0,0,8,0,0,0,0,13
CARYNDALE DR FROM CHAPEL HILL DR,0,0,0,1,0,0,0,0,0,0,0,0,0,0,0,0,1
CASEY DR,0,0,0,4,0,0,0,0,0,0,0,4,0,0,0,0,8
CATALINA CRT,0,0,0,1,0,0,0,0,0,0,0,1,0,0,0,0,2
CAYLEY CRT,0,0,0,1,0,0,0,0,0,0,0,1,0,0,0,0,2
CAYUGA DR,0,0,0,1,0,0,0,0,0,0,0,1,0,0,0,0,2
CECILE DR,0,0,0,2,0,0,0,0,0,0,0,1,0,0,0,0,3
CEDAR CREST ST,0,0,0,2,0,0,0,0,0,0,0,2,0,0,0,0,4
CEDAR ST,0,0,0,0,0,0,0,0,0,1,0,0,0,0,0,0,1
CEDAR ST N,0,0,0,3,0,0,4,0,0,5,0,10,0,5,0,0,27
CEDAR ST S,0,0,0,4,2,0,0,0,0,0,0,6,0,0,0,0,12
CEDARVIEW PL,0,0,0,1,0,0,0,0,0,0,0,1,0,0,0,0,2
CEDARWOODS CRES,0,0,0,4,0,0,3,0,0,0,0,2,0,0,0,0,9
CENTENNIAL RD,0,0,0,1,0,0,0,0,0,0,0,1,0,0,0,0,2
CENTRE IN THE SQUARE,0,0,0,1,0,0,3,0,0,0,0,0,0,0,0,0,4
CENTREVILLE ST,0,0,0,2,0,0,0,0,0,0,0,1,0,0,0,0,3
CENTURY HILL DR,0,0,0,1,0,0,1,0,0,0,0,1,0,2,0,0,5
CHAMPLAIN CRES,0,0,0,2,1,0,0,0,0,0,0,2,0,0,0,0,5
CHANDARIA PL,0,0,0,0,0,0,0,0,0,0,0,1,0,0,0,0,1
CHANDLER DR,0,0,0,4,0,0,0,0,0,0,8,5,0,0,0,0,17
CHANDLER RD,0,0,0,0,0,0,0,0,0,0,0,0,0,4,0,0,4
CHANDOS CRT,0,0,0,1,0,0,0,0,0,0,0,1,0,0,0,0,2
CHANDOS DR,0,0,0,3,0,0,0,0,0,0,0,3,0,0,0,0,6
CHANTILLY ST,0,0,0,2,0,0,0,0,0,0,0,0,0,0,0,0,2
CHAPEL HILL DR,0,0,0,3,0,0,0,0,0,0,0,4,0,0,0,0,7
CHAPEL ST,0,0,0,10,2,0,0,0,0,0,0,13,0,0,0,0,25
CHARLE ST E,0,0,0,0,0,0,1,0,0,0,0,0,0,0,0,0,1
CHARLES AVE E,0,0,0,1,1,0,0,0,0,0,0,1,0,0,0,0,3
CHARLES BEST PL,0,0,0,2,0,0,0,0,0,0,0,2,0,0,0,0,4
CHARLES ST,0,0,0,0,0,0,0,0,0,0,0,1,0,3,0,0,4
CHARLES ST E,0,0,2,14,13,0,5,0,0,0,0,15,0,2,0,0,51
CHARLES ST E FROMSHELDON AVE S,0,0,0,0,0,0,1,0,0,0,0,0,0,0,0,0,1
CHARLES ST K,0,0,0,0,0,0,0,0,0,0,0,1,0,0,0,0,1
CHARLES ST W,0,0,0,2,6,0,2,0,0,0,0,9,0,2,0,0,21
CHARLESTON PL,0,0,0,2,0,0,0,0,0,0,0,2,0,0,0,0,4
CHARLOTTE CRES,0,0,0,2,0,0,0,0,0,0,0,2,0,0,0,0,4
CHARLOTTE PL,0,0,0,1,0,0,0,0,0,0,0,0,0,0,0,0,1
CHARLOTTE PLL,0,0,0,0,0,0,0,0,0,0,0,1,0,0,0,0,1
CHARNWOOD CRT,0,0,0,1,0,0,0,0,0,0,0,1,0,0,0,0,2
CHARTWELL CRT,0,0,0,1,0,0,0,0,0,0,0,1,0,0,0,0,2
CHELSEA RD,0,0,0,2,0,0,0,0,0,0,0,3,0,0,0,0,5
CHEROKEE CRT,0,0,0,1,0,0,0,0,0,0,0,1,0,0,0,0,2
CHERRY ST,0,0,0,5,0,0,0,0,0,0,0,4,0,0,0,0,9
CHERRYTREE CRT,0,0,0,1,0,0,0,0,0,0,0,1,0,0,0,0,2
CHESTNUT HILL CRES,0,0,0,1,0,0,0,0,0,0,0,1,0,0,0,0,2
CHESTNUT ST,0,0,0,7,2,0,0,0,0,0,0,7,0,0,0,0,16
CHHICOPEE PARK CRT,0,0,0,0,0,0,0,0,0,0,0,1,0,0,0,0,1
CHICOPEE HILLS DR,0,0,0,0,0,0,0,0,0,0,0,0,0,0,0,1,1
CHICOPEE PARK CRT,0,0,0,1,0,0,0,0,0,0,0,0,0,0,0,0,1
CHICOPEE TERR,0,0,0,1,0,0,0,0,0,0,0,1,0,0,0,0,2
CHOPIN DR,0,0,0,4,0,0,0,0,0,0,4,5,0,0,0,0,13
CHRISTINE CRES,0,0,0,0,0,0,0,0,0,0,0,1,0,0,0,0,1
CHRISTINE CRES HALLIWELL DR,0,0,0,1,0,0,0,0,0,0,0,0,0,0,0,0,1
CHURCH ST,0,0,0,4,2,0,0,0,0,0,0,7,0,0,0,0,13
CLAREMONT AVE,0,0,2,8,1,0,2,0,0,0,0,13,0,0,0,0,26
CLAREMOUNT AVE,0,0,0,0,1,0,0,0,0,0,0,0,0,0,0,0,1
CLARENCE PL,0,0,0,2,0,0,0,0,0,0,0,2,0,0,0,0,4
CLARK AVE,0,0,0,7,2,0,0,0,0,0,20,5,0,0,0,0,34
CLARMONT AVE,0,0,0,0,0,0,0,0,0,0,0,1,0,0,0,0,1
CLAYCROFT CRES,0,0,0,4,0,0,0,0,0,0,0,4,0,0,0,0,8
CLIFFORD RD,0,0,0,1,0,0,0,0,0,0,0,1,0,0,0,0,2
CLIFTON RD,0,0,0,3,1,0,0,0,0,0,0,5,0,0,0,0,9
CLIVE RD,0,0,0,4,0,0,0,0,0,0,0,3,0,0,0,0,7
CLOVERDALE CRES,0,0,0,2,0,0,0,0,0,0,0,2,0,0,0,0,4
CLUTHE CRES,0,0,0,1,0,0,0,0,0,0,0,2,0,0,0,0,3
CLUTHE CRES TA MILLWOOD CRES,0,0,0,1,0,0,0,0,0,0,0,0,0,0,0,0,1
COBBLESTONE ST,0,0,0,1,0,0,0,0,0,0,0,2,0,0,0,0,3
COBLESTONE ST,0,0,0,1,0,0,0,0,0,0,0,0,0,0,0,0,1
COLEBROOK CRT,0,0,0,1,0,0,0,0,0,0,0,1,0,0,0,0,2
COLLEGE ENTRANCE,0,0,0,0,0,0,0,0,0,0,0,0,0,6,0,0,6
COLLEGE ST,0,0,0,1,2,0,0,0,0,4,0,4,0,0,0,0,11
COLONY DR,0,0,0,2,0,0,0,0,0,0,0,2,0,0,0,0,4
COLTON CIR,0,0,0,5,0,0,0,0,0,0,0,5,0,0,0,0,10
COLYER PL,0,0,0,1,1,0,0,0,0,0,0,1,0,0,0,0,3
COMMON WEALTH ST,0,0,0,1,0,0,0,0,0,0,0,1,0,0,0,0,2
COMMONWEALTH CRES,0,0,0,4,0,0,0,0,1,0,0,5,0,0,0,0,10
COMMONWEALTH ST,0,0,0,4,0,0,0,0,1,0,0,6,0,0,0,0,11
COMMONWEATH ST,0,0,0,3,0,0,0,0,0,0,0,2,0,0,0,0,5
CONDOR CRT,0,0,0,1,0,0,0,0,0,0,0,1,0,0,0,0,2
CONDOR ST,0,0,0,1,0,0,0,0,0,0,0,1,0,0,0,0,2
CONESTOGA COLLEGE,0,0,2,0,0,0,1,0,0,0,0,0,0,0,0,0,3
CONESTOGA COLLEGE BLVD,0,0,8,4,0,0,7,0,0,0,0,6,0,13,0,0,38
CONESTOGA COLLEGE BLVD AY HOMER WATSON BLVD,0,0,0,0,0,0,1,0,0,0,0,0,0,0,0,0,1
CONESTOGA COLLGE BLVD,0,0,0,0,0,0,0,0,0,0,0,0,0,2,0,0,2
CONFEDERATION DR,0,0,0,5,1,0,0,0,1,0,0,7,0,0,0,0,14
CONFEDERATION DR LORRAINE AVE,0,0,0,1,0,0,0,0,0,0,0,0,0,0,0,0,1
CONNAUGHT ST,0,0,0,21,1,0,0,0,2,0,0,19,0,0,0,0,43
CONNAUGT ST,0,0,0,2,0,0,0,0,0,0,0,2,0,0,0,0,4
CONNELLY DR,0,0,0,2,0,0,0,0,0,0,0,2,0,0,0,0,4
CONNOR ST,0,0,0,1,1,0,0,0,0,0,0,3,0,0,0,0,5
CONVENTRY DR,0,0,0,0,0,0,0,0,0,0,0,1,0,0,0,0,1
CONWAY AVE,0,0,0,0,0,0,0,0,0,0,0,0,0,2,0,0,2
CONWAY DR,0,0,0,4,0,0,1,0,0,0,0,5,0,0,0,0,10
COOPERSHAWK ST,0,0,0,3,0,0,0,0,0,0,0,3,0,0,0,0,6
COPPER LEAF CRES,0,0,0,3,0,0,0,0,0,0,0,3,0,0,0,0,6
COPPER LEAF ST,0,0,0,6,0,0,0,0,0,0,0,6,0,0,0,0,12
CORA DR,0,0,0,2,0,0,1,0,0,0,0,2,0,2,0,0,7
CORAL CRES,0,0,0,1,0,0,0,0,0,0,0,1,0,0,0,0,2
CORFIELD DR,0,0,0,6,0,0,0,0,0,0,0,7,0,0,0,1,14
CORFIELD PL,0,0,0,1,0,0,0,0,0,0,0,1,0,0,0,0,2
CORNELL AVE,0,0,0,3,0,0,0,0,0,0,0,3,0,0,0,0,6
CORONET LANE,0,0,0,2,0,0,1,0,0,0,0,1,0,0,0,0,4
CORORNET LANE,0,0,0,0,0,0,0,0,0,0,0,0,0,1,0,0,1
CORSICA ST,0,0,0,2,0,0,0,0,0,0,0,0,0,0,0,0,2
COSTAIN CRT,0,0,1,1,0,0,0,0,0,0,0,1,0,0,0,0,3
COTTON GRASS,0,0,0,0,0,0,0,0,0,0,0,1,0,0,0,0,1
COTTON GRASS ST,0,0,0,6,1,0,1,0,0,0,0,6,0,0,0,0,14
COUNTRY CLAIR DT,0,0,0,1,0,0,0,0,0,0,0,0,0,0,0,0,1
COUNTRY CLAIR PL,0,0,0,1,0,0,0,0,0,0,0,1,0,0,0,0,2
COUNTRY CLAIR ST,0,0,0,2,0,0,0,0,0,0,0,3,0,0,0,0,5
COUNTRY HILL DR,0,0,0,2,1,0,3,0,1,0,16,3,0,1,0,0,27
COUNTRYHILL DR,0,0,2,0,0,0,0,0,0,0,0,0,0,0,0,0,2
COUNTRYSIDE CRES,0,0,0,4,0,0,0,0,0,0,0,4,0,0,0,0,8
COUNTRYSTONE CRES,0,0,0,5,0,0,0,0,0,0,0,5,0,0,0,0,10
COUNTRYSTONE DR,0,0,0,7,2,0,0,0,0,0,0,7,0,0,0,0,16
COUNTRYSTONE PL,0,0,0,1,0,0,0,0,0,0,0,1,0,0,0,0,2
COUNTRYSTONE RD,0,0,0,1,2,0,0,0,0,0,0,1,0,0,0,0,4
COURTLADN AVE E,0,0,0,0,1,0,0,0,0,0,0,0,0,1,0,0,2
COURTLAN AVE E,0,0,0,1,2,0,0,0,0,0,0,2,0,0,0,0,5
COURTLAND AVE,0,0,0,0,0,0,0,0,0,0,0,3,0,0,0,0,3
COURTLAND AVE E,0,0,0,20,16,0,3,1,0,0,0,29,0,8,0,0,77
COURTLAND AVE W,0,0,0,2,1,0,2,0,0,3,0,1,0,1,0,0,10
COURTLAND ST,0,0,0,0,0,0,0,0,0,0,0,1,0,0,0,0,1
COVENTRY DR,0,0,0,1,0,0,0,0,0,0,0,0,0,0,0,0,1
COVINGTON CRES,0,0,0,2,0,0,0,0,0,0,0,2,0,0,0,0,4
CRAIG DR,0,0,0,3,0,0,0,0,0,0,0,3,0,0,0,0,6
CRANBROOK ST,0,0,0,5,0,0,0,0,0,0,0,5,0,0,0,0,10
CRANSHAW ST,0,0,0,2,0,0,2,0,0,0,0,3,0,4,0,0,11
CREEK RIDGE ST,0,0,0,3,0,0,0,0,0,0,0,3,0,0,0,0,6
CRESCENT ST,0,0,0,1,0,0,0,0,0,0,0,4,0,0,0,0,5
CRESS LANE,0,0,0,2,1,0,0,0,0,0,0,3,0,0,0,0,6
CRESSMAN AVE,0,0,0,2,0,0,0,0,0,0,0,2,0,0,0,0,4
CREST HAVEN ST,0,0,0,3,0,0,0,0,0,0,0,3,0,0,0,0,6
CRESTVIEW PL,0,0,0,1,0,0,0,0,0,0,0,1,0,0,0,0,2
CRESTWOOD AVE,0,0,0,2,0,0,0,0,0,0,0,2,0,0,0,0,4
CRICKET HOLLOW,0,0,0,1,0,0,0,0,0,0,0,1,0,0,0,0,2
CROSBY DR,0,0,0,7,1,0,0,0,0,0,0,7,0,0,0,0,15
CROSS,1,0,0,0,0,0,0,0,0,0,0,0,0,0,0,0,1
CROSS BETWEN WEBER ST W AND WATERLOO ST,0,0,0,0,0,0,0,1,0,0,0,0,0,0,0,0,1
CROSSWALK,0,0,0,0,0,0,0,0,0,0,1,0,0,0,0,0,1
CRSCENT ST,0,0,0,1,0,0,0,0,0,0,0,0,0,0,0,0,1
CULLODEN PL,0,0,0,1,0,0,0,0,0,0,0,1,0,0,0,0,2
CUMBERLAND PL,0,0,0,1,0,0,0,0,0,0,0,1,0,0,0,0,2
CURVE,0,0,0,3,0,0,0,0,0,0,0,0,0,0,0,0,3
CYPRUS DR,0,0,0,4,0,0,0,0,0,0,0,4,0,0,0,0,8
C_PKY STR OFF RAMP,0,0,0,0,0,0,1,0,0,0,0,2,0,0,0,0,3
C_PKY WAT OFF RAMP,0,0,0,0,0,0,1,0,0,0,0,0,0,0,0,0,1
C_PKY WAT OFFRAMP,0,0,0,0,0,0,0,0,0,0,0,0,0,0,0,3,3
DAHLIA ST,0,0,0,2,0,0,0,0,0,0,0,2,0,0,0,0,4
DAIMLER DR,0,0,0,11,0,0,0,0,0,0,0,13,0,0,0,0,24
DALEGROVE DR,0,0,0,4,0,0,0,0,0,0,0,3,0,0,0,0,7
DALEWOOD DR,0,0,0,3,1,0,0,0,0,0,0,3,0,0,0,0,7
DANE ST,0,0,0,2,0,0,2,0,0,0,0,3,0,2,0,0,9
DANIEL AVE,0,0,0,3,1,0,0,0,0,0,0,3,0,0,0,0,7
DARLINGTON PL,0,0,0,2,0,0,0,0,0,0,0,2,0,0,0,0,4
DAVID AVE,0,0,0,0,0,0,0,0,0,0,0,1,0,0,0,0,1
DAVID BERGEY DR,0,0,0,1,0,0,0,0,0,0,0,4,0,0,0,0,5
DAVID ELSEY ST,0,0,0,1,0,0,0,0,0,0,0,2,0,0,0,0,3
DAVID ST,0,0,0,4,2,0,0,0,0,3,0,11,0,3,0,0,23
DAWN RIDGE CRT,0,0,0,1,0,0,0,0,0,0,0,1,0,0,0,0,2
DAWN RIDGE DR,0,0,0,3,0,0,0,0,0,0,0,3,0,0,0,0,6
DAYMAN CRT,0,0,0,1,0,0,0,0,0,0,0,1,0,0,0,0,2
DAYTONA ST,0,0,0,1,0,0,0,0,0,0,0,1,0,0,0,0,2
DEANS GATE CRT,0,0,0,1,0,0,0,0,0,0,0,1,0,0,0,0,2
DEER RIDGE CRES,0,0,0,3,0,0,0,0,0,0,0,3,0,0,0,0,6
DEER RIDGE CRT,0,0,0,1,0,0,0,0,0,0,0,1,0,0,0,0,2
DEER RIDGE DR,0,0,0,35,1,0,2,0,0,0,0,24,0,3,0,0,65
DEER RIDGE ST,0,0,0,1,0,0,0,0,0,0,0,0,0,0,0,0,1
DEERFIELD AVE,0,0,0,2,0,0,0,0,0,0,0,2,0,0,0,0,4
DEERPARK CRES,0,0,0,2,1,0,0,0,0,0,0,2,0,0,0,0,5
DEERRIDGE DR,0,0,0,1,0,0,0,0,0,0,0,0,0,0,0,0,1
DEERWOOD CRES,0,0,0,2,0,0,0,0,0,0,0,2,0,0,0,0,4
DEKAY ST,0,0,0,6,0,0,0,0,0,0,0,7,0,0,0,0,13
DEKAY ST GUELPH ST,0,0,0,1,0,0,0,0,0,0,0,0,0,0,0,0,1
DELAWARE AVE,0,0,0,0,0,0,0,0,0,0,0,2,0,0,0,0,2
DELISLE AVE,0,0,0,2,0,0,0,0,0,0,0,2,0,0,0,0,4
DELLROY AVE,0,0,0,0,1,0,0,0,0,0,0,1,0,0,0,0,2
DELTA ST,0,0,0,1,0,0,0,0,0,0,0,2,0,0,0,0,3
DENLOW ST,0,0,0,7,0,0,0,0,0,0,0,7,0,0,0,0,14
DERBY LANE,0,0,0,2,0,0,0,0,0,0,0,2,0,0,0,0,4
DESMOND ST,0,0,0,1,0,0,0,0,0,0,0,1,0,0,0,0,2
DESMONT ST,0,0,0,1,0,0,0,0,0,0,0,1,0,0,0,0,2
DEVON ST,0,0,0,0,0,0,0,0,0,2,0,1,0,0,0,0,3
DIEPPE AVE,0,0,0,1,0,0,0,0,0,0,0,2,0,0,0,0,3
DILL ST,0,0,0,0,0,0,0,0,0,0,0,1,0,0,0,0,1
DINEEN CRT,0,0,0,1,0,0,0,0,0,0,0,1,0,0,0,0,2
DIPPE AVE,0,0,0,1,0,0,0,0,0,0,0,0,0,0,0,0,1
DIRKSEN CRT,0,0,0,0,0,0,0,0,0,0,0,1,0,0,0,0,1
DIXON ST,0,0,0,5,3,0,0,0,1,0,16,10,0,4,0,0,39
DIXON ST WEBER ST,0,0,0,2,0,0,3,0,0,0,0,0,0,0,0,0,5
DODGE DR,0,0,0,2,0,0,0,0,0,0,0,2,0,0,0,0,4
DOMINION ST,0,0,0,3,0,0,2,0,0,0,0,7,0,2,0,0,14
DONALD ST,0,0,0,3,0,0,0,0,0,0,0,3,0,0,0,0,6
DONLEY ST,0,0,0,2,0,0,0,0,0,0,0,1,0,0,0,0,3
DONLEY SY AY HOFFMAN ST,0,0,0,0,0,0,0,0,0,0,0,1,0,0,0,0,1
DONNENWERTH DR,0,0,0,6,0,0,0,0,0,0,0,6,0,0,0,0,12
DONUT SHOP,0,0,0,0,0,0,0,0,0,0,0,0,0,1,0,0,1
DOOLEY DR,0,0,0,3,0,0,0,0,0,0,0,3,0,0,0,0,6
DOON CREEK ST,0,0,0,1,0,0,0,0,0,0,0,1,0,0,0,0,2
DOON MILL DR,0,0,0,1,0,0,0,0,0,0,0,0,0,0,0,0,1
DOON MILLS DR,0,0,0,9,0,0,0,0,0,0,0,12,0,0,0,0,21
DOON RD,0,0,0,7,0,0,0,0,0,0,0,7,0,0,0,0,14
DOON S DR,0,0,0,1,0,0,1,0,0,0,0,0,0,0,0,0,2
DOON SOUTH,0,0,0,0,0,0,0,0,0,0,0,1,0,0,0,0,1
DOON SOUTH DR,0,0,2,17,1,0,0,0,0,0,0,20,0,4,0,0,44
DOON VALLEY DR,0,0,0,11,0,0,2,0,0,0,0,7,0,3,0,0,23
DOON VELLEY DR,0,0,0,1,0,0,0,0,0,0,0,0,0,0,0,0,1
DOON VILAGE RD,0,0,0,0,0,0,0,0,0,0,0,2,0,0,0,0,2
DOON VILLAG ERD,0,0,0,0,0,0,0,0,0,0,0,1,0,0,0,0,1
DOON VILLAGE DR,0,0,0,0,0,0,0,0,0,0,0,0,0,5,0,0,5
DOON VILLAGE DRD,0,0,0,0,0,0,0,0,0,0,0,0,0,4,0,0,4
DOON VILLAGE RD,0,0,22,35,1,0,11,0,1,0,0,20,0,17,0,0,107
DOON VILLAGE RD DROM DOONBROOK PL,0,0,1,0,0,0,0,0,0,0,0,0,0,0,0,0,1
DOON VILLAGE RD FROM BECHTEL DR,0,0,1,0,0,0,0,0,0,0,0,0,0,0,0,0,1
DOON VILLAVE RD,0,0,0,0,0,0,1,0,0,0,0,0,0,0,0,0,1
DOONBROOK PL,0,0,0,1,0,0,0,0,0,0,0,0,0,0,0,0,1
DOONBROOL PL,0,0,0,0,0,0,0,0,0,0,0,1,0,0,0,0,1
DOONMILLS DR,0,0,0,1,0,0,0,0,0,0,0,0,0,0,0,0,1
DOWNEY ST,0,0,0,2,0,0,0,0,0,0,0,1,0,0,0,0,3
DREGER AVE,0,0,0,3,1,0,0,0,0,0,0,3,0,0,0,0,7
DRIFTWOOD DR,0,0,0,16,0,0,0,0,0,0,0,18,0,0,0,0,34
DRIFTWOOD PL,0,0,0,1,0,0,0,0,0,0,0,1,0,0,0,0,2
DRUMOAK PL,0,0,0,1,0,0,0,0,0,0,0,1,0,0,0,0,2
DUBRICK CRES,0,0,0,1,0,0,1,0,0,0,0,2,0,0,0,0,4
DUCHESS AVE,0,0,0,1,0,0,0,0,0,0,0,1,0,0,0,0,2
DUK EST E,0,0,0,0,0,0,0,0,0,0,0,2,0,0,0,0,2
DUKE ST,0,0,0,4,2,0,0,0,0,8,0,3,0,4,0,0,21
DUKE ST E,0,0,0,5,2,0,3,0,0,0,0,11,0,2,0,0,23
DUKE ST N,0,0,0,0,1,0,0,0,0,0,0,1,0,0,0,0,2
DUKE ST W,2,0,0,15,7,0,3,0,0,0,0,24,0,5,0,0,56
DUMART PL,0,0,0,1,0,0,0,0,0,0,0,0,0,0,0,0,1
DUMFRIES AVE,0,0,0,4,0,0,0,0,0,0,0,4,0,0,0,0,8
DUMFRIES ST,0,0,0,1,0,0,0,0,0,0,0,0,0,0,0,0,1
DUNBAR RD,0,0,0,7,1,0,0,0,0,0,0,13,0,0,0,0,21
DUNCAIRN AVE,0,0,0,2,0,0,0,0,0,0,0,2,0,0,0,0,4
DUNDAS AVE,0,0,0,2,1,0,0,0,0,0,0,2,0,0,0,0,5
DUNFRIES AVE,0,0,0,0,0,0,0,0,0,0,0,2,0,0,0,0,2
DUNHAM AVE,0,0,0,2,1,0,0,0,0,0,0,2,0,0,0,0,5
DUNHAM ST,0,0,0,1,1,0,0,0,0,0,0,1,0,0,0,0,3
DUNHAM SVE,0,0,0,0,0,0,0,0,0,0,0,1,0,0,0,0,1
DUNLOP PL,0,0,0,1,0,0,0,0,0,0,0,1,0,0,0,0,2
DUNNIGAN DR,0,0,0,1,0,0,0,0,0,0,0,1,0,0,0,0,2
DUNNINGTON CRT,0,0,0,1,0,0,0,0,0,0,0,1,0,0,0,0,2
DUNSMERE CRT,0,0,0,1,0,0,0,0,0,0,0,1,0,0,0,0,2
DUNSMERE DR,0,0,0,6,0,0,0,0,0,0,4,3,0,0,0,0,13
DURHAM ST,0,0,0,3,0,0,0,0,0,0,0,2,0,0,0,0,5
EAGEN DR,0,0,0,6,0,0,0,0,0,0,0,7,0,0,0,0,13
EAGLECREST ST,0,0,0,1,0,0,0,0,0,0,0,1,0,0,0,0,2
EARL ST,0,0,0,5,0,0,0,0,0,0,0,5,0,0,0,0,10
EAST AVE,0,0,4,21,8,0,9,0,2,0,0,22,0,5,0,0,71
EAST FOREST TRAIL,0,0,0,1,0,0,0,0,0,0,0,1,0,0,0,0,2
EAST FORET TRAIL,0,0,0,0,0,0,0,0,0,0,0,1,0,1,0,0,2
EAST LANSDOWNE,0,0,0,1,0,0,0,0,0,0,0,1,0,0,0,0,2
EAST ST N,0,0,1,0,0,0,0,0,0,0,0,0,0,0,0,0,1
EASTFOREST DR,0,0,0,0,0,0,0,0,0,0,0,0,0,1,0,0,1
EASTFOREST TRAIL,0,0,16,7,4,0,6,0,0,0,0,9,0,6,0,0,48
EASTGOREST TRAIL,0,0,1,0,0,0,0,0,0,0,0,0,0,0,0,0,1
EASTLANSDOWNE,0,0,0,1,0,0,0,0,0,0,0,0,0,0,0,0,1
EASTLANSDOWNE AVE,0,0,0,0,0,0,0,0,0,0,0,1,0,0,0,0,1
EASTWOOD DR,0,0,0,1,0,0,0,0,0,0,0,2,0,0,0,0,3
EBY ST N,0,0,0,2,0,0,0,0,0,0,0,2,0,0,0,0,4
EBY ST S,0,0,0,3,2,0,0,0,0,0,0,4,0,0,0,0,9
EBYDALE DR,0,0,0,3,0,0,0,0,0,0,0,3,0,0,0,0,6
ECKERT DR,0,0,0,0,0,0,0,0,0,0,0,0,0,2,0,0,2
ECKERT ST,0,0,0,0,1,0,0,0,0,0,0,3,0,0,0,0,4
ECKERT ST DIXON ST,0,0,0,1,0,0,0,0,0,0,0,0,0,0,0,0,1
EDEN AVE,0,0,0,3,0,0,0,0,0,0,0,3,0,0,0,0,6
EDENBRIDGE DR,0,0,0,6,0,0,0,0,0,0,0,9,0,0,0,0,15
EDENBRIDGE PL,0,0,0,1,0,0,0,0,0,0,0,1,0,0,0,0,2
EDGEHILL DR,0,0,0,4,0,0,0,0,0,0,0,4,0,0,0,0,8
EDGEWATER CRES,0,0,0,3,1,0,0,0,0,0,0,4,0,0,0,0,8
EDGEWATER CRES TA JANINE ST,0,0,0,1,0,0,0,0,0,0,0,0,0,0,0,0,1
EDGEWOOD,0,0,0,0,1,0,0,0,0,0,0,0,0,0,0,0,1
EDGEWOOD DR,0,0,0,2,0,0,0,0,0,0,0,2,0,0,0,0,4
EDINBROOK DR,0,0,0,0,0,0,0,0,0,0,0,1,0,0,0,0,1
EDINBURG RD,0,0,0,2,0,0,0,0,0,0,0,2,0,0,0,0,4
EDMUND RD,0,0,0,4,0,0,0,0,0,0,0,4,0,0,0,0,8
EDNA ST,0,0,0,2,5,0,5,0,0,0,0,5,0,5,0,0,22
EDWIN ST,0,0,0,9,1,0,0,0,0,0,0,10,0,0,0,0,20
EDWIN STAT UNION ST,0,0,0,1,0,0,0,0,0,0,0,0,0,0,0,0,1
EIGHTH AVE,0,0,0,8,0,0,0,0,0,0,0,8,0,0,0,0,16
ELIZABETH ST,0,0,0,7,1,0,0,0,0,0,0,7,0,0,0,0,15
ELKINGTON DR,0,0,0,3,0,0,0,0,0,0,0,3,0,0,0,0,6
ELLEN ST E,0,0,0,3,0,0,0,0,0,1,0,3,0,0,0,0,7
ELLEN ST W,0,0,0,1,1,0,0,0,0,1,0,1,0,0,0,0,4
ELLIS AVE,0,0,0,7,0,0,0,0,0,0,0,6,0,0,0,0,13
ELM RIDGE DR,0,0,0,8,2,2,0,0,0,0,0,8,0,0,0,0,20
ELM ST,0,0,0,1,1,0,0,0,0,0,0,1,0,0,0,0,3
ELMRIDGE DR,0,0,0,1,0,0,0,0,0,0,0,2,0,2,0,0,5
ELMSDALE DR,0,0,0,2,1,0,0,0,0,0,0,2,0,0,0,0,5
ELMWOOD AVE,0,0,0,2,0,0,0,0,0,0,0,2,0,0,0,0,4
EMERALD AVE,0,0,0,1,0,0,0,0,0,0,0,2,0,0,0,0,3
EMILION PL,0,0,1,0,0,0,0,0,0,0,0,0,0,0,0,0,1
EMMA AVE,0,0,0,2,0,0,0,0,0,0,0,2,0,0,0,0,4
EMPIRE THEATRE,0,0,0,0,0,0,1,0,0,0,0,0,0,0,0,0,1
ENGLEWOOD PL,0,0,0,1,0,0,0,0,0,0,0,1,0,0,0,0,2
EPHRAIM ST,0,0,0,7,2,0,0,0,0,0,0,6,0,0,0,0,15
ERIE AVE,0,0,0,2,0,0,0,0,0,0,4,2,0,0,0,0,8
ERINBROOK CRT,0,0,0,1,0,0,0,0,0,0,0,1,0,0,0,0,2
ERINBROOK DR,0,0,0,26,1,0,0,0,0,0,0,28,0,0,0,0,55
ERINBROOK DR FRONT OF 217 RITTENHOUSE RD,0,0,0,0,0,0,0,0,0,0,0,1,0,0,0,0,1
ERN BROOK DR,0,0,0,1,0,0,0,0,0,0,0,0,0,0,0,0,1
ESDTFOREST TRAIL,0,0,2,1,0,0,0,0,0,0,0,0,0,0,0,0,3
ESSON ST,0,0,0,1,1,0,0,0,0,0,0,1,0,0,0,0,3
ETHEL ST,0,0,0,3,0,0,0,0,0,0,0,2,0,0,0,0,5
ETHEL STA T EPHRAIM ST,0,0,0,0,0,0,0,0,0,0,0,1,0,0,0,0,1
ETON DR,0,0,0,3,0,0,0,0,0,0,0,3,0,0,0,0,6
EULER AVE,0,0,0,1,0,0,0,0,0,0,0,2,0,0,0,0,3
EVELYN CRES,0,0,0,1,0,0,0,0,0,0,0,1,0,0,0,0,2
EVENSTONE AVE,0,0,0,4,0,0,0,0,0,0,0,4,0,0,0,0,8
EVERGLADE CRES,0,0,0,2,0,0,0,0,0,0,0,2,0,0,0,0,4
EVERGREEN CRES,0,0,0,1,1,0,0,0,0,0,0,1,0,0,0,0,3
EVERWOOD RUN,0,0,0,1,0,0,0,0,0,0,0,1,0,0,0,0,2
EXECUTIVE PL,0,0,0,1,0,0,0,0,0,0,0,1,0,0,0,0,2
EXPRESSWAY,0,0,0,0,0,0,0,0,0,0,0,0,0,6,0,0,6
FAIRBANK PL,0,0,0,1,0,0,0,0,0,0,0,1,0,0,0,0,2
FAIRFIELD AVE,0,0,0,10,2,0,3,0,0,0,0,9,0,0,0,0,24
FAIRLAWN RD,0,0,0,2,0,0,0,0,0,0,0,2,0,0,0,0,4
FAIRMOUNT RD,0,0,0,5,0,0,0,0,0,0,0,5,0,0,0,0,10
FAIRVIEW AVE,0,0,0,4,1,0,0,0,0,0,0,3,0,0,0,0,8
FAIRVIEW AVE TA KING ST E,0,0,0,0,0,0,0,0,0,0,0,1,0,0,0,0,1
FAIRWAY CRES,0,0,0,3,0,0,1,0,0,0,0,4,0,2,0,0,10
FAIRWAY CRT,0,0,0,1,0,0,0,0,0,0,0,1,0,0,0,0,2
FAIRWAY PLAZA,2,0,0,0,2,0,0,0,0,0,0,0,0,0,0,0,4
FAIRWAY RD,0,0,0,3,2,0,0,0,0,0,0,3,0,8,0,0,16
FAIRWAY RD N,0,0,0,14,1,0,2,0,0,0,0,17,0,3,0,14,51
FAIRWAY RD S,0,0,0,5,0,0,12,0,0,0,0,0,0,0,0,0,17
FALCONRIDGE CRES,0,0,0,2,0,0,0,0,0,0,0,2,0,0,0,0,4
FALCONRIDGE DR,0,0,0,7,0,0,0,0,0,0,0,7,0,0,0,0,14
FALESY AVE,0,0,0,3,0,0,0,0,0,0,0,2,0,0,0,0,5
FALL HARVEST DR,0,0,0,2,0,0,0,0,0,0,0,4,0,0,0,0,6
FALLOWFIELD DR,0,0,0,0,0,0,0,0,0,0,0,0,0,0,0,6,6
FALSEY AVE,0,0,0,0,0,0,0,0,0,0,0,1,0,0,0,0,1
FARMBROOK PL,0,0,0,1,0,0,0,0,0,0,0,1,0,0,0,0,2
FARMINGTON PL,0,0,0,1,0,0,0,0,0,0,0,1,0,0,0,0,2
FARNHAM AVE,0,0,0,2,0,0,0,0,0,0,0,2,0,0,0,0,4
FARRIER DR,0,0,0,8,0,0,1,0,0,0,0,7,0,4,0,0,20
FARRIER PL,0,0,0,1,0,0,0,0,0,0,0,1,0,0,0,0,2
FEATHERSTONE CRES,0,0,0,2,0,0,0,0,0,0,0,2,0,0,0,0,4
FEATHERSTONE ST,0,0,0,3,0,0,0,0,0,0,0,4,0,0,0,0,7
FEENSTRA ST,0,0,0,2,0,0,0,0,0,0,0,2,0,0,0,0,4
FENWICK CRT,0,0,0,2,1,0,0,0,0,0,0,2,0,0,0,0,5
FERDINAND AVE,0,0,0,1,0,0,0,0,0,0,0,3,0,0,0,0,4
FERGUS AVE,0,0,0,8,2,0,4,0,0,0,0,7,0,3,0,0,24
FERNWOOD PL,0,0,0,0,0,0,0,0,0,0,0,1,0,0,0,0,1
FIELDGATE ST,0,0,0,2,0,0,0,0,0,0,0,2,0,0,0,0,4
FIFE AVE,0,0,0,4,0,0,0,0,0,0,0,6,0,0,0,0,10
FIFE AVEA T BECKER ST,0,0,0,1,0,0,0,0,0,0,0,0,0,0,0,0,1
FIFTH AVE,0,0,0,7,0,0,0,0,0,0,0,7,0,0,0,0,14
FILBERT ST,0,0,0,4,3,0,0,0,0,0,0,4,0,0,0,0,11
FISCHER CRT,0,0,0,1,0,0,0,0,0,0,0,1,0,0,0,0,2
FISCHER HALLMAN,0,0,0,0,0,0,1,0,0,0,0,0,0,2,0,0,3
FISCHER HALLMAN RD,0,1,4,7,9,0,11,0,0,0,0,20,0,15,0,0,67
FISCHERHALLMAN RD,0,0,0,1,0,0,0,0,0,0,0,1,0,0,0,0,2
FISHERHALMAN RD,0,0,0,1,0,0,0,0,0,0,0,0,0,0,0,0,1
FIVE AVE,0,0,0,1,0,0,0,0,0,0,0,0,0,0,0,0,1
FLINT DR,0,0,0,0,0,0,0,0,0,0,0,2,0,0,0,0,2
FLORAL CRES,0,0,0,1,0,0,0,0,0,0,0,2,0,0,0,0,3
FLORENCE AVE,0,0,0,5,0,0,0,0,0,0,0,5,0,0,0,0,10
FLOYD ST,0,0,0,2,0,0,0,0,0,0,0,1,0,0,0,0,3
FLOYD ST GUELPH ST,0,0,0,0,0,0,0,0,0,0,0,1,0,0,0,0,1
FOLKSTONE CRES,0,0,0,4,0,0,0,0,0,0,0,4,0,0,0,0,8
FOLKSTONE PL,0,0,0,1,0,0,0,0,0,0,0,1,0,0,0,0,2
FOREST BREEZE CRT,0,0,0,1,0,0,0,0,0,0,0,1,0,0,0,0,2
FOREST CREEK DR,0,0,0,0,0,0,0,0,0,0,0,1,0,0,0,0,1
FOREST EDGE TRAIL,0,0,0,3,0,0,0,0,0,0,0,3,0,0,0,0,6
FOREST GLEN CRES,0,0,0,3,0,0,0,0,0,0,0,3,0,0,0,0,6
FOREST GLEN CRT,0,0,0,1,0,0,0,0,0,0,0,1,0,0,0,0,2
FOREST GLEN PLAZA,0,0,0,0,3,0,2,0,0,0,0,3,0,0,0,0,8
FOREST GLEN TRANSIT TERMINAL,0,0,0,0,0,0,1,0,0,0,0,0,0,0,0,0,1
FOREST HIIL DR,0,0,0,1,0,0,0,0,0,0,0,0,0,0,0,0,1
FOREST HILL DR,0,0,0,24,2,0,0,0,1,0,0,22,0,0,0,0,49
FOREST HILLL DR,0,0,0,1,0,0,0,0,0,0,0,0,0,0,0,0,1
FORESTWOOD DR,0,0,0,20,0,0,0,0,1,0,0,12,0,0,0,0,33
FORESTWOOD DR FTOM GLEN AVON CRES,0,0,0,1,0,0,0,0,0,0,0,0,0,0,0,0,1
FORFAR AVE,0,0,0,4,0,0,0,0,0,0,0,4,0,0,0,0,8
FORFAR CRT,0,0,0,1,0,0,0,0,0,0,0,1,0,0,0,0,2
FORREST HILL DR,0,0,0,1,0,0,0,0,0,0,0,0,0,0,0,0,1
FORWELL CRT,0,0,0,1,0,0,0,0,0,0,0,1,0,0,0,0,2
FORWELL RD,0,0,0,2,2,0,0,0,0,0,0,2,0,0,0,0,6
FOUR SEASONS CRT,0,0,0,1,0,0,0,0,0,0,0,1,0,0,0,0,2
FOURTH AVE,0,0,0,4,0,0,0,0,0,0,0,4,0,0,0,0,8
FOXBROOK CRT,0,0,0,1,0,0,0,0,0,0,0,1,0,0,0,0,2
FOXGLOVE CRES,0,0,0,6,0,0,0,0,0,0,0,4,0,0,0,0,10
FOXWOOD PL,0,0,0,1,0,0,0,0,0,0,0,1,0,0,0,0,2
FRAN ELLEN CRES,0,0,0,2,0,0,0,0,0,0,0,2,0,0,0,0,4
FRANCIS ST,0,0,0,1,1,0,1,0,0,0,0,2,0,1,0,0,6
FRANCIS ST N,0,0,0,1,0,0,0,0,0,0,0,1,0,0,0,0,2
FRANCIS ST S,0,0,0,3,2,0,1,0,0,1,0,6,0,1,0,0,14
FRANKFURT ST,0,0,0,2,0,0,0,0,0,0,0,0,0,0,0,0,2
FRANKILN ST N,0,0,0,0,0,0,0,0,0,0,0,0,0,9,0,0,9
FRANKLIN PUBLIC SCHOOL,0,0,0,0,0,0,0,0,0,0,0,2,0,0,0,0,2
FRANKLIN ST N,0,0,0,21,9,0,7,0,0,0,0,17,0,5,0,0,59
FRANKLIN ST N CENTRE LEFT TURN LANE,0,0,0,0,0,0,0,0,0,0,0,0,0,6,0,0,6
FRANKLIN ST N FROM DREGER AVE,0,0,0,1,0,0,0,0,0,0,0,0,0,0,0,0,1
FRANKLIN ST S,0,0,0,8,0,0,3,0,0,0,0,16,0,0,0,0,27
FRANKLIN ST S BRIDGE,0,0,6,0,0,0,0,0,0,0,0,0,0,0,0,0,6
FREDERIC ST,0,0,0,0,0,0,1,0,0,0,0,0,0,0,0,0,1
FREDERICK ST,0,0,4,26,19,0,16,0,0,0,0,34,0,16,0,0,115
FREDRICK ST,0,0,0,0,0,0,0,0,0,2,0,0,0,0,0,0,2
FREY CRES,0,0,0,2,0,0,0,0,0,0,0,2,0,0,0,0,4
FUNG PL,0,0,0,1,0,0,0,0,0,0,0,1,0,0,0,0,2
FURNESS DR,0,0,0,2,0,0,0,0,0,0,0,2,0,0,0,0,4
GAGE,0,0,0,0,3,0,0,0,0,0,0,0,0,0,0,0,3
GAGE AVE,0,0,0,2,0,0,1,0,0,0,0,5,0,2,0,0,10
GALLARNO CRT,0,0,0,1,0,0,0,0,0,0,0,1,0,0,0,0,2
GALSGOW ST,1,0,0,0,0,0,0,0,0,0,0,0,0,0,0,0,1
GAND RIVER BLVD,0,0,0,1,0,0,0,0,0,0,0,0,0,0,0,0,1
GARDEN AVE,0,0,0,2,1,0,0,0,0,0,0,2,0,0,0,0,5
GARDEN PATH PL,0,0,0,1,0,0,0,0,0,0,0,1,0,0,0,0,2
GATEWAY PARK DR,0,0,0,5,0,0,8,0,0,0,0,2,0,1,0,0,16
GATEWAY PARK DR SPORTSWORL DR,0,0,0,0,0,0,0,0,0,0,0,1,0,21,0,0,22
GATEWAY PARK ST,0,0,0,1,0,0,0,0,0,0,0,1,0,0,0,0,2
GATEWOOD RD,0,0,0,2,0,0,0,0,0,0,0,2,0,0,0,0,4
GATSBY CRT,0,0,0,1,0,0,0,0,0,0,0,1,0,0,0,0,2
GAUKEL ST,0,0,0,4,4,0,1,0,0,2,0,8,0,4,0,0,23
GAY CRES,0,0,0,1,0,0,0,0,0,0,0,2,0,0,0,0,3
GAY CRES TA CONWAY DR,0,0,0,1,0,0,0,0,0,0,0,0,0,0,0,0,1
GEHL PL,0,0,0,1,0,0,0,0,0,0,0,1,0,0,0,0,2
GENERAL DR,0,0,0,2,1,0,0,0,0,0,0,2,0,0,0,0,5
GEORGIAN CRES,0,0,0,1,0,0,0,0,0,0,0,1,0,0,0,0,2
GEORGIAN PL,0,0,0,1,0,0,0,0,0,0,0,1,0,0,0,0,2
GEORGIAN ST,0,0,0,5,0,0,0,0,0,0,0,5,0,0,0,0,10
GERARD AVE,0,0,0,2,0,0,0,0,0,0,0,2,0,0,0,0,4
GERGUS AVE,0,0,0,1,0,0,0,0,0,0,0,0,0,0,0,0,1
GIBSON,0,0,1,0,0,0,0,0,0,0,0,0,0,0,0,0,1
GIBSON CRT,0,0,0,1,0,0,0,0,0,0,0,1,0,0,0,0,2
GIBSON DR,0,0,0,6,0,0,1,0,0,0,0,6,0,2,0,0,15
GILDNER ST,0,0,0,4,0,0,0,0,0,0,0,4,0,0,0,0,8
GILMOUR CRES,0,0,0,2,2,0,0,0,0,0,0,2,0,0,0,0,6
GLAGOW ST,0,0,0,0,0,0,1,0,0,0,0,0,0,0,0,0,1
GLASGLOW ST,0,0,0,0,0,0,0,0,0,0,0,0,0,1,0,0,1
GLASGOW,0,0,0,0,4,1,2,0,0,0,0,6,0,9,0,0,22
GLASGOW AVE,0,0,1,0,0,0,0,0,0,0,0,0,0,0,0,0,1
GLASGOW ST,1,1,14,33,4,2,11,2,0,0,1,32,0,14,0,0,115
GLASGOW ST FROM GRUHN ST PARK ST,0,0,0,1,0,0,0,0,0,0,0,0,0,0,0,0,1
GLEN AVON CRES,0,0,0,2,0,0,0,0,0,0,0,2,0,0,0,0,4
GLEN LAKE CRES,0,0,0,2,0,0,0,0,0,0,0,2,0,0,0,0,4
GLEN PARK CRES,0,0,0,2,0,0,0,0,0,0,0,2,0,0,0,0,4
GLEN RD,0,0,0,8,0,0,0,0,0,0,0,10,0,0,0,0,18
GLENCLIFFE CRT,0,0,0,1,0,0,0,0,0,0,0,1,0,0,0,0,2
GLENDALE RD,0,0,0,1,0,0,0,0,0,0,0,4,0,0,0,0,5
GLENWOOD DR,0,0,0,1,0,0,0,0,0,0,0,2,0,0,0,0,3
GLOUCESTER CRT,0,0,0,1,0,0,0,0,0,0,0,1,0,0,0,0,2
GLSGOW ST,0,0,0,1,0,0,0,0,0,0,0,1,0,0,0,0,2
GOLDEN MEADOW CRES,0,0,0,2,0,0,0,0,0,0,0,2,0,0,0,0,4
GOLDEN MEADOW DR,0,0,0,4,0,0,0,0,0,0,0,4,0,0,0,0,8
GOLDEN TERRACE CRT,0,0,0,1,0,0,0,0,0,0,0,1,0,0,0,0,2
GOLFVIEW PL,0,0,0,1,0,0,0,0,0,0,0,1,0,0,0,0,2
GOODRICH DR,0,0,0,1,0,0,0,0,0,0,0,3,0,6,0,0,10
GOODRICH DR WILSON AVE,0,0,0,1,0,0,2,0,0,0,0,1,0,0,0,0,4
GORDON AVE,0,0,0,2,0,0,0,0,0,0,0,2,0,0,0,0,4
GOTTSCHEER CRT,0,0,0,2,0,0,0,0,0,0,0,2,0,0,0,0,4
GOUDIES LANE FREDERICK ST,0,0,0,1,0,0,0,0,0,0,0,2,0,5,0,0,8
GOUNDRY CRES,0,0,0,2,0,0,0,0,0,0,0,2,0,0,0,0,4
GRABER PL,0,0,0,1,0,0,0,0,0,0,0,1,0,0,0,0,2
GRACEFIELD CRES,0,0,0,2,0,0,0,0,0,0,4,2,0,0,0,0,8
GRAND AVE,0,0,0,0,1,0,0,0,0,0,0,0,0,0,0,0,1
GRAND CREST PL,0,0,0,1,0,0,0,0,0,0,0,1,0,0,0,0,2
GRAND HILL DR,0,0,0,6,0,0,1,0,0,0,0,5,0,1,0,0,13
GRAND RIVER BLVD,0,0,0,13,0,0,1,0,0,0,0,17,0,1,0,0,32
GRANITE CLUB,0,0,0,0,1,0,0,0,0,0,0,0,0,1,0,0,2
GRASSWOOD ST,0,0,0,2,0,0,0,0,0,0,0,2,0,0,0,0,4
GRAY ST,0,0,0,2,0,0,0,0,0,0,0,2,0,0,0,0,4
GRAYSTONE AVE,0,0,0,2,0,0,0,0,0,0,0,2,0,0,0,0,4
GREEN ST,0,0,0,1,1,0,2,0,0,0,0,4,0,5,0,0,13
GREEN VALLEY DR,0,0,0,5,0,0,0,0,0,0,0,5,0,0,0,0,10
GREENABLE WAY,0,0,0,1,0,0,0,0,0,0,0,1,0,0,0,0,2
GREENBOUGH CRT,0,0,0,1,0,0,0,0,0,0,0,1,0,0,0,0,2
GREENBROOK DR,0,0,0,19,2,0,3,0,0,0,24,16,0,10,0,0,74
GREENBROOK DR NEAR BIRCHCLIFFE,0,0,0,0,0,0,0,0,0,0,4,0,0,0,0,0,4
GREENBROOK DR NEAR RUSKVIEW,0,0,0,0,0,0,0,0,0,0,4,0,0,0,0,0,4
GREENBROOK DR NEAR STONYBROOK,0,0,0,0,0,0,0,0,0,0,4,0,0,0,0,0,4
GREENCROFT CRT,0,0,0,1,0,0,0,0,0,0,0,1,0,0,0,0,2
GREENDALE CRES,0,0,0,1,0,0,0,0,0,0,0,2,0,0,0,0,3
GREENDALE CRES TA MORGAN AVE,0,0,0,1,0,0,0,0,0,0,0,0,0,0,0,0,1
GREENFIELD AVE,0,0,0,19,1,0,0,0,0,0,0,19,0,0,0,0,39
GREENGABLE CRT,0,0,0,1,0,0,0,0,0,0,0,1,0,0,0,0,2
GREENGABLE WAY,0,0,0,4,0,0,0,0,0,0,0,4,0,0,0,0,8
GREENOCK DR,0,0,0,2,0,0,0,0,0,0,0,1,0,0,0,0,3
GREGG CRT,0,0,0,1,0,0,0,0,0,0,0,1,0,0,0,0,2
GRENVILLE AVE,0,0,0,1,1,0,0,0,0,0,0,1,0,0,0,0,3
GREY FOX DR,0,0,0,7,0,0,0,0,0,0,0,5,0,0,0,0,12
GREY FOX DR WILDERNESS DR,0,0,0,0,0,0,0,0,0,0,0,1,0,0,0,0,1
GRIFFIN AVE,0,0,0,2,0,0,0,0,0,0,0,2,0,0,0,0,4
GRUHN ST,0,0,0,3,0,0,0,0,0,0,0,2,0,0,0,0,5
GRULKE ST,0,0,0,2,1,0,0,0,0,0,0,2,0,0,0,0,5
GUELPH ST,2,0,0,39,11,0,0,2,0,0,0,34,1,0,0,0,89
GUERIN AVE,0,0,0,4,0,0,0,0,0,0,4,3,0,0,0,0,11
HACKBERRY ST,0,0,0,2,0,0,0,0,0,0,0,2,0,0,0,0,4
HAHN PL,0,0,0,2,0,0,0,0,0,0,0,2,0,0,0,0,4
HALIFAX DR,0,0,0,3,0,0,0,0,1,0,0,2,0,0,0,0,6
HALIFAX DR CONFEDERATION DR,0,0,0,1,0,0,0,0,0,0,0,0,0,0,0,0,1
HALLIWELL DR,0,0,1,4,1,0,0,0,0,0,0,5,0,0,0,0,11
HALLS LANE W,0,0,0,0,0,0,0,0,0,0,0,4,0,0,0,0,4
HALLWELL DR,0,0,0,0,0,0,1,0,0,0,0,0,0,0,0,0,1
HAMEL AVE,0,0,0,4,0,0,0,0,0,0,0,4,0,0,0,0,8
HAMPLTON PL,0,0,0,1,0,0,0,0,0,0,0,0,0,0,0,0,1
HAMPTON PL,0,0,0,0,0,0,0,0,0,0,0,1,0,0,0,0,1
HANOVER ST,0,0,0,0,0,0,0,0,0,0,0,0,0,0,0,5,5
HANSON AVE,0,0,2,1,0,0,1,0,0,0,0,7,0,3,0,0,14
HARBER AVE,0,0,0,4,2,0,0,0,1,0,4,4,0,0,0,0,15
HARBER AVE BEHIND SCHOOL,0,0,0,2,0,0,0,0,0,0,0,0,0,0,0,0,2
HARCOURT CRES,0,0,0,2,0,0,0,0,0,0,0,1,0,0,0,0,3
HARDCOURT CRES TA MILLWOOD CRES,0,0,0,0,0,0,0,0,0,0,0,1,0,0,0,0,1
HARDING ST,0,0,0,3,0,0,0,0,0,0,0,3,0,0,0,0,6
HAROLD AVE,0,0,0,5,0,0,0,0,0,0,0,4,0,0,0,0,9
HARTWOOD AVE,0,0,0,8,1,0,1,0,0,0,0,7,0,0,0,0,17
HARTWOOD PL,0,0,0,2,0,0,0,0,0,0,0,2,0,0,0,0,4
HARVEST CRT,0,0,1,0,0,0,0,0,0,0,0,1,0,0,0,0,2
HAVENWOOD CRT,0,0,0,1,0,0,0,0,0,0,0,1,0,0,0,0,2
HAWKSWOOD DR,0,0,0,7,0,0,0,0,0,0,0,7,0,0,0,0,14
HAYWARD AVE,1,0,0,3,0,0,1,0,0,0,0,3,0,0,0,0,8
HAZELGLEEN DR,0,0,0,1,0,0,0,0,0,0,0,0,0,0,0,0,1
HAZELGLEN DR,0,0,0,10,0,0,0,0,0,0,0,10,0,0,0,0,20
HAZELGLEN DRAT SHADELANID CRES TO,0,0,0,1,0,0,0,0,0,0,0,0,0,0,0,0,1
HEARTH WOOD DR,0,0,0,1,0,0,0,0,0,0,0,0,0,0,0,0,1
HEARTHBRIDGE ST,0,0,0,1,0,0,0,0,0,0,0,1,0,0,0,0,2
HEARTHWAY ST,0,0,0,0,0,0,0,0,0,0,0,2,0,0,0,0,2
HEARTHWOOD CRES,0,0,0,3,0,0,0,0,0,0,0,3,0,0,0,0,6
HEARTHWOOD DR,0,0,0,2,0,0,0,0,0,0,0,4,0,0,0,0,6
HEATHER AVE,0,0,0,6,0,0,0,0,0,0,0,7,0,0,0,0,13
HEATHERWOOD PL,0,0,0,1,0,0,0,0,0,0,0,1,0,0,0,0,2
HEBEL PL,0,0,0,0,0,0,0,0,0,0,0,1,0,0,0,0,1
HEDGESTONE CRES,0,0,0,2,0,0,0,0,0,0,0,2,0,0,0,0,4
HEDGESTONE CRT,0,0,0,2,0,0,0,0,0,0,0,2,0,0,0,0,4
HEIMAN ST,0,0,2,8,0,0,0,0,0,0,0,8,0,0,0,0,18
HEINS AVE,0,0,0,1,0,0,0,0,0,2,0,1,0,0,0,0,4
HELEN AVE,0,0,0,1,0,0,0,0,0,0,0,1,0,0,0,0,2
HELENA FEASBY ST,0,0,0,6,0,0,0,0,0,0,0,6,0,0,0,0,12
HENRY ST,0,0,0,0,1,0,0,0,0,0,0,0,0,0,0,0,1
HERBERT ST,0,0,0,1,0,0,0,0,0,0,0,1,0,0,0,0,2
HERITAGE DR,0,0,1,9,5,0,1,0,0,6,28,9,0,2,0,0,61
HERITAGE RD,0,0,0,0,0,0,0,0,0,0,0,1,0,0,0,0,1
HERLAN AVE,0,0,0,2,0,0,0,0,0,0,0,2,0,0,0,0,4
HERMIE PL,0,0,0,0,0,0,0,0,0,0,0,1,0,0,0,0,1
HERTH CRES,0,0,0,1,0,0,0,0,0,0,0,1,0,0,0,0,2
HESH CRES,0,0,0,2,0,0,0,0,0,0,0,2,0,0,0,0,4
HETT AVE,0,0,0,0,0,0,0,0,0,0,0,1,0,0,0,0,1
HHOFSTETTER AVE,0,0,0,1,0,0,0,0,0,0,0,1,0,0,0,0,2
HICKORY HEIGHTS CRES,0,0,0,2,0,0,0,0,0,0,0,2,0,0,0,0,4
HICKORY HOLLOW CRES,0,0,0,2,0,0,0,0,0,0,0,1,0,0,0,0,3
HICKSON DR,0,0,2,8,1,0,1,0,0,0,0,11,0,2,0,0,25
HIDDEN CREEK DR,0,0,0,5,0,0,0,0,0,0,0,4,0,0,0,0,9
HIDDEN VALLEY CRES,0,0,0,3,0,0,0,0,0,0,0,2,0,0,0,0,5
HIDDEN VALLEY DR,0,0,0,3,0,0,0,0,0,0,0,0,0,0,0,0,3
HIDDEN VALLEY DR AT TRACKS,1,0,0,0,0,0,0,0,0,0,0,0,0,0,0,0,1
HIDDEN VALLEY RD,0,0,0,8,0,0,0,0,0,0,0,6,0,0,0,0,14
HIDDEN VALLEY RD AT TRACKS,1,0,0,0,0,0,0,2,0,0,0,1,0,0,0,0,4
HIDEWAY CRT,0,0,0,1,0,0,0,0,0,0,0,0,0,0,0,0,1
HIGH ACRES CRES,0,0,0,2,0,0,0,0,0,0,0,2,0,0,0,0,4
HIGHBARRY CRES,0,0,0,2,0,0,0,0,0,0,0,2,0,0,0,0,4
HIGHBROOK CRES,0,0,0,1,0,0,0,0,0,0,0,1,0,0,0,0,2
HIGHBROOK CRT,0,0,0,1,0,0,0,0,0,0,0,1,0,0,0,0,2
HIGHBROOK ST,0,0,0,2,0,0,0,0,0,0,0,2,0,0,0,0,4
HIGHGATE CRT,0,0,0,1,0,0,0,0,0,0,0,1,0,0,0,0,2
HIGHGATE RD,0,0,0,8,1,0,1,0,0,0,0,8,0,0,0,0,18
HIGHLAND,0,0,0,0,0,2,0,0,0,0,0,0,0,0,0,0,2
HIGHLAND AVE E,0,0,23,0,0,0,2,0,0,0,0,0,0,3,0,0,28
HIGHLAND CRES,0,0,0,6,0,0,1,0,0,0,0,6,0,3,0,0,16
HIGHLAND RD,0,0,0,0,0,0,0,0,0,0,0,3,0,5,0,0,8
HIGHLAND RD E,0,0,0,16,15,0,6,0,0,0,0,22,0,4,0,0,63
HIGHLAND RD MALL ENTRANCE,0,0,0,0,0,0,0,0,0,0,0,0,0,4,0,0,4
HIGHLAND RD R,0,0,0,1,0,0,0,0,0,0,0,0,0,0,0,0,1
HIGHLAND RD RUD,0,0,0,0,0,0,0,0,0,0,0,0,0,1,0,0,1
HIGHLAND RD W,0,0,1,19,12,1,19,0,0,0,0,28,0,22,0,0,102
HIGHLAND RD W ROUNDABOUT,0,0,0,0,0,0,1,0,0,0,0,0,0,0,0,0,1
HIGHPARK AVE,0,0,0,3,0,0,0,0,0,0,0,3,0,0,0,0,6
HIGHVIEW DR,0,0,0,14,1,0,2,0,0,0,0,11,0,0,0,0,28
HIGHVIEW DR HICKORY HOLLOW CRES,0,0,0,0,0,0,0,0,0,0,0,1,0,0,0,0,1
HIGHVIEW PL,0,0,0,1,0,0,0,0,0,0,0,1,0,0,0,0,2
HILDA PL,0,0,0,1,0,0,0,0,0,0,0,1,0,0,0,0,2
HILL ST,0,0,0,3,3,0,0,0,0,0,0,3,0,0,0,0,9
HILLBROOK CRES,0,0,0,2,0,0,0,0,0,0,0,2,0,0,0,0,4
HILLCREST LANE,0,0,0,0,0,0,0,0,0,0,0,1,0,0,0,0,1
HILLMOUNT ST,0,0,0,3,1,0,0,0,0,0,0,2,0,0,0,0,6
HILLOMUNT ST,0,0,0,0,0,0,0,0,0,0,0,1,0,0,0,0,1
HILLVIEW ST,0,0,0,4,4,0,0,0,0,0,0,4,0,0,0,0,12
HODDLE CRES,0,0,0,2,0,0,0,0,0,0,0,2,0,0,0,0,4
HOFFMAN ST,0,0,0,11,8,0,2,0,0,0,0,12,0,5,0,0,38
HOFMANN ST,0,0,0,0,1,0,0,0,0,0,0,1,0,0,0,0,2
HOFSTETTER AVE,0,0,0,2,1,0,0,0,0,0,0,2,0,0,0,0,5
HOHNER AVE,0,0,0,0,0,0,0,0,0,0,0,2,0,0,0,0,2
HOLBORN CRT,0,0,0,0,0,0,0,0,0,0,0,1,0,0,0,0,1
HOLBORN DR,0,0,0,11,0,0,2,0,0,0,0,19,0,6,0,0,38
HOLINGER CRES,0,0,0,0,1,0,0,0,0,0,0,1,0,0,0,0,2
HOLLINGER CRES,0,0,0,4,1,0,0,0,0,0,0,2,0,0,0,0,7
HOLLYRIDGE CRES,0,0,0,3,0,0,0,0,0,0,0,3,0,0,0,0,6
HOLNORN DR,0,0,0,1,0,0,0,0,0,0,0,0,0,0,0,0,1
HOME HARDWARE,0,0,0,0,0,0,0,0,0,0,0,0,0,1,0,0,1
HOMER WATSON,0,0,4,0,0,0,0,0,0,0,0,0,0,2,0,0,6
HOMER WATSON BLVD,0,0,5,9,5,0,25,0,0,0,0,20,0,21,0,26,111
HOMER WATSON BLVD TO,0,0,0,0,0,0,1,0,0,0,0,0,0,0,0,0,1
HOMER WTSON BLVD,0,0,0,0,0,0,0,0,0,0,0,0,0,1,0,0,1
HOMERWATSON BLVD,0,0,0,0,0,0,0,0,0,0,0,0,0,18,0,0,18
HOMESTEAD PL,0,0,0,2,0,0,0,0,0,0,0,2,0,0,0,0,4
HOMEWOOD AVE,0,0,0,2,1,0,0,0,0,0,12,2,0,0,0,0,17
HOMMER WATSON BLVD,0,0,0,0,0,0,2,0,0,0,0,0,0,0,0,0,2
HOPP ST,0,0,0,0,0,0,0,0,0,0,0,1,0,0,0,0,1
HORIZON CRT,0,0,0,1,0,0,0,0,0,0,0,1,0,0,0,0,2
HORNING DR,0,0,0,1,1,0,0,0,0,0,0,3,0,0,0,0,5
HOWARD PL,0,0,0,1,0,0,0,0,0,0,0,1,0,0,0,0,2
HOWE DR,0,0,0,2,0,0,0,0,0,0,0,2,0,0,0,0,4
HOWLAND DR,0,0,0,6,0,0,0,0,0,0,0,7,0,0,0,0,13
HUBERT ST,0,0,0,4,0,0,0,0,0,0,0,4,0,0,0,0,8
HUCK CRES,0,0,0,4,0,0,0,0,0,0,0,4,0,0,0,0,8
HUDSON CRES,0,0,0,3,0,0,0,0,0,0,0,3,0,0,0,0,6
HUDSON CRT,0,0,0,1,0,0,0,0,0,0,0,1,0,0,0,0,2
HUGO CRES,0,0,0,1,0,0,0,0,0,0,0,1,0,0,0,0,2
HUNTINGDALE DR,0,0,0,3,0,0,0,0,0,0,0,3,0,0,0,0,6
HUNTINGDALE PL,0,0,0,1,0,0,0,0,0,0,0,1,0,0,0,0,2
HUNTINGTON PL,0,0,0,1,0,0,0,0,0,0,0,1,0,0,0,0,2
HUNTINGWOOD CRT,0,0,0,1,0,0,0,0,0,0,0,1,0,0,0,0,2
HUNTLEY CRES,0,0,0,2,0,0,0,0,0,0,0,2,0,0,0,0,4
HURON RD,0,0,11,21,2,0,50,0,0,0,0,21,0,36,0,0,141
HURON RD CRANSHAW ST,0,0,0,0,0,0,1,0,0,0,0,0,0,0,0,0,1
HURON RD FROM FEATHERSTONE ST,0,0,0,0,0,0,1,0,0,0,0,0,0,0,0,0,1
HURON RD NEWCASTLE DR,0,0,0,0,0,0,0,0,0,0,0,0,0,1,0,0,1
HURON RD ONRAMP,0,0,0,0,0,0,1,0,0,0,0,0,0,0,0,0,1
HURON RD TRILLIUM DR,0,0,0,0,0,0,0,0,0,0,0,0,0,4,0,0,4
HURST AVE,0,0,0,1,0,0,0,0,0,0,0,1,0,0,0,0,2
IDLE CREEK DR,0,0,0,5,0,0,0,0,0,0,0,5,0,0,0,0,10
IDLE RIDGE CRT,0,0,0,1,0,0,0,0,0,0,0,1,0,0,0,0,2
IDLEWOOD DR,0,0,0,1,0,0,0,0,0,0,0,2,0,0,0,0,3
IMPERIAL DR,0,0,0,1,1,0,0,0,0,0,0,1,0,0,0,0,3
IN FRONT OF 122 ZELLER DR,0,0,0,0,0,0,0,0,1,0,0,0,0,0,0,0,1
INADALE CRT,0,0,0,1,0,0,0,0,0,0,0,1,0,0,0,0,2
INDIAN RD,0,0,0,3,2,0,0,0,0,0,0,4,0,0,0,0,9
INDIANA ST,0,0,0,1,2,0,0,0,0,0,0,2,0,0,0,0,5
INDIANA ST ATVICTORIA ST N,0,0,0,1,0,0,0,0,0,0,0,0,0,0,0,0,1
INDIGO ST,0,0,0,3,0,0,0,0,0,0,0,3,0,0,0,0,6
INGE CRT,0,0,0,1,0,0,0,0,0,0,0,1,0,0,0,0,2
INGLESIDE DR,0,0,0,4,0,0,0,0,0,0,0,4,0,0,0,0,8
INGLESIDE PL,0,0,0,1,0,0,0,0,0,0,0,1,0,0,0,0,2
INLET AVE,0,0,0,2,0,0,0,0,0,0,0,2,0,0,0,0,4
INTERNATIONAL PL,0,0,0,21,0,0,4,0,0,0,0,2,0,8,0,0,35
INVERNESS DR,0,0,0,3,0,0,0,0,0,0,0,3,0,0,0,0,6
INWOOD CRES RA INWOOD DR,0,0,0,2,0,0,0,0,0,0,0,2,0,0,0,0,4
INWOOD DR,0,0,0,2,0,0,0,0,0,0,0,2,0,0,0,0,4
IRA NEDDLES BLVD,0,0,0,2,0,0,3,0,0,0,0,0,0,0,0,0,5
IRA NEEDLES,0,0,2,0,1,0,0,0,0,0,0,1,0,0,0,0,4
IRA NEEDLES BLVD,0,0,7,4,2,0,22,0,0,0,0,1,0,5,0,13,54
IRA NEEDLES BLVD IN ROUNDABOUT,0,0,0,0,0,0,1,0,0,0,0,0,0,0,0,0,1
IRA NEEDLES BLVD ROUNDABOUT,0,0,0,0,0,0,2,0,0,0,0,0,0,0,0,0,2
IRON GATE ST,0,0,0,3,0,0,0,0,0,0,0,3,0,0,0,0,6
IRVIN ST,0,0,0,0,1,0,0,0,0,0,0,0,0,0,0,0,1
ISABELLA ST,0,0,0,3,0,0,0,0,0,0,0,3,0,0,0,0,6
ISLINGTON AVE,0,0,0,5,0,0,0,0,0,0,0,5,0,0,0,0,10
IVY LANE CRT,0,0,0,1,0,0,0,0,0,0,0,1,0,0,0,0,2
JACK,0,0,0,0,1,0,0,0,0,0,0,0,0,0,0,0,1
JACK AVE,0,0,0,2,0,0,0,0,0,0,0,2,0,0,0,0,4
JACKSON AVE,0,0,0,7,1,0,0,0,0,0,0,7,0,0,0,0,15
JACQUELINE PL,0,0,0,1,0,0,0,0,0,0,0,1,0,0,0,0,2
JADESTONE CRT,0,0,0,1,0,0,0,0,0,0,0,1,0,0,0,0,2
JANET CRT,0,0,0,0,0,0,0,0,0,0,0,1,0,0,0,0,1
JANICE CRT,0,0,0,1,0,0,0,0,0,0,0,0,0,0,0,0,1
JANINE ST,0,0,0,1,0,0,0,0,0,0,0,4,0,0,0,0,5
JANSEN AVE,0,0,0,4,0,0,0,0,0,0,0,4,0,0,0,0,8
JASPER CRT,0,0,0,1,0,0,0,0,0,0,0,1,0,0,0,0,2
JEAN AVE,0,0,0,2,0,0,0,0,0,0,0,2,0,0,0,0,4
JOHN DARLING PUBLIC SCHOOL,0,0,0,0,0,0,0,0,1,0,0,0,0,0,0,0,1
JOSEPH AVE,0,0,0,0,0,0,0,0,0,0,0,1,0,0,0,0,1
JOSEPH SCHOERG CRES,0,0,0,2,0,0,0,0,0,0,0,1,0,0,0,0,3
JOSEPH SCHOERG PL,0,0,0,0,0,0,0,0,0,0,0,1,0,0,0,0,1
JOSEPH ST,0,0,0,13,7,0,2,0,0,17,0,19,0,4,0,0,62
JUBILE DR,0,0,0,1,0,0,0,0,0,0,0,0,0,0,0,0,1
JUBILEE DR,0,0,0,7,0,0,0,0,0,7,4,4,0,3,0,2,27
JUBILEE SR,0,0,0,0,1,0,0,0,0,0,0,0,0,0,0,0,1
JULIA CRES,0,0,0,2,0,0,0,0,0,0,0,2,0,0,0,0,4
JUNIPER CRES,0,0,0,2,0,0,0,0,0,0,0,2,0,0,0,0,4
KARN,0,0,0,0,1,0,0,0,0,0,0,0,0,0,0,0,1
KARN ST,0,0,0,6,0,0,0,0,0,0,0,6,0,0,0,0,12
KATHERINE CRES,0,0,0,2,0,0,0,0,0,0,0,2,0,0,0,0,4
KEEWATIN AVE,0,0,0,13,2,0,0,0,0,0,0,13,0,0,0,0,28
KEEWATIN PL,0,0,0,1,0,0,0,0,0,0,0,1,0,0,0,0,2
KEHL ST,0,0,0,5,1,0,0,0,0,0,0,4,0,0,0,0,10
KEHL ST A HOFFMAN ST,0,0,0,0,0,0,0,0,0,0,0,1,0,0,0,0,1
KELLER CRES,0,0,0,2,0,0,0,0,0,0,0,2,0,0,0,0,4
KELLY DR,0,0,0,4,0,0,0,0,0,0,0,4,0,0,0,0,8
KELVIN AVE,0,0,0,1,0,0,0,0,0,0,0,1,0,0,0,0,2
KENNEDY AVE,0,0,0,1,0,0,0,0,0,0,0,2,0,0,0,0,3
KENNETH AVE,0,0,0,7,0,0,1,0,0,0,0,7,0,0,0,0,15
KENNETH ST,0,0,0,0,0,0,0,0,0,0,0,0,0,1,0,0,1
KENORA DR,0,0,0,6,0,0,1,0,0,0,0,7,0,4,0,0,18
KENSINGTON AVE,0,0,0,2,0,0,0,0,0,0,0,3,0,0,0,0,5
KENT AVE,0,0,0,3,2,0,0,0,0,0,0,4,0,0,0,0,9
KENWOOD DR,0,0,0,4,0,0,0,0,0,0,0,4,0,0,0,0,8
KESSEKRING DR,0,0,0,0,0,0,0,0,0,0,0,1,0,0,0,0,1
KESSELRING CRT,0,0,0,1,0,0,0,0,0,0,0,0,0,0,0,0,1
KESSELRING DR,0,0,0,3,0,0,0,0,0,0,0,2,0,0,0,0,5
KESSLRING CRT,0,0,0,0,0,0,0,0,0,0,0,1,0,0,0,0,1
KESTREL ST,0,0,0,3,0,0,0,0,0,0,0,3,0,0,0,0,6
KEVCO PL,0,0,0,1,0,0,0,0,0,0,0,1,0,1,0,0,3
KILBIRNE CRT,0,0,0,1,0,0,0,0,0,0,0,0,0,0,0,0,1
KILBIRNIE CRT,0,0,0,0,0,0,0,0,0,0,0,1,0,0,0,0,1
KILKERAN CRES,0,0,0,0,0,0,0,0,0,0,0,1,0,0,0,0,1
KILKERRAN CRES,0,0,0,3,0,0,0,0,0,0,0,2,0,0,0,0,5
KIMBERLY CRES,0,0,0,1,0,0,0,0,0,0,0,1,0,0,0,0,2
KING,0,0,0,1,0,0,1,0,0,0,0,1,0,1,0,0,4
KING RAIL CRT,0,0,0,1,0,0,0,0,0,0,0,1,0,0,0,0,2
KING ST,1,0,0,9,2,0,1,0,0,8,0,6,0,9,0,0,36
KING ST E,1,0,1,39,16,0,23,0,0,17,0,52,0,29,0,0,178
KING ST E AT TRACKS,0,0,0,0,0,0,0,1,0,0,0,0,0,0,0,0,1
KING ST W,0,0,0,9,10,0,1,0,0,6,0,25,0,3,0,0,54
KING ST W ATQUEEN ST N,0,0,0,0,0,0,0,0,0,3,0,0,0,0,0,0,3
KING ST W ATQUEEN ST S,0,0,0,0,0,0,0,0,0,3,0,0,0,0,0,0,3
KINGSBURY DR,0,0,0,0,1,0,0,0,0,0,0,1,0,0,0,0,2
KINGSTON CRES,0,0,0,1,0,0,0,0,0,0,0,2,0,0,0,0,3
KINGSTON CRES TA QUEENSTON DR,0,0,0,1,0,0,0,0,0,0,0,0,0,0,0,0,1
KINGSWAY,0,0,0,1,0,0,3,0,0,0,0,0,0,0,0,0,4
KINGSWAY DR,2,0,6,14,4,0,6,0,0,0,0,21,0,11,0,0,64
KINGSWAY DR CEDARWOOD CRES,0,0,0,1,0,0,0,0,0,0,0,0,0,0,0,0,1
KINGSWAY DR CEDARWOODS CRES,0,0,0,1,0,0,0,0,0,0,0,0,0,0,0,0,1
KINGSWAY DR DIXON ST,0,0,0,1,0,0,0,0,0,0,0,0,0,0,0,0,1
KINGSWAY DR EIGHTH AVE,0,0,0,1,0,0,0,0,0,0,0,0,0,0,0,0,1
KINGSWAY DR FIFTH AVE,0,0,0,1,0,0,0,0,0,0,0,0,0,0,0,0,1
KINGSWAY DR FOURTH AVE,0,0,0,1,0,0,0,0,0,0,0,0,0,0,0,0,1
KINGSWAY DR FRANKLIN ST S,0,0,0,1,0,0,1,0,0,0,0,0,0,2,0,0,4
KINGSWAY DR GREENFIELD AVE,0,0,0,3,0,0,5,0,0,0,0,0,0,1,0,0,9
KINGSWAY DR JEROME AVE,0,0,0,2,0,0,0,0,0,0,0,0,0,0,0,0,2
KINGSWAY DR NINTH AVE,0,0,0,1,0,0,0,0,0,0,0,0,0,0,0,0,1
KINGSWAY DR SECOND AVE,0,0,0,1,0,0,0,0,0,0,0,0,0,0,0,0,1
KINGSWAY DR SIXTH AVE,0,0,0,1,0,0,1,0,0,0,0,0,0,0,0,0,2
KINGSWAY DR THIRD AVE,0,0,0,1,0,0,0,0,0,0,0,0,0,0,0,0,1
KINGSWAY DR TRINTIY VILLAGE,0,0,0,1,0,0,2,0,0,0,0,0,0,0,0,0,3
KINGSWAY DR WILSON AVE,0,0,0,0,0,0,0,0,0,0,0,0,0,9,0,0,9
KINGSWOOD DR,0,0,1,18,2,0,4,0,2,0,24,15,0,3,0,0,69
KINGSWOOD DR BETWEEN APPALACHIAN CRES,0,0,0,0,0,0,0,0,0,0,8,0,0,0,0,0,8
KINGSWOOD DR FTOM ROBERTS CRES,0,0,0,1,0,0,0,0,0,0,0,0,0,0,0,0,1
KINZIE AVE,0,0,0,17,3,0,2,0,0,0,12,21,0,2,0,0,57
KINZIE AVE AFROM OBERMEYER DR,0,0,0,1,0,0,0,0,0,0,0,0,0,0,0,0,1
KINZIE AVE BETWEEN OBERMEYER DR,0,0,0,0,0,0,0,0,0,0,4,0,0,0,0,0,4
KINZIE AVE FROM GUERIN AVE,0,0,0,1,0,0,0,0,0,0,0,0,0,0,0,0,1
KINZIE AVE FROM RUTHERDORF DR,0,0,0,1,0,0,0,0,0,0,0,0,0,0,0,0,1
KINZIE DR,0,0,0,1,0,0,0,0,0,0,0,0,0,0,0,0,1
KIPLING AVE,0,0,0,3,0,0,0,0,0,0,0,3,0,0,0,0,6
KIWANIS PARK DR,0,0,0,1,0,0,0,0,0,0,0,0,0,0,0,0,1
KNELL DR,0,0,0,2,1,0,0,0,0,0,0,2,0,0,0,0,5
KNOX CRT,0,0,0,1,0,0,0,0,0,0,0,1,0,0,0,0,2
KRAFT AVE,0,0,0,3,0,0,0,0,0,0,0,3,0,0,0,0,6
KRISTI PL,0,0,0,1,0,0,0,0,0,0,0,1,0,0,0,0,2
KRUG ST,0,0,0,32,2,0,4,0,0,0,0,32,0,7,0,0,77
KRUG ST FROM SIMEON ST RO SAMUEL ST,0,0,0,1,0,0,0,0,0,0,0,0,0,0,0,0,1
LACKNER BLVD,0,0,2,9,5,0,2,0,0,0,0,13,0,5,0,2,38
LAKESIDE DR,0,0,0,5,0,0,0,0,0,0,0,5,0,0,0,0,10
LAMBERT PL,0,0,0,1,0,0,0,0,0,0,0,1,0,0,0,0,2
LANARK CRES,0,0,0,3,0,0,0,0,0,0,0,3,0,0,0,0,6
LANARK CRT,0,0,0,1,0,0,0,0,0,0,0,1,0,0,0,0,2
LANCASTER ST,0,0,0,0,0,0,0,0,0,1,0,0,0,0,0,0,1
LANCASTER ST E,0,0,0,16,4,0,2,0,1,0,0,12,0,4,0,0,39
LANCASTER ST N,0,0,0,0,0,0,1,0,0,0,0,0,0,0,0,0,1
LANCASTER ST W,0,0,2,12,18,0,4,0,0,0,0,24,0,8,0,2,70
LANCASTERST E,0,0,0,0,0,0,0,0,0,0,0,1,0,2,0,0,3
LANDCREN CRT,0,0,0,0,0,0,0,0,0,0,0,1,0,0,0,0,1
LANDGREN CRT,0,0,0,2,0,0,0,0,0,0,0,1,0,0,0,0,3
LANG CRES,0,0,0,4,2,0,0,0,0,0,0,4,0,0,0,0,10
LANSDOWNE BLVD,0,0,0,1,0,0,0,0,0,0,0,2,0,0,0,0,3
LANTERN ST,0,0,0,3,0,0,0,0,0,0,0,3,0,0,0,0,6
LARK ST,0,0,0,2,0,0,0,0,0,0,0,2,0,0,0,0,4
LARKSPUR CRES,0,0,0,2,0,0,0,0,0,0,0,2,0,0,0,0,4
LAUREL SPRINGS CRT,0,0,0,1,0,0,0,0,0,0,0,1,0,0,0,0,2
LAURENTIAN,0,0,4,0,0,0,0,0,0,0,0,0,0,0,0,0,4
LAURENTIAN DR,0,0,0,18,0,0,2,0,1,0,28,11,0,0,0,0,60
LAURENTIAN POWER CENTRE,0,0,1,0,0,0,1,0,0,0,0,0,0,1,0,0,3
LAWRENCE AVE,0,0,0,7,2,0,3,0,0,0,0,9,0,5,0,0,26
LAYTON ST,0,0,0,2,0,0,0,0,0,0,0,2,0,0,0,0,4
LEACREST CRT,0,0,0,1,0,0,0,0,0,0,0,1,0,0,0,0,2
LEANDER PL,0,0,0,2,0,0,0,0,0,0,0,2,0,0,0,0,4
LEMON GRASS CRES,0,0,0,2,0,0,0,0,0,0,0,2,0,0,0,0,4
LEMON GRASS ST,0,0,0,5,0,0,0,0,0,0,0,5,0,0,0,0,10
LEMONBALM ST,0,0,0,3,0,0,0,0,0,0,0,3,0,0,0,0,6
LENNOX CRES,0,0,0,3,0,0,0,0,0,0,0,3,0,0,0,0,6
LENNOX LEWIS WAY,0,0,3,2,0,0,1,0,0,0,0,2,0,0,0,0,8
LENNOX LEWIS WAY FRON ARDELT AVE,0,0,0,1,0,0,0,0,0,0,0,0,0,0,0,0,1
LEONARD ST,0,0,0,2,0,0,0,0,0,0,0,2,0,0,0,0,4
LEWIS CRES,0,0,0,1,0,0,0,0,0,0,0,1,0,0,0,0,2
LEWIS CRES TA MANOR DR,0,0,0,1,0,0,0,0,0,0,0,1,0,0,0,0,2
LIBERTY AVE,0,0,0,3,0,0,0,0,0,0,0,3,0,0,0,0,6
LICHTY CRES,0,0,0,2,0,0,0,0,0,0,0,1,0,0,0,0,3
LILAC ST,0,0,0,2,1,0,0,0,0,0,0,2,0,0,0,0,5
LIMERICK DR,0,0,0,2,0,0,0,0,0,0,0,2,0,0,0,0,4
LINDEN AVE,0,0,0,2,0,0,0,0,0,1,0,2,0,0,0,0,5
LINTON PL,0,0,0,1,0,0,0,0,0,0,0,1,0,0,0,0,2
LINWOOD AVE,0,0,0,1,0,0,0,0,0,0,0,1,0,0,0,0,2
LOCUST ST,0,0,0,4,3,0,0,0,0,0,0,4,0,0,0,0,11
LOIS ST,0,0,0,4,0,0,0,0,0,0,0,4,0,0,0,0,8
LOMBARDY CRT,0,0,0,1,0,0,0,0,0,0,0,1,0,0,0,0,2
LONGVIEW CRES,0,0,0,2,0,0,0,0,0,0,0,1,0,0,0,0,3
LOOKOUT LANE,0,0,0,1,0,0,0,0,0,0,0,1,0,0,0,0,2
LORILEE CRES,0,0,0,1,0,0,0,0,0,0,0,1,0,0,0,0,2
LORNE AVE,0,0,0,4,0,0,0,0,1,0,0,4,0,0,0,0,9
LORNE CRES,0,0,0,2,1,0,0,0,1,0,0,6,0,0,0,0,10
LORRAINE AVE,0,0,49,14,2,0,6,0,0,0,0,15,0,12,0,0,98
LOUISA ST,1,0,0,20,5,0,0,2,0,0,0,20,0,0,0,0,48
LOUISA ST ST LANCASTER ST W,0,0,0,1,0,0,0,0,0,0,0,0,0,0,0,0,1
LOWER CANADA CRES,0,0,0,2,0,0,0,0,0,0,0,2,0,0,0,0,4
LOWER MERCER ST,0,0,0,2,0,0,0,0,0,0,0,2,0,0,0,0,4
LUCERNE DR,0,0,0,1,0,0,0,0,0,0,4,2,0,0,0,0,7
LUELLA ST,0,0,0,2,0,0,0,0,0,0,0,2,0,0,0,0,4
LYDIA ST,0,0,0,8,1,0,0,0,0,0,0,12,0,0,0,0,21
LYDIAN ST,0,0,0,0,0,0,0,0,0,0,0,2,0,0,0,0,2
LYLE PL,0,0,0,1,0,0,0,0,0,0,0,1,0,0,0,0,2
LYNDHURST DR,0,0,0,7,0,0,0,0,0,0,0,7,0,0,0,0,14
LYNN CRT,0,0,0,1,0,0,0,0,0,0,0,1,0,0,0,0,2
LYNNHAVEN CRT,0,0,0,1,0,0,0,0,0,0,0,1,0,0,0,0,2
LYNNVALLEY CRES,0,0,0,1,0,0,0,0,0,0,0,1,0,0,0,0,2
LYNNVALLEY CRT,0,0,0,1,0,0,0,0,0,0,0,1,0,0,0,0,2
MACINTOSH PL,0,0,0,1,0,0,0,0,0,0,0,1,0,0,0,0,2
MACKIE PL,0,0,0,3,0,0,0,0,0,0,0,3,0,0,0,0,6
MACVILLE AVE,0,0,0,0,0,0,0,0,0,0,0,1,0,0,0,0,1
MADELAINE ST,0,0,0,1,0,0,0,0,0,0,0,0,0,0,0,0,1
MADELEINE ST,0,0,0,1,0,0,0,0,0,0,0,0,0,0,0,0,1
MADISON AVE N,0,0,0,3,0,0,0,0,0,1,0,4,0,1,0,0,9
MADISON AVE S,2,0,0,4,3,0,1,2,0,0,0,7,0,0,0,0,19
MAHOGANY ST,0,0,0,1,0,0,0,0,0,0,0,1,0,0,0,0,2
MAINLAND ST,0,0,0,1,0,0,0,0,0,0,0,0,0,0,0,0,1
MAITLAND ST,0,0,0,4,0,0,0,0,0,0,0,1,0,0,0,0,5
MAJOR ST,0,0,0,2,0,0,0,0,0,0,0,2,0,0,0,0,4
MANCASTER RD,0,0,0,1,0,0,0,0,0,0,0,0,0,0,0,0,1
MANCHASTER RD,0,0,0,0,0,0,1,0,0,0,0,0,0,0,0,0,1
MANCHESTER RD,0,0,0,8,0,0,1,0,0,0,0,10,0,2,0,0,21
MANITOU DR,0,0,0,4,4,0,0,0,0,0,0,6,0,6,0,6,26
MANITOULIN CRES,0,0,0,2,0,0,0,0,0,0,0,2,0,0,0,0,4
MANOR DR,0,0,0,3,0,0,0,0,0,0,0,3,0,0,0,0,6
MANORBROOK CRT,0,0,0,1,0,0,0,0,0,0,0,1,0,0,0,0,2
MANSION ST,0,0,0,15,2,0,0,0,0,0,0,17,0,0,0,0,34
MANSION ST ATEDNA ST,0,0,0,0,1,0,0,0,0,0,0,0,0,0,0,0,1
MANSION ST ST DUNHAM AVE,0,0,0,1,0,0,0,0,0,0,0,0,0,0,0,0,1
MANSION STA T EDNA ST,0,0,0,1,0,0,0,0,0,0,0,0,0,0,0,0,1
MAPLE AVE,0,0,0,5,0,0,0,0,0,0,0,5,0,0,0,0,10
MAPLE MANOR CRT,0,0,0,1,0,0,0,0,0,0,0,2,0,0,0,0,3
MAPLEWOOD PL,0,0,0,1,0,0,0,0,0,0,0,1,0,0,0,0,2
MARBOROUGH AVE,0,0,0,1,0,0,0,0,0,0,0,0,0,0,0,0,1
MARGARET AVE,0,0,25,26,16,0,11,0,0,2,0,25,0,7,0,0,112
MARGARET ST,0,0,0,1,0,0,0,0,0,0,0,2,0,0,0,0,3
MARGATRET AVE,0,0,0,1,0,0,0,0,0,0,0,0,0,0,0,0,1
MARIGOLD CRES,0,0,0,1,0,0,0,0,0,0,0,0,0,0,0,0,1
MARIGOLD CRT,0,0,0,0,0,0,0,0,0,0,0,1,0,0,0,0,1
MARINA RD,0,0,0,1,0,0,0,0,0,0,0,1,0,0,0,0,2
MARIPOSA CRT,0,0,0,1,0,0,0,0,0,0,0,1,0,0,0,0,2
MARISA ST,0,0,0,1,0,0,0,0,0,0,0,0,0,0,0,0,1
MARISA STA T INGE CRT,0,0,0,1,0,0,0,0,0,0,0,0,0,0,0,0,1
MARISA STA T STANLEY AVE,0,0,0,1,0,0,0,0,0,0,0,2,0,0,0,0,3
MARISA STAT INGE CRT,0,0,0,0,0,0,0,0,0,0,0,1,0,0,0,0,1
MARKET ST,0,0,0,2,0,0,0,0,0,0,0,3,0,0,0,0,5
MARKETA CRES,0,0,0,2,0,0,0,0,0,0,0,2,0,0,0,0,4
MARKWOOD DR,0,0,0,4,0,0,0,0,0,0,0,4,0,0,0,0,8
MARL MEADOW CRES,0,0,0,4,0,0,0,0,0,0,0,3,0,0,0,0,7
MARL MEADOW CRT,0,0,0,1,0,0,0,0,0,0,0,0,0,0,0,0,1
MARL MEADOW DR,0,0,0,7,0,0,0,0,0,0,0,7,0,0,0,0,14
MARLBOROUGGH AVE,0,0,0,0,0,0,0,0,0,0,0,1,0,0,0,0,1
MARLBOROUGH AVE,0,0,0,5,0,0,0,0,1,0,0,5,0,0,0,0,11
MARLIS CRES,0,0,0,1,0,0,0,0,0,0,0,2,0,0,0,0,3
MARLMEADOW CRES,0,0,0,0,0,0,0,0,0,0,0,1,0,0,0,0,1
MARLMEADOW CRT,0,0,0,0,0,0,0,0,0,0,0,1,0,0,0,0,1
MARQUETTE DR,0,0,0,1,0,0,0,0,0,0,0,1,0,0,0,0,2
MARTIN ST,0,0,0,0,0,0,0,0,0,0,0,1,0,0,0,0,1
MARTINWOOD ST,0,0,0,2,0,0,0,0,0,0,0,0,0,0,0,0,2
MARY ST,0,0,0,1,0,0,0,0,0,0,0,1,0,0,0,0,2
MASIODN AVE N,0,0,0,1,0,0,0,0,0,0,0,0,0,0,0,0,1
MASSEY AVE,0,0,0,3,0,0,0,0,0,0,0,4,0,0,0,0,7
MASSEY DR,0,0,0,1,0,0,0,0,0,0,0,0,0,0,0,0,1
MASTER CRT,0,0,0,3,0,0,0,0,0,0,0,2,0,0,0,0,5
MATTHEW CRT,0,0,0,1,0,0,0,0,0,0,0,1,0,0,0,0,2
MATTHEW ST,0,0,0,5,0,0,0,0,0,0,0,5,0,0,0,0,10
MAURICE ST,0,0,0,2,1,0,0,0,0,0,0,2,0,0,0,0,5
MAUSSER AVE,0,0,0,5,0,0,0,0,0,0,0,6,0,0,0,0,11
MAX BECKER DR,0,0,1,13,0,0,2,0,0,0,0,16,0,3,0,0,35
MAXWELL DR,0,0,0,2,0,0,0,0,0,0,0,3,0,0,0,0,5
MAYFAIR CRT,0,0,0,1,0,0,0,0,0,0,0,1,0,0,0,0,2
MAYNARD AVE,0,0,0,2,0,0,0,0,0,0,0,3,0,0,0,0,5
MAYWOOD RD,0,0,0,3,1,0,0,0,1,0,0,3,0,0,0,0,8
MCBRINE DR,0,0,0,2,0,0,0,0,0,0,0,2,0,0,0,0,4
MCCABE CRT,0,0,0,1,0,0,1,0,0,0,0,1,0,1,0,0,4
MCDONALDS,0,0,0,0,0,0,0,0,0,0,0,0,0,2,0,0,2
MCGARRY DR,0,0,0,16,0,0,2,0,0,0,0,13,0,8,0,0,39
MCGEE AVE,0,0,0,2,2,0,0,0,0,0,0,2,0,0,0,0,6
MCGIBBON CRT,0,0,0,1,0,0,0,0,0,0,0,1,0,0,0,0,2
MCINTIRE DR,0,0,0,1,0,0,0,0,0,0,0,0,0,0,0,0,1
MCINTYRE DR,0,0,0,0,0,0,0,0,0,0,0,2,0,0,0,0,2
MCKENZIE AVE,0,0,0,5,0,0,0,0,0,0,0,5,0,0,0,0,10
MCLENNAN PARK GATE,0,0,0,0,0,0,1,0,0,0,0,2,0,0,0,0,3
MCLENNON PARK GATE,0,0,4,0,0,0,0,0,0,0,0,0,0,0,0,0,4
MCLEOD CRT,0,0,0,1,0,0,0,0,0,0,0,1,0,0,0,0,2
MEADOW CRES,0,0,0,2,0,0,0,0,0,0,0,2,0,0,0,0,4
MEADOW WOODS CRES,0,0,0,2,0,0,0,0,0,0,0,2,0,0,0,0,4
MEADOWBROOK DR,0,0,0,3,0,0,0,0,0,0,0,3,0,0,0,0,6
MEADOWLANE DR,0,0,0,2,0,0,0,0,0,0,0,2,0,0,0,0,4
MEADOWLANE PUBLIC SCHOOL,0,0,0,0,0,0,0,0,1,0,0,0,0,0,0,0,1
MEADOWRIDGE ST,0,0,0,0,0,0,0,0,0,0,0,1,0,0,0,0,1
MEDFORD ST,0,0,0,2,0,0,0,0,0,0,0,2,0,0,0,0,4
MEINZINGER AVE,0,0,0,2,2,0,0,0,0,0,0,2,0,0,0,0,6
MEINZINGER PARK,0,0,0,0,0,0,0,0,0,0,0,0,0,2,0,0,2
MELROSE AVE,0,0,0,8,0,0,0,0,0,0,0,8,0,0,0,0,16
MELVERN CRT,0,0,0,1,0,0,0,0,0,0,0,1,0,0,0,0,2
MERNER AVE,0,0,0,7,0,0,0,0,0,0,0,10,0,0,0,0,17
METZLOFF,0,0,0,0,2,0,0,0,0,0,0,0,0,0,0,0,2
METZLOFF DR,0,0,0,3,0,0,0,0,0,0,0,3,0,0,0,0,6
MICHAEL ST,0,0,0,2,2,0,0,0,0,0,0,1,0,0,0,0,5
MICHELLE CRT,0,0,0,1,0,0,0,0,0,0,0,1,0,0,0,0,2
MICHENER CRES,0,0,0,4,0,0,0,0,0,0,0,4,0,0,0,0,8
MICHENER CRT,0,0,0,1,0,0,0,0,0,0,0,1,0,0,0,0,2
MIDLAND DR,0,0,0,4,0,0,0,0,0,0,0,4,0,0,0,0,8
MILFOIL CRES,0,0,0,2,0,0,0,0,0,0,0,2,0,0,0,0,4
MILITARY RD,0,0,0,2,0,0,1,0,0,0,0,1,0,0,0,0,4
MILL PARK DR,0,0,1,13,0,0,0,0,0,0,4,11,0,0,0,0,29
MILL PARK PL,0,0,0,1,0,0,0,0,0,0,0,1,0,0,0,0,2
MILL PARK RD,0,0,0,1,0,0,0,0,0,0,0,0,0,0,0,0,1
MILL ST,4,0,2,15,8,0,6,3,0,0,0,17,0,14,0,0,69
MILL ST FROM QUEEN ST S,0,0,0,1,0,0,0,0,0,0,0,0,0,0,0,0,1
MILL VIEW ST,0,0,0,2,0,0,0,0,0,0,0,2,0,0,0,0,4
MILLWOOD CRES,0,0,0,6,1,0,2,0,0,0,0,7,0,1,0,0,17
MISTY CRES,0,0,0,2,0,0,0,0,0,0,0,2,0,0,0,0,4
MISTY CRT,0,0,0,1,0,0,0,0,0,0,0,1,0,0,0,0,2
MISTY ST,0,0,0,5,0,0,0,0,0,0,0,5,0,0,0,0,10
MITCHELL ST,0,0,0,1,1,0,0,0,0,0,0,1,0,0,0,0,3
MITTON PL,0,0,0,1,0,0,0,0,0,0,0,1,0,0,0,0,2
MJARLIS CRES,0,0,0,1,0,0,0,0,0,0,0,0,0,0,0,0,1
MONARCH WOODS DR,0,0,0,2,0,0,0,0,0,0,0,0,0,0,0,0,2
MONER WATSON BLVD,0,0,0,0,0,0,0,0,0,0,0,1,0,0,0,0,1
MONTANA CRES,0,0,0,2,0,0,0,0,0,0,0,2,0,0,0,0,4
MONTCALM,0,0,1,0,0,0,1,0,0,0,0,0,0,1,0,0,3
MONTCALM DR,0,0,0,18,1,0,0,0,0,0,0,12,0,0,0,0,31
MONTE CARLO ST,0,0,0,5,1,0,1,0,0,0,0,5,0,2,0,0,14
MONTEAGLE CRES,0,0,0,1,0,0,0,0,0,0,0,1,0,0,0,0,2
MONTEAGLE CRES BLACKWELL DR,0,0,0,1,0,0,0,0,0,0,0,1,0,0,0,0,2
MONTEREY CRES,0,0,0,1,0,0,0,0,0,0,0,1,0,0,0,0,2
MONTEREY RD,0,0,0,1,0,0,0,0,0,0,0,1,0,0,0,0,2
MONTGOMERY RD,1,0,0,4,3,0,3,0,0,0,0,5,0,11,0,0,27
MONTGOMERY RD WEBER ST,0,0,0,1,0,0,3,0,0,0,0,0,0,0,0,0,4
MOORE AVE,0,0,0,17,0,0,0,0,0,0,16,16,0,0,0,0,49
MOOREGATE CRES,0,0,0,4,0,0,0,0,0,0,0,2,0,0,0,0,6
MOORLANDS CRES,0,0,0,0,0,0,0,0,0,0,0,1,0,0,0,0,1
MORGAN AVE,0,0,0,11,2,0,0,0,0,0,20,11,0,0,0,0,44
MORGANE AVE,0,0,0,0,0,0,0,0,0,0,8,0,0,0,0,0,8
MORIS ON RD,0,0,0,0,0,0,0,0,0,0,0,1,0,0,0,0,1
MORISON RD,0,0,0,0,0,0,0,0,0,0,0,1,0,0,0,0,1
MORNINGVIEW PL,0,0,0,1,0,0,0,0,0,0,0,3,0,0,0,0,4
MORRISON RD,0,0,0,12,0,0,0,1,0,0,4,7,0,0,0,0,24
MOSSGROVE DR,0,0,0,2,0,0,0,0,0,0,0,0,0,0,0,0,2
MOTGOMERY RD WITH WEBER ST E,0,0,0,0,0,0,0,0,0,0,0,1,0,0,0,0,1
MOUNTAIN MINT CRES,0,0,0,2,0,0,0,0,0,0,0,2,0,0,0,0,4
MOWAT BLVD,0,0,0,0,0,0,0,0,0,0,0,2,0,0,0,0,2
MT HOPE,0,0,0,3,1,0,1,0,0,0,0,1,0,0,0,0,6
MT HOPE ST,0,0,0,2,0,0,0,0,0,0,0,4,0,0,0,0,6
MT.HOPE ST,0,0,0,0,0,0,0,0,0,0,0,0,0,1,0,0,1
MUNROE ST,0,0,0,2,1,0,0,0,1,0,0,2,0,0,0,0,6
MUSKOKA CRT,0,0,0,1,0,0,0,0,0,0,0,1,0,0,0,0,2
MUSSER AVE,0,0,0,1,0,0,0,0,0,0,0,0,0,0,0,0,1
NATCHEX RD,0,0,0,1,0,0,0,0,0,0,0,0,0,0,0,0,1
NATCHEZ RD,0,0,2,8,1,0,1,0,0,0,0,6,0,1,0,0,19
NATHANIEL CRES,0,0,0,2,0,0,0,0,0,0,4,2,0,0,0,0,8
NELSON AVE,0,0,0,4,1,0,0,0,0,0,0,4,0,0,0,0,9
NEW DUNDEE RD,0,0,4,6,0,0,2,0,0,0,0,10,0,9,0,0,31
NEWBURY DR,0,0,0,6,0,0,0,0,0,0,0,6,0,0,0,0,12
NEWCASTLE DR,0,0,0,4,0,0,1,0,0,0,0,8,0,2,0,0,15
NIAGARA DR,0,0,0,0,0,0,1,0,0,0,0,0,0,0,0,0,1
NIAGARA RD,0,0,0,1,1,0,0,0,0,0,0,1,0,0,0,0,3
NIAGRA RD,0,0,0,0,0,0,0,0,0,0,0,0,0,2,0,0,2
NICHOLE CRES,0,0,0,2,0,0,0,0,0,0,0,1,0,0,0,0,3
NICHOLE CRES THE COUNTRY WAY,0,0,0,0,0,0,0,0,0,0,0,1,0,0,0,0,1
NINE PINES RD,0,0,0,1,0,0,0,0,0,0,0,1,0,0,0,0,2
NINTH AVE,0,0,0,6,0,0,0,0,0,0,0,7,0,0,0,0,13
NIPIGON PL,0,0,0,1,0,0,0,0,0,0,0,1,0,0,0,0,2
NIPIGON ST,0,0,0,4,0,0,0,0,0,0,0,4,0,0,0,0,8
NOEL CRES,0,0,0,1,0,0,0,0,0,0,0,1,0,0,0,0,2
NOFRILLS,0,0,0,0,0,0,0,0,0,0,0,0,0,2,0,0,2
NOMAD CRT,0,0,0,1,0,0,0,0,0,0,0,1,0,0,0,0,2
NORBERT PL,0,0,0,1,0,0,0,0,0,0,0,1,0,0,0,0,2
NORFOLK CRES,0,0,0,2,0,0,0,0,0,0,0,2,0,0,0,0,4
NORTH DR,0,0,0,6,1,0,0,0,1,0,0,6,0,0,0,0,14
NORTH HILL PL,0,0,0,2,0,0,0,0,0,0,0,2,0,0,0,0,4
NORTHBROOK PL,0,0,0,1,0,0,0,0,0,0,0,1,0,0,0,0,2
NORTHFOREST TRAIL,0,0,0,3,0,0,0,0,0,0,0,3,0,0,0,0,6
NORTHMANOR CRES,0,0,0,2,0,0,0,0,0,0,0,2,0,0,0,0,4
NOTCHWOOD CRT,0,0,0,2,0,0,0,0,0,0,0,2,0,0,0,0,4
NOTTINGHAM AVE,0,0,0,3,0,0,0,0,0,0,0,3,0,0,0,0,6
NYBERG ST,2,0,0,3,3,0,0,0,0,2,0,3,0,0,0,0,13
OAK ST,0,0,0,2,2,0,0,0,0,0,0,2,0,0,0,0,6
OAKDALE CRT,0,0,0,2,0,0,0,0,0,0,0,2,0,0,0,0,4
OAKHURST CRES,0,0,0,2,2,0,0,0,0,0,0,2,0,0,0,0,6
OAKWOOD AVE,0,0,0,2,0,0,0,0,0,0,0,1,0,0,0,0,3
OAKWOOD AVE ST LEGER ST,0,0,0,0,0,0,0,0,0,0,0,1,0,0,0,0,1
OBERMEYER DR,0,0,0,3,0,0,0,0,0,0,0,2,0,0,0,0,5
OFF RAMP,0,0,2,0,0,0,0,0,0,0,0,0,0,0,0,0,2
OLD CARRIAGE CRT,0,0,0,1,0,0,0,0,0,0,0,0,0,0,0,0,1
OLD CARRIAGE DR,0,0,0,3,0,0,2,0,0,0,16,3,0,2,0,0,26
OLD CARRIGE CRT,0,0,0,0,0,0,0,0,0,0,0,1,0,0,0,0,1
OLD CHICOPEE DR,0,0,4,20,1,0,2,0,0,0,0,22,0,0,0,0,49
OLD CHICOPEE RD,0,0,0,0,0,0,0,0,0,0,0,0,0,1,0,0,1
OLD CHICOPEE TRAIL,0,0,0,2,0,0,1,0,0,0,0,2,0,1,0,0,6
OLD COTTAGE CRT,0,0,0,1,0,0,0,0,0,0,0,1,0,0,0,0,2
OLD COTTAGE PL,0,0,0,2,0,0,0,0,0,0,0,2,0,0,0,0,4
OLD COUNTRY DR,0,0,2,3,3,0,1,0,0,0,0,6,0,2,0,0,17
OLD COUNTRY RD,0,0,0,0,0,0,1,0,0,0,0,0,0,0,0,0,1
OLD FOREST CRES,0,0,0,2,0,0,0,0,0,0,0,2,0,0,0,0,4
OLD HURON CRT,0,0,0,1,0,0,0,0,0,0,0,1,0,0,0,0,2
OLD HURON PL,0,0,0,2,0,0,0,0,0,0,0,2,0,0,0,0,4
OLD HURON RD,0,0,0,6,0,0,2,0,0,0,0,7,0,2,0,0,17
OLD MAPLE LANE,0,0,0,2,0,0,0,0,0,0,0,2,0,0,0,0,4
OLD MILL RD,0,0,2,12,0,0,0,0,0,0,12,11,0,0,0,0,37
OLD PARK LANE,0,0,0,2,0,0,0,0,0,0,0,2,0,0,0,0,4
OLD YORK CRES,0,0,0,2,0,0,0,0,0,0,0,2,0,0,0,0,4
OLD ZELLER DR,0,0,0,3,0,0,0,0,0,0,0,4,0,0,0,7,14
OLDFIELD DR,0,0,0,15,2,0,1,0,0,0,0,16,0,1,0,0,35
OLIVER CRT,0,0,0,1,0,0,1,0,0,0,0,1,0,1,0,0,4
OLYMPIC DR,0,0,0,2,0,0,0,0,0,0,0,2,0,0,0,0,4
ONEIDA PL,0,0,0,2,0,0,0,0,0,0,0,2,0,0,0,0,4
ONTARIO ST N,0,0,0,2,3,0,0,0,0,0,0,3,0,0,0,0,8
ONTARIO ST S,0,0,0,2,0,0,0,0,0,3,0,4,0,0,0,0,9
ONWARD AVE,0,0,0,3,1,0,1,0,0,0,8,3,0,1,0,0,17
OPRINGTON CRT,0,0,0,1,0,0,0,0,0,0,0,1,0,0,0,0,2
OPRINGTON DE,0,0,0,2,0,0,0,0,0,0,0,2,0,0,0,0,4
OPRINGTON DR,0,0,0,3,1,0,0,0,0,0,0,3,0,0,0,0,7
OPRINGTON PL,0,0,0,2,0,0,0,0,0,0,0,2,0,0,0,0,4
ORCHARD MILL CRES,0,0,0,2,0,0,0,0,0,0,0,2,0,0,0,0,4
ORCHARD MILLS CRES,0,0,0,0,0,0,0,0,0,0,0,0,0,2,0,0,2
ORCHARD PARK CRES,0,0,0,1,0,0,0,0,0,0,0,1,0,0,0,0,2
ORCHID CRES,0,0,0,2,0,0,0,0,0,0,0,2,0,0,0,0,4
OREGON DR,0,0,0,1,0,0,0,0,0,0,0,1,0,0,0,0,2
ORY ST,0,0,0,1,0,0,0,0,0,0,0,1,0,0,0,0,2
OSWEGO CRT,0,0,0,1,0,0,0,0,0,0,0,1,0,0,0,0,2
OTONABEE DR,0,0,0,2,0,0,0,0,0,0,0,2,0,0,0,0,4
OTTAWA RIVER CENTRE,0,0,0,0,0,0,1,0,0,0,0,0,0,0,0,0,1
OTTAWA ST,0,0,3,0,0,0,0,0,0,0,0,0,0,5,0,0,8
OTTAWA ST N,0,0,0,20,14,0,8,0,0,0,0,22,0,4,0,0,68
OTTAWA ST S,2,0,0,23,18,0,9,1,0,0,0,31,0,18,0,11,113
OTTERBEIN RD,0,0,0,6,0,0,0,0,0,0,0,6,0,0,0,0,12
OTTO ST,0,0,0,1,1,0,1,0,0,0,0,2,0,2,0,0,7
OVERLAND DR,0,0,0,1,1,0,0,0,0,0,0,2,0,0,0,0,4
OVERLEA CRES,0,0,0,2,0,0,0,0,0,0,0,2,0,0,0,0,4
OVERLEA CRT,0,0,0,1,0,0,0,0,0,0,0,1,0,0,0,0,2
OVERLEA DR,0,0,0,15,1,0,0,0,0,0,0,11,0,0,0,0,27
OWEN AVE,0,0,0,3,0,0,0,0,0,0,0,3,0,0,0,0,6
OWL RIDGE ST,0,0,0,3,0,0,0,0,0,0,0,3,0,0,0,0,6
OXFORD ST,0,0,0,4,0,0,0,0,0,0,0,3,0,0,0,0,7
OXFROD ST,0,0,0,2,0,0,0,0,0,0,0,2,0,0,0,0,4
OXFROD STA T DOWNEY ST,0,0,0,0,0,0,0,0,0,0,0,1,0,0,0,0,1
PADDOCK CRT,0,0,0,1,0,0,0,0,0,0,0,1,0,0,0,0,2
PAIGE ST,0,0,0,4,1,0,0,0,0,0,0,3,0,0,0,0,8
PALMER AVE,0,0,0,1,3,0,0,0,0,0,0,3,0,0,0,0,7
PANDORA AVE,0,0,1,0,0,0,0,0,0,0,0,1,0,0,0,0,2
PANDORA AVE N,0,0,0,12,2,0,1,0,0,0,0,15,0,2,0,0,32
PANDORA AVE S,0,0,0,2,1,0,1,0,0,0,0,2,0,0,0,0,6
PANDORA CRES,0,0,0,1,0,0,0,0,0,0,0,0,0,0,0,0,1
PANDORA VE N,0,0,0,1,0,0,0,0,0,0,0,0,0,0,0,0,1
PARK ST,2,0,0,22,2,0,13,2,0,4,0,32,0,33,0,0,110
PARKHILL CRT,0,0,0,1,0,0,0,0,0,0,0,1,0,0,0,0,2
PARKING LOT OFF HOMER WATSON BLVD,0,0,0,1,1,0,0,0,0,0,0,1,0,0,0,0,3
PARKLAND CRES,0,0,0,2,0,0,0,0,0,0,0,2,0,0,0,0,4
PARKVALE CRT,0,0,0,1,0,0,0,0,0,0,0,1,0,0,0,0,2
PARKVALE DR,0,0,0,7,0,0,1,0,0,0,0,6,0,0,0,0,14
PARKVIEW CRES,0,0,0,2,0,0,0,0,0,0,0,2,0,0,0,0,4
PARSON CRT,0,0,0,1,0,0,0,0,0,0,0,1,0,0,0,0,2
PATHFINDER CRES,0,0,0,2,0,0,0,0,0,0,0,2,0,0,0,0,4
PATHWAY NEAR 304 RITTENHOUSE RD,0,0,0,0,1,0,0,0,0,0,0,0,0,0,0,0,1
PATRICIA AVE,0,0,0,13,8,0,1,0,0,0,0,15,0,0,0,0,37
PATRICK ST,0,0,0,1,0,0,0,0,0,0,0,1,0,0,0,0,2
PATTADON AVE,0,0,0,1,0,0,0,0,0,0,0,1,0,0,0,0,2
PATTANDON AVE,0,0,0,1,1,0,0,0,0,0,0,2,0,0,0,0,4
PATTANDONE AVE,0,0,0,1,0,0,0,0,0,0,0,0,0,0,0,0,1
PAULANDER DR,0,0,0,2,1,0,0,0,0,0,0,2,0,0,0,0,5
PEACHWOOD AVE,0,0,0,1,0,0,0,0,0,0,0,1,0,0,0,0,2
PEACHWOOD CRT,0,0,0,1,0,0,0,0,0,0,0,1,0,0,0,0,2
PEARWOOD CRT,0,0,0,1,0,0,0,0,0,0,0,1,0,0,0,0,2
PEBBLE CREEK DR,0,0,0,0,0,0,0,0,0,0,0,1,0,0,0,0,1
PEBBLECREEK CRT,0,0,0,1,0,0,0,0,0,0,0,2,0,0,0,0,3
PEBBLECREEK DR,0,0,0,8,0,0,0,0,0,0,0,9,0,0,0,0,17
PEEBLECREEK CRT,0,0,0,1,0,0,0,0,0,0,0,0,0,0,0,0,1
PELTZ AVE,0,0,0,3,0,0,0,0,0,0,0,3,0,0,0,0,6
PENELOPE DR,0,0,0,3,0,0,0,0,0,0,0,3,0,0,0,0,6
PENNSYLVANIA CRES,0,0,0,2,0,0,0,0,0,0,0,2,0,0,0,0,4
PENROSE AVE,0,0,0,4,1,0,0,0,0,0,0,3,0,0,0,0,8
PENROSE AVE AND BRADLEY DR,0,0,0,2,0,0,0,0,0,0,0,0,0,0,0,0,2
PEPPERWOOD CRES,0,0,0,2,0,0,0,0,0,0,0,2,0,0,0,0,4
PEQUEGNAT AVE,0,0,0,2,1,0,0,0,0,0,0,2,0,0,0,0,5
PERIN PL,0,0,0,1,0,0,0,0,0,0,0,1,0,0,0,0,2
PERIWINKLE ST,0,0,0,1,0,0,0,0,0,0,0,1,0,0,0,0,2
PERKELL PL,0,0,0,1,0,0,0,0,0,0,0,1,0,0,0,0,2
PERTH RD,0,0,0,6,2,0,0,0,0,0,0,6,0,0,0,0,14
PETER ST,2,0,0,3,0,0,0,2,0,0,0,6,0,0,0,0,13
PETER ST AND CHURCH ST,0,0,0,0,0,0,0,0,0,0,0,1,0,0,0,0,1
PETRO CANADA,0,0,0,0,0,0,0,0,0,0,0,0,0,2,0,0,2
PIETER VOS DR,0,0,0,1,0,0,0,0,0,0,0,0,0,0,0,0,1
PINE HILL PL,0,0,0,1,0,0,0,0,0,0,0,1,0,0,0,0,2
PINE HOLLOW CRT,0,0,0,1,0,0,0,0,0,0,0,1,0,0,0,0,2
PINE MARTIN CRES,0,0,0,2,0,0,0,0,0,0,0,2,0,0,0,0,4
PINE ST,0,0,0,3,1,0,0,0,0,0,0,3,0,0,0,0,7
PINE VALLEY CRT,0,0,0,1,0,0,0,0,0,0,0,0,0,0,0,0,1
PINE VALLEY DR,0,0,0,5,0,0,0,0,0,0,0,5,0,0,0,0,10
PINEBROOK HOLLOW,0,0,0,1,0,0,0,0,0,0,0,1,0,0,0,0,2
PINECREST DR,0,0,0,2,2,0,0,0,0,0,0,2,0,0,0,0,6
PINEHURST CRES,0,0,0,2,0,0,0,0,0,0,0,2,0,0,0,0,4
PINEVALLEY DR,0,0,0,0,0,0,0,0,0,0,0,1,0,0,0,0,1
PINNACLE DR,0,0,0,10,0,0,0,0,0,0,0,9,0,0,0,0,19
PIONEER DR,0,0,9,23,0,0,10,0,1,0,12,21,0,22,0,0,98
PIONEER GROVE CRT,0,0,0,0,0,0,0,0,0,0,0,1,0,0,0,0,1
PIONEER PARK PLAZA,0,0,0,0,0,0,1,0,0,0,0,0,0,1,0,0,2
PIONEER PARK PUBLIC SCHOOL,0,0,0,0,0,0,0,0,0,0,4,0,0,0,0,0,4
PIONEER RD,0,0,0,0,0,0,0,0,0,0,0,1,0,0,0,0,1
PIONEER TOWER CRES,0,0,0,3,0,0,0,0,0,0,0,2,0,0,0,0,5
PIONEER TOWER RD,0,0,1,10,0,0,2,0,0,0,0,7,0,5,0,0,25
PIPERS GREEN CRT,0,0,0,1,0,0,0,0,0,0,0,1,0,0,0,0,2
PLAINS RD,0,0,3,3,0,0,0,0,0,0,0,3,0,0,0,0,9
PLAYMOUTH RD,0,0,0,1,0,0,0,0,0,0,0,1,0,0,0,0,2
PLAZA ENTRANCE,0,0,0,0,0,0,0,0,0,0,0,0,0,2,0,0,2
PLAZZA CRT,0,0,0,1,0,0,0,0,0,0,0,1,0,0,0,0,2
PLEASANT AVE,0,0,0,9,2,0,0,0,0,0,0,9,0,0,0,0,20
PLYMOUTH RD,0,0,0,2,0,0,0,0,0,0,0,2,0,0,0,0,4
POMPEII ST,0,0,0,2,0,0,0,0,0,0,0,0,0,0,0,0,2
PRESCOTT CRT,0,0,0,1,0,0,0,0,0,0,0,1,0,0,0,0,2
PRESTON ST,0,0,0,2,0,0,0,0,0,0,0,2,0,3,0,0,7
PRINCE ST,0,0,0,3,1,0,0,0,0,0,0,3,0,0,0,0,7
PROSPECT AVE,0,0,0,11,1,0,0,0,0,0,0,11,0,0,0,0,23
PROSPERITY DR,0,0,0,11,0,0,0,0,0,0,0,6,0,0,0,0,17
PRUETER AVE,0,0,0,2,1,0,0,0,1,0,0,2,0,0,0,0,6
PUTNAM PL SY WESTHEIGHTS DR,0,0,0,1,0,0,0,0,0,0,0,1,0,0,0,0,2
QUAIL HOLLOW,0,0,0,1,0,0,0,0,0,0,0,1,0,0,0,0,2
QUAISER CRT,0,0,0,1,0,0,0,0,0,0,0,1,0,0,0,0,2
QUAISER ST,0,0,0,4,1,0,0,0,0,0,0,4,0,0,0,0,9
QUEEN CHARLOTTE CRES,0,0,0,2,0,0,0,0,0,0,0,2,0,0,0,0,4
QUEEN ST,0,0,0,0,0,0,0,0,0,0,0,0,0,2,0,0,2
QUEEN ST N,0,0,0,15,7,0,4,0,0,0,0,20,0,9,0,0,55
QUEEN ST S,0,0,0,8,10,0,5,0,0,21,0,18,0,2,0,0,64
QUEENS BLV,0,0,0,0,0,0,0,0,0,0,0,1,0,0,0,0,1
QUEENS BLVD,0,1,26,22,16,4,14,0,0,0,0,36,0,37,14,0,170
QUEENS ST S,0,0,0,1,1,0,0,0,0,0,0,0,0,0,0,0,2
QUEENSTON CRES,0,0,0,2,0,0,0,0,0,0,0,2,0,0,0,0,4
QUEENSTON DR,0,0,0,5,0,0,0,0,0,0,0,6,0,0,0,0,11
QUEES ST S,0,0,0,0,1,0,1,0,0,0,0,0,0,0,0,0,2
QUINTE CRES,0,0,0,3,0,0,0,0,0,0,0,3,0,0,0,0,6
QUINTE CRT,0,0,0,1,0,0,0,0,0,0,0,1,0,0,0,0,2
RAILAY TRACKS NEAR VICTORIA ST N,4,0,0,0,0,0,0,2,0,0,0,0,0,0,0,0,6
RAILROAD CROSS,1,0,0,0,0,0,0,0,0,0,0,0,0,0,0,0,1
RAILROAD TRACKS,2,0,0,0,0,0,0,2,0,0,0,0,0,0,0,0,4
RAILWAY CROSS,2,0,0,0,0,0,0,1,0,0,0,0,0,0,0,0,3
RAILWAY CROSS VICTORIA,2,0,0,0,0,0,0,0,0,0,0,0,0,0,0,0,2
RAILWAY TRACK,0,0,0,3,0,0,0,0,0,0,0,0,0,0,0,0,3
RAILWAY TRACKS,2,0,0,1,0,0,0,2,0,0,0,0,0,0,0,0,5
RAILWAY TRUCK,0,0,0,1,0,0,0,0,0,0,0,0,0,0,0,0,1
RAILWAY TRUCKS,0,0,0,2,0,0,0,0,0,0,0,0,0,0,0,0,2
RAILWAY TRUKC,0,0,0,1,0,0,0,0,0,0,0,0,0,0,0,0,1
RAITAR AVE,0,0,0,2,1,0,0,0,0,0,0,2,0,0,0,0,5
RALGREEN CRES,0,0,0,2,0,0,0,0,0,0,0,2,0,0,0,0,4
RAMBLEWOOD WAY,0,0,0,3,0,0,0,0,0,0,0,3,0,0,0,0,6
RANDERSON AVE,0,0,0,1,0,0,0,0,0,0,0,1,0,0,0,0,2
RATTLER RD,0,0,0,1,0,0,0,0,0,0,0,0,0,0,0,0,1
RAUCH CRT,0,0,0,1,0,0,0,0,0,0,0,1,0,0,0,0,2
RAYMOND RD,0,0,0,2,0,0,0,0,0,0,0,2,0,0,0,0,4
RED MAPLE PL,0,0,0,1,0,0,0,0,0,0,0,1,0,0,0,0,2
REDTAIL ST,0,0,0,3,0,0,0,0,0,0,0,3,0,0,0,0,6
REICHERT DR,0,0,0,0,0,0,0,0,0,0,0,1,0,0,0,0,1
REIDEL DR,0,0,0,1,0,0,0,0,0,0,0,1,0,0,0,0,2
REINHARDT ST,0,0,0,1,1,0,0,0,0,0,0,1,0,0,0,0,3
REIVERLINK WAY,0,0,0,2,0,0,0,0,0,0,0,2,0,0,0,0,4
RENNIE DR,0,0,0,4,0,0,1,0,0,0,0,2,0,2,0,0,9
RENNIE DR AND RIVER RD E,0,0,0,1,0,0,0,0,0,0,0,1,0,0,0,0,2
RESURRECTION DR,0,0,0,4,2,0,1,0,0,0,0,6,0,3,0,0,16
REX DR,0,0,0,2,0,0,0,0,0,0,0,2,0,0,0,0,4
REYBURN AVE,0,0,0,2,0,0,0,0,0,0,0,2,0,0,0,0,4
REYNOLD CRT,0,0,0,1,0,0,0,0,0,0,0,0,0,0,0,0,1
REYNOLDS CRT,0,0,0,1,0,0,0,0,0,0,0,2,0,0,0,0,3
RICHMOND AVE,0,0,0,1,0,0,0,0,0,2,0,1,0,0,0,0,4
RICHWOOD CRT,0,0,0,1,0,0,0,0,0,0,0,1,0,0,0,0,2
RIDGEMERE CRT,0,0,0,2,0,0,0,0,0,0,0,2,0,0,0,0,4
RIDGEMERE ST,0,0,0,2,0,0,0,0,0,0,0,2,0,0,0,0,4
RIDGEMOUNT ST,0,0,0,1,0,0,0,0,0,0,0,1,0,0,0,0,2
RIDGEWAY CRES,0,0,0,2,0,0,0,0,0,0,0,2,0,0,0,0,4
RIDGEWOOD AVE,0,0,0,2,0,0,0,0,0,0,0,2,0,0,0,0,4
RIEHM ST,0,0,0,3,0,0,0,0,0,0,0,3,0,0,0,0,6
RIPLEY CRES,0,0,0,2,0,0,0,0,0,0,0,2,0,0,0,0,4
RIPPLEWOOD CRES,0,0,0,1,0,0,0,0,0,0,0,2,0,0,0,0,3
RITTENGOUSE DR,0,0,0,0,0,0,1,0,0,0,0,0,0,0,0,0,1
RITTENHOUSE,0,0,1,1,1,0,0,0,0,0,0,0,0,0,0,0,3
RITTENHOUSE DR,0,0,2,2,0,0,0,0,0,0,0,0,0,0,0,0,4
RITTENHOUSE PL,0,0,0,0,0,0,0,0,0,0,0,1,0,0,0,0,1
RITTENHOUSE RD,0,0,23,23,0,0,2,0,0,0,0,18,0,1,0,0,67
RITTENHOUSE RD BETWEEN BLOCK LINE RD TUERR DR,0,0,0,0,0,0,0,0,0,0,0,1,0,0,0,0,1
RITTENHOUSE RD ST TUERR DR,0,0,0,0,0,0,0,0,0,0,0,0,0,1,0,0,1
RIVER BIRCH CRT,0,0,0,1,0,0,0,0,0,0,0,1,0,0,0,0,2
RIVER BIRCH DR,0,0,0,1,0,0,0,0,0,0,0,0,0,0,0,0,1
RIVER BIRCH ST,0,0,0,4,0,0,0,0,0,0,0,4,0,0,0,0,8
RIVER BIRCH ST HIDDEN VALLEY CRES,0,0,0,0,0,0,0,0,0,0,0,1,0,0,0,0,1
RIVER RD,0,0,16,0,0,0,1,0,0,0,0,0,0,43,0,0,60
RIVER RD ATFREDERICK ST,0,0,0,0,0,0,0,0,0,0,0,0,0,4,0,0,4
RIVER RD E,0,0,6,42,8,0,33,0,0,0,0,48,0,2,0,0,139
RIVER RD E FREDERICK ST,0,0,0,0,0,0,1,0,0,0,0,0,0,0,0,0,1
RIVER RD E FROM HALLIWELL DR,0,0,1,0,0,0,0,0,0,0,0,0,0,0,0,0,1
RIVER RD E FROM NIAGARA RD,0,0,1,0,0,0,0,0,0,0,0,0,0,0,0,0,1
RIVER RD W,0,0,0,1,2,0,0,0,0,0,0,1,0,0,0,0,4
RIVER VALLEY DR,0,0,0,2,0,0,0,0,0,0,0,3,0,0,0,0,5
RIVERBANK DR,1,0,0,2,0,0,0,0,0,0,0,1,0,0,0,0,4
RIVERBEND DR,0,0,0,4,0,0,0,0,0,0,0,3,0,0,0,0,7
RIVERLINK WAY,0,0,0,4,0,0,0,0,0,0,0,4,0,0,0,0,8
RIVERSTONE CRT,0,0,0,1,0,0,0,0,0,0,0,0,0,0,0,0,1
RIVERVIEW PL,0,0,0,1,0,0,0,0,0,0,0,1,0,0,0,0,2
ROBERT FERRIE DR,0,0,0,15,0,0,0,0,0,0,0,11,0,0,0,0,26
ROBERT RERRIE DR,0,0,0,0,0,0,0,0,0,0,0,1,0,0,0,0,1
ROBERTS CRES,0,0,0,2,0,0,0,0,0,0,0,2,0,0,0,0,4
ROBERTSON CRES,0,0,0,6,0,0,0,0,0,0,0,5,0,0,0,0,11
ROCHEFORT ST,0,0,0,4,0,0,0,0,0,0,0,0,0,0,0,0,4
ROCK AVE,0,0,2,5,1,0,1,0,0,0,0,5,0,0,0,0,14
ROCKCLIFFE DR,0,0,0,0,0,0,0,0,0,0,0,4,0,0,0,0,4
ROCKWAY DR,0,0,0,4,0,0,0,0,0,0,0,4,0,0,0,0,8
ROCKWOOD DR,0,0,0,0,1,0,0,0,0,0,0,0,0,0,0,0,1
ROCKWOOD RD,0,0,0,2,0,0,0,0,0,0,0,2,0,0,0,0,4
ROEHAMPTON CRT,0,0,0,3,0,0,0,0,0,0,0,3,0,0,0,0,6
ROLAND ST,0,0,0,1,0,0,0,0,0,0,0,1,0,0,0,0,2
ROLLING ACRES CRT,0,0,0,1,0,0,0,0,0,0,0,1,0,0,0,0,2
ROLLING ACRES DR,0,0,0,3,0,0,0,0,0,0,0,3,0,0,0,0,6
ROLLING MEADOWS DR,0,0,0,16,0,0,0,0,1,0,1,14,0,0,0,0,32
ROOS ST,0,0,0,1,0,0,0,0,0,0,0,1,0,0,0,0,2
ROSE GARDEN ST,0,0,0,2,0,0,0,0,0,0,0,2,0,0,0,0,4
ROSE ST,0,0,0,0,0,0,0,0,0,0,0,2,0,0,0,0,2
ROSEBANK CRES,0,0,0,3,0,0,0,0,0,0,0,4,0,0,0,0,7
ROSEBANK PL,0,0,0,1,0,0,0,0,0,0,0,1,0,0,0,0,2
ROSEDALE AVE,0,0,0,5,0,0,0,0,0,0,0,5,0,0,0,0,10
ROSEMORT DR,0,0,0,0,1,0,0,0,0,0,0,0,0,0,0,0,1
ROSEMOUNT DR,0,0,0,10,0,0,0,0,0,0,0,8,0,0,0,0,18
ROSEMOUNT RD,0,0,0,0,0,0,0,0,0,0,0,2,0,0,0,0,2
ROSENEATH CRES,0,0,0,2,0,0,0,0,0,0,0,2,0,0,0,0,4
ROSEWOOD DR,0,0,0,1,0,0,0,0,0,0,0,3,0,0,0,0,4
ROSEWOOD PL,0,0,0,0,0,0,0,0,0,0,0,1,0,0,0,0,1
ROSS AVE,0,0,0,5,1,0,0,0,0,0,0,7,0,0,0,0,13
ROSSFORD CRES,0,0,0,2,0,0,0,0,0,0,0,2,0,0,0,0,4
ROTHASAY AVE,0,0,0,1,0,0,0,0,0,0,0,0,0,0,0,0,1
ROTHSAY AVE,0,0,0,3,0,0,0,0,0,0,0,4,0,0,0,0,7
ROXBOROUGH AVE,0,0,0,3,0,0,0,0,0,0,0,3,0,0,0,0,6
ROY ST,0,0,0,1,0,0,0,0,0,2,0,1,0,0,0,0,4
ROYAL OCHARD DR,0,0,0,1,0,0,0,0,0,0,0,0,0,0,0,0,1
ROYAL ORCHARD DR,0,0,0,8,0,0,0,0,0,0,0,7,0,0,0,0,15
ROYAL ORCHARD DR DROM DEERWOOD CRES,0,0,0,1,0,0,0,0,0,0,0,0,0,0,0,0,1
ROYAL ORCHARD PL,0,0,0,1,0,0,0,0,0,0,0,1,0,0,0,0,2
RTTENHOUSE RD,0,0,0,0,0,0,0,0,0,0,0,1,0,0,0,0,1
RUBY ST,0,0,0,3,0,0,0,0,0,0,0,2,0,0,0,0,5
RUSH MEADOW CRES,0,0,0,2,0,0,0,0,0,0,0,2,0,0,0,0,4
RUSH MEADOW CRT,0,0,0,1,0,0,0,0,0,0,0,1,0,0,0,0,2
RUSH MEADOW ST,0,0,0,6,0,0,0,0,0,0,0,7,0,0,0,0,13
RUSHBROOK DR,0,0,0,2,0,0,0,0,0,0,0,2,0,0,0,0,4
RUSHOLME RD,0,0,0,0,0,0,0,0,0,0,0,2,0,0,0,0,2
RUSKVIEW RD,0,0,0,3,0,0,0,0,0,0,0,3,0,0,0,0,6
RUSSEL ST,0,0,0,3,0,0,0,0,0,0,0,3,0,0,0,0,6
RUSSET PL,0,0,0,1,0,0,0,0,0,0,0,1,0,0,0,0,2
RUTHERFORD DR,0,0,0,3,0,0,0,0,0,0,0,3,0,0,0,0,6
SABRINA CRES,0,0,0,3,0,0,0,0,0,0,0,2,0,0,0,0,5
SADDLEWOOD DR,0,0,0,3,0,0,0,0,0,0,0,3,0,0,0,0,6
SAMUEL ST,0,0,0,9,1,0,0,0,0,0,0,18,0,0,0,0,28
SANDRA,0,0,0,0,1,0,0,0,0,0,0,0,0,0,0,0,1
SANDRA AVE,0,0,0,2,0,0,0,0,0,0,0,2,0,0,0,0,4
SANDWELL CRT,0,0,0,2,0,0,0,0,0,0,0,2,0,0,0,0,4
SASAGA DR,0,0,0,2,0,0,0,0,0,0,0,2,0,0,0,0,4
SASSAFRAS ST,0,0,0,2,0,0,0,0,0,0,0,2,0,0,0,0,4
SCENIC DR,0,0,0,3,0,0,0,0,0,0,0,3,0,0,0,0,6
SCENIC WOOD CRES,0,0,0,2,0,0,0,0,0,0,0,2,0,0,0,0,4
SCHNEIDER AVE,0,0,0,0,1,0,0,0,0,0,0,4,0,0,0,0,5
SCHOFIELD DR,0,0,0,1,0,0,0,0,0,0,0,1,0,0,0,0,2
SCHOOL CROSSING,0,0,0,0,0,0,0,0,1,0,0,0,0,0,0,0,1
SCHUELLER ST,0,0,0,0,0,0,0,0,0,0,0,1,0,0,0,0,1
SCHUELLER STA T TAGGE ST,0,0,0,1,0,0,0,0,0,0,0,0,0,0,0,0,1
SCHWEITZER ST,0,0,0,9,1,0,0,0,0,0,0,9,0,0,0,0,19
SCOTT ST,0,0,0,2,2,0,2,0,0,0,0,9,0,3,0,0,18
SEABOOK DR,0,0,0,1,0,0,0,0,0,0,0,0,0,0,0,0,1
SEABROOK DR,0,0,0,1,0,0,1,0,0,0,0,1,0,2,0,0,5
SEARS FURNITURE,0,0,0,0,0,0,1,0,0,0,0,0,0,0,0,0,1
SECOND AVE,0,0,0,3,0,0,0,0,0,0,0,3,0,0,0,0,6
SECORD AVE,0,0,0,1,0,0,0,0,0,0,0,1,0,0,0,0,2
SELKIRK DR,0,0,0,1,0,0,0,0,0,0,0,1,0,1,0,0,3
SENECA DR,0,0,0,2,0,0,0,0,0,0,0,2,0,0,0,0,4
SEREDA RD,0,0,0,4,0,0,0,0,0,0,0,3,0,0,0,0,7
SETTLERS CRT,0,0,0,1,0,0,0,0,0,0,0,1,0,0,0,0,2
SETTLERS DR,0,0,0,3,0,0,0,0,0,0,0,3,0,0,0,0,6
SEVERN AVE,0,0,0,1,0,0,0,0,0,0,0,1,0,0,0,0,2
SGAFTSBURY DR,0,0,0,0,0,0,0,0,0,0,0,1,0,0,0,0,1
SHADELAND CRES,0,0,0,1,0,0,0,0,0,0,0,1,0,0,0,0,2
SHADELAND CRES AR HAZELGLEN DR,0,0,0,1,0,0,0,0,0,0,0,1,0,0,0,0,2
SHADYRIDGE PL,0,0,0,1,0,0,0,0,0,0,0,1,0,0,0,0,2
SHADYWOOD CRES,0,0,0,1,0,0,0,0,0,0,0,1,0,0,0,0,2
SHAFTSBURY DR,0,0,0,4,1,0,0,0,0,0,0,3,0,0,0,0,8
SHANLEY ST,0,0,0,10,0,0,0,0,0,0,0,10,0,0,0,0,20
SHANTZ LANE,0,0,0,3,1,0,0,0,0,0,0,3,0,0,0,0,7
SHEA CRES,0,0,0,4,0,0,0,0,0,0,0,3,0,0,0,0,7
SHELDON AVE N,0,0,0,8,2,0,0,0,0,0,0,8,0,0,0,0,18
SHELDON AVE S,0,0,0,2,1,0,0,0,0,0,0,2,0,0,0,0,5
SHELKIRK DR,0,0,0,0,0,0,1,0,0,0,0,0,0,0,0,0,1
SHELLEY DR,0,0,0,8,1,0,2,0,0,0,0,8,0,5,0,0,24
SHELLEY PL,0,0,0,1,0,0,0,0,0,0,0,1,0,0,0,0,2
SHERBOURNE AVE,0,0,0,2,0,0,0,0,0,0,0,2,0,0,0,0,4
SHERIDAN CRT,0,0,0,1,0,0,0,0,0,0,0,1,0,0,0,0,2
SHERWOOD AVE,0,0,0,9,0,0,0,0,0,0,0,9,0,0,0,0,18
SHIRK PL,0,0,0,1,1,0,0,0,0,0,0,1,0,0,0,0,3
SHIRLEY DR,0,0,0,7,0,0,4,0,0,0,0,6,0,1,0,0,18
SHIRLYEY DR,0,0,0,1,0,0,0,0,0,0,0,1,0,0,0,0,2
SHOEMAKER ST,0,0,0,2,0,0,0,0,0,0,0,2,0,0,0,0,4
SHRILEY AVE,0,0,0,0,0,0,0,0,0,0,0,1,0,0,0,0,1
SHUH AVE,0,0,0,6,2,0,0,0,0,0,0,6,0,0,0,0,14
SIBERT AVE,0,0,0,1,0,0,0,0,0,0,0,0,0,0,0,0,1
SIEBERT AVE,0,0,0,8,9,0,0,0,0,0,4,9,0,0,0,0,30
SIENNA CRES,0,0,0,6,0,0,0,0,0,0,0,0,0,0,0,0,6
SILVER ASPEN CRES,0,0,0,2,0,0,0,0,0,0,0,2,0,0,0,0,4
SILVERCREST DR,0,0,0,1,0,0,0,0,0,0,0,1,0,0,0,0,2
SILVERSPRING CRES,0,0,0,3,0,0,0,0,0,0,0,3,0,0,0,0,6
SIMEON ST,0,0,0,8,4,0,0,0,0,0,0,18,0,0,0,0,30
SIMPSON AVE,0,0,0,2,0,0,0,0,0,0,0,2,0,0,0,0,4
SIMS ESTATE DR,0,0,0,5,0,0,0,0,0,0,0,6,0,0,0,0,11
SIMSESTATE DR,0,0,0,0,0,0,0,0,0,0,0,1,0,0,0,0,1
SIXTH AVE,0,0,0,4,0,0,0,0,0,0,0,4,0,0,0,0,8
SLEEPY HOLLOW CRT,0,0,0,1,0,0,0,0,0,0,0,1,0,0,0,0,2
SMETANA DR,0,0,0,2,0,0,0,0,0,0,0,2,0,0,0,0,4
SMITHSON ST,0,0,0,3,0,0,0,0,0,0,0,3,0,0,0,0,6
SOMERFIELD PL,0,0,0,1,0,0,0,0,0,0,0,1,0,0,0,0,2
SOPHIA CRES,0,0,0,3,0,0,0,0,0,0,0,2,0,0,0,0,5
SORRENTO ST,0,0,0,1,0,0,0,0,0,0,0,0,0,0,0,0,1
SOUTH DR,0,0,0,5,0,0,0,0,0,0,0,6,0,0,0,0,11
SOUTHDALE AVE,0,0,0,2,0,0,0,0,0,0,0,1,0,0,0,0,3
SOUTHDLE AVE,0,0,0,0,0,0,0,0,0,0,0,1,0,0,0,0,1
SOUTHILL DR,0,0,0,1,0,0,0,0,0,0,0,0,0,0,0,0,1
SOUTHMOOR DR,0,0,0,4,0,0,0,0,0,0,0,4,0,0,0,0,8
SOUTHRIDGE DR,0,0,0,4,0,0,0,0,0,0,0,4,0,0,0,0,8
SPADIN RD W,0,0,0,0,0,0,0,0,0,0,0,1,0,0,0,0,1
SPADINA AVE,0,0,0,0,0,0,0,0,0,0,0,0,0,2,0,0,2
SPADINA RD E,0,0,0,10,6,0,5,0,0,0,0,15,0,3,0,0,39
SPADINA RD W,0,0,0,10,6,0,0,0,0,0,0,10,0,0,0,0,26
SPENCER CRT,0,0,0,1,0,0,0,0,0,0,0,1,0,0,0,0,2
SPETZ ST,0,0,0,1,1,0,0,0,0,0,0,1,0,0,0,0,3
SPORTS WORLD DR,0,0,0,1,1,0,3,0,0,0,0,1,0,4,0,0,10
SPORTSWORLD CROSSING RD,0,0,0,1,1,0,2,0,0,0,0,1,0,6,0,0,11
SPORTSWORLD DR,0,0,0,1,1,0,3,0,0,0,0,2,0,6,0,0,13
SPRING HILL PL,0,0,0,1,0,0,0,0,0,0,0,1,0,0,0,0,2
SPRING MIST DR,0,0,0,2,0,0,0,0,0,0,0,2,0,0,0,0,4
SPRING VALLEY RD,0,0,0,2,0,0,0,0,0,0,0,2,0,0,0,0,4
SPRINGBANK CRES,0,0,0,2,0,0,0,0,0,0,0,2,0,0,0,0,4
SPRINGDALE DR,0,0,0,1,0,0,0,0,0,0,0,1,0,0,0,0,2
SPRINGMOUNT DR,0,0,0,4,0,0,0,0,0,0,0,4,0,0,0,0,8
SPRINGMOUNT PL,0,0,0,1,0,0,0,0,0,0,0,1,0,0,0,0,2
SPRUCEDALE CRES,0,0,0,2,0,0,0,0,0,0,0,2,0,0,0,0,4
SPUR LINE TRAIL,0,0,0,4,0,0,0,0,0,0,0,5,2,0,0,0,11
SPUR LINE TRAIL GUELPH ST,0,0,0,1,0,0,0,0,0,0,0,0,0,0,0,0,1
ST BERNADETTE CATHOLIC SCHOOL,0,0,0,0,0,0,0,0,1,0,0,0,0,0,0,0,1
ST CLAIR AVE,0,0,0,5,0,0,0,0,0,0,0,5,0,0,0,0,10
ST EMILION PL,0,0,0,1,0,0,0,0,0,0,0,1,0,0,0,0,2
ST GEORGE ST,0,0,0,2,2,0,0,0,0,0,0,4,0,0,0,0,8
ST JEROME AVE,0,0,0,1,0,0,0,0,0,0,0,1,0,0,0,0,2
ST JOHN CATHOLIC SCHOOL,0,0,0,0,0,0,0,0,0,0,0,2,0,0,0,0,2
ST LEGER ST,2,0,0,21,9,0,0,0,1,2,0,19,0,0,0,0,54
ST MARY'S HOSPITAL,0,0,0,0,0,0,0,0,0,0,0,0,0,4,0,0,4
ST PAUL'S SCHOOL,0,0,0,0,0,0,0,0,1,0,0,0,0,0,0,0,1
ST VINCENT ST,0,0,0,7,5,0,0,0,0,0,0,6,0,0,0,0,18
ST VINCENT STA T LOUISA ST,0,0,0,0,0,0,0,0,0,0,0,1,0,0,0,0,1
ST. LEGER ST,0,0,0,0,0,0,0,0,0,0,0,2,0,0,0,0,2
STAFFORD LANE,0,0,0,1,0,0,0,0,0,0,0,1,0,0,0,0,2
STAHL AVE,0,0,0,1,0,0,0,0,0,0,0,1,0,0,0,0,2
STANGE ST,0,0,0,1,0,0,0,0,0,0,0,0,0,0,0,0,1
STANLEY AVE,0,0,0,8,2,0,0,0,0,0,0,7,0,0,0,0,17
STANMORE AVE,0,0,0,3,0,0,0,0,0,0,0,3,0,0,0,0,6
STANSON CLOSE,0,0,0,1,0,0,0,0,0,0,0,1,0,0,0,0,2
STAPLES,0,0,0,0,0,0,1,0,0,0,0,0,0,0,0,0,1
STARSBURG RD,0,0,1,0,0,0,1,0,0,0,0,1,0,4,0,0,7
STASBUR RD,0,0,0,0,0,0,1,0,0,0,0,0,0,0,0,0,1
STASBURG RD,0,0,0,1,0,0,2,0,0,0,0,0,0,2,0,0,5
STAUFFER DR,0,0,0,1,0,0,0,0,0,0,0,1,0,0,0,0,2
STECKLE PL,0,0,0,1,0,0,0,0,0,0,0,1,0,0,0,0,2
STEEPLERIDGE CRT,0,0,0,1,0,0,0,0,0,0,0,1,0,0,0,0,2
STEEPLERIDGE ST,0,0,0,9,0,0,0,0,0,0,0,8,0,0,0,0,17
STEWART ST,0,0,0,1,0,0,1,0,0,0,0,1,0,0,0,0,3
STEWWART ST,0,0,0,1,0,0,0,0,0,0,0,0,0,0,0,0,1
STIRLING AV EFROM KING ST E,0,0,0,1,0,0,0,0,0,0,0,0,0,0,0,0,1
STIRLING AVE,0,0,0,2,0,0,4,0,0,0,0,0,0,13,0,0,19
STIRLING AVE N,0,0,0,11,4,0,0,0,0,0,0,18,0,2,0,0,35
STIRLING AVE S,0,0,0,20,16,0,12,0,1,0,0,36,0,9,0,0,94
STIRLING AVE S HOMER WATSON BLVD,0,0,0,0,0,0,0,0,0,0,0,1,0,0,0,0,1
STOKE CRT,0,0,0,1,0,0,0,0,0,0,0,1,0,0,0,0,2
STOKE DR,0,0,0,8,1,0,1,0,0,0,0,8,0,1,0,0,19
STONEGATE DR,0,0,0,4,0,0,0,0,0,0,0,4,0,0,0,0,8
STONEHENGE PL,0,0,0,1,0,0,0,0,0,0,0,1,0,0,0,0,2
STONEYBROOK DR,0,0,0,4,0,0,0,0,0,0,0,4,0,0,0,0,8
STONYBROOK DR,0,0,0,7,0,0,0,0,0,0,0,7,0,0,0,0,14
STRABURG RD,0,0,1,0,0,0,0,0,0,0,0,0,0,0,0,0,1
STRANGE ST,2,0,0,9,1,0,1,2,0,0,0,9,0,1,0,0,25
STRASBUR RD,0,0,1,0,0,0,0,0,0,0,0,0,0,0,0,0,1
STRASBURG,0,0,2,0,0,0,1,0,0,0,0,0,0,0,0,0,3
STRASBURG RD,0,0,33,20,4,0,46,0,0,0,0,26,0,33,0,0,162
STRASBURG RD FEOM FOREST GLEN PLAZA,0,0,0,1,0,0,0,0,0,0,0,0,0,0,0,0,1
STRASBURG ROD,0,0,0,1,0,0,0,0,0,0,0,0,0,0,0,0,1
STRATHCONA CRES,0,0,0,3,0,0,0,0,0,0,0,3,0,0,0,0,6
STRESBURG RD,0,0,0,0,0,0,1,0,0,0,0,0,0,0,0,0,1
STRILING AVE S,0,0,0,1,0,0,0,0,0,0,0,0,0,0,0,0,1
STRSBURG RD,0,0,0,1,1,0,1,0,0,0,0,0,0,0,0,0,3
STRSBURG RD FROM BLOCK FOREST GLEN TRANSIT TERMINAL LINE RD TO,0,0,0,1,0,0,0,0,0,0,0,0,0,0,0,0,1
SUDDABY PUBLIC SCHOOL,0,0,0,0,0,0,0,0,1,0,0,0,0,0,0,0,1
SUFFOLK AVE,0,0,0,3,0,0,0,0,0,0,0,3,0,0,0,0,6
SUGAR MAPLE PL,0,0,0,1,0,0,0,0,0,0,0,1,0,0,0,0,2
SUGAR MAPLE ST,0,0,0,4,0,0,0,0,0,0,0,4,0,0,0,0,8
SUGARMILL CRT,0,0,0,2,0,0,0,0,0,0,0,2,0,0,0,0,4
SUMMERHILL CRES,0,0,0,2,0,0,0,0,0,0,0,2,0,0,0,0,4
SUMMIT AVE,0,0,0,5,1,0,0,0,0,0,0,5,0,0,0,0,11
SUMMIT AVE FOREST HILL DR,0,0,0,1,0,0,0,0,0,0,0,1,0,0,0,0,2
SUNBRIDGE CRES,0,0,0,1,0,0,0,0,0,0,0,1,0,0,0,0,2
SUNNY MEADOW CRT,0,0,0,1,0,0,0,0,0,0,0,1,0,0,0,0,2
SUNRISE DR,0,0,0,1,0,0,0,0,0,0,0,1,0,0,0,0,2
SUNSET PL,0,0,0,0,0,0,0,0,0,0,0,1,0,0,0,0,1
SUNSET PL UNION ST,0,0,0,1,0,0,0,0,0,0,0,0,0,0,0,0,1
SUSAN CRES,0,0,0,3,0,0,0,0,0,0,0,3,0,0,0,0,6
SUSAN CRT,0,0,0,1,0,0,0,0,0,0,0,1,0,0,0,0,2
SUTHERLAND WALK,0,0,0,1,0,0,0,0,0,0,0,1,0,0,0,0,2
SWARTZ ST,0,0,0,2,0,0,0,0,0,0,0,2,0,0,0,0,4
SWEETBRIAR DR,0,0,0,4,0,0,0,0,0,0,0,4,0,0,0,0,8
SYCAMORE PL,0,0,0,1,0,0,0,0,0,0,0,1,0,0,0,0,2
SYDENHAM ST,0,0,0,1,0,0,0,0,0,0,0,1,0,0,0,0,2
SYDNEY ST,1,0,0,0,0,0,0,0,0,0,0,0,0,0,0,0,1
SYDNEY ST N,0,0,0,4,1,0,0,0,0,0,0,4,0,0,0,0,9
SYDNEY ST S,0,0,0,13,5,0,0,0,0,0,4,14,0,0,0,0,36
SYLVIA ST,0,0,0,1,0,0,0,0,0,0,0,1,0,0,0,0,2
SYNDEY ST S,1,0,0,0,0,0,0,0,0,0,0,0,0,0,0,0,1
TAGGE CRES,0,0,0,1,0,0,0,0,0,0,0,1,0,0,0,0,2
TAGGE ST,0,0,0,3,0,0,0,0,0,0,0,5,0,0,0,0,8
TALBOT ST,0,0,0,4,0,0,0,0,0,0,0,4,0,0,0,0,8
TAMI CRT,0,0,0,1,0,0,0,0,0,0,0,1,0,0,0,0,2
TAMROTH CLOSE,0,0,0,1,0,0,0,0,0,0,0,1,0,0,0,0,2
TAMVALE CRES,0,0,0,2,0,0,0,0,0,0,0,2,0,0,0,0,4
TANGLEWOOD AVE,0,0,0,2,0,0,0,0,0,0,0,2,0,0,0,0,4
TARA CRES,0,0,0,2,0,0,0,0,0,0,0,2,0,0,0,0,4
TECUMSEH CRES,0,0,0,0,0,0,0,0,0,0,0,2,0,0,0,0,2
TEMPLETON DR,0,0,0,2,0,0,0,0,0,0,0,2,0,0,0,0,4
TEMPLEWOOD DR,0,0,0,7,0,0,5,0,0,0,0,5,0,4,0,0,21
TERRACE WOOD CRES,0,0,0,2,0,0,0,0,0,0,0,1,0,0,0,0,3
TERRACE WOOD DR,0,0,0,2,0,0,0,0,0,0,0,2,0,0,0,0,4
TERRACE WOODS CRES,0,0,0,0,0,0,0,0,0,0,0,1,0,0,0,0,1
TERRINGTON CRES,0,0,0,2,0,0,0,0,0,0,0,2,0,0,0,0,4
TH BOARDWALK,0,0,0,0,0,0,1,0,0,0,0,0,0,0,0,0,1
THALER AVE,0,0,0,9,0,0,0,0,0,0,0,11,0,0,0,0,20
THE BOARDWALK,0,0,0,0,2,0,1,0,0,0,0,0,0,0,0,0,3
THE COUNTRY WAY,0,0,0,10,0,0,0,0,0,0,0,9,0,0,0,0,19
THE COUNTRY WAY ERINBROOK DR,0,0,0,1,0,0,0,0,0,0,0,0,0,0,0,0,1
THE CRESTWAY,0,0,0,1,0,0,0,0,0,0,0,1,0,0,0,0,2
THE HIGHLAND RD W ROUNDABOUT,0,0,0,0,0,0,3,0,0,0,0,0,0,0,0,0,3
THE KIRKSWAY,0,0,0,1,0,0,0,0,0,0,0,1,0,0,0,0,2
THERESA ST,0,0,0,0,1,0,0,0,0,0,0,1,0,0,0,0,2
THIRD AVE,0,0,0,2,0,0,0,0,0,0,0,2,0,0,0,0,4
THISTLEDOWN DR,0,0,0,3,0,0,1,0,0,0,0,6,0,1,0,0,11
THOMAS SLEE DR,0,0,0,12,0,0,0,0,0,0,0,10,0,0,0,0,22
THOMASS SLEE DR,0,0,0,1,0,0,0,0,0,0,0,0,0,0,0,0,1
THORNCLIFFE ST,0,0,0,2,0,0,0,0,0,0,0,2,0,0,0,0,4
THORNRIDGE CRES,0,0,0,2,0,0,0,0,0,0,0,2,0,0,0,0,4
TILLEY CRT,0,0,0,1,0,0,0,0,0,0,0,1,0,0,0,0,2
TILLSLEY DR,0,0,0,1,0,0,0,0,0,0,0,4,0,0,0,0,5
TILT DR,0,0,0,4,0,0,0,0,0,0,0,7,0,0,0,0,11
TIM HORTONS,0,0,0,0,0,0,0,0,0,0,0,0,0,3,0,0,3
TIMBER RIDGE CRT,0,0,0,1,0,0,0,0,0,0,0,1,0,0,0,0,2
TIMBERLANE CRES,0,0,0,2,0,0,0,0,0,0,0,2,0,0,0,0,4
TINATAWA CRT,0,0,0,1,0,0,0,0,0,0,0,1,0,0,0,0,2
TISDALE CRT,0,0,0,1,0,0,0,0,0,0,0,1,0,0,0,0,2
TOOPER WOODS CRES,0,0,0,0,0,0,0,0,0,0,0,1,0,0,0,0,1
TOPPER WOODS CRES,0,0,0,2,0,0,0,0,0,0,0,1,0,0,0,0,3
TOTTENHAM ST,0,0,0,2,0,0,0,0,0,0,0,0,0,0,0,0,2
TOYNBEE CRES,0,0,0,2,0,0,0,0,0,0,0,2,0,0,0,0,4
TOYS R US PLAZA,0,0,0,0,0,0,0,0,0,0,0,0,0,2,0,0,2
TRACKS NEAR HYDRO STATION,2,0,0,0,0,0,0,2,0,0,0,0,0,0,0,0,4
TRADEWINDS PL,0,0,0,1,0,0,0,0,0,0,0,1,0,0,0,0,2
TRAFALGAR AVE,0,0,0,3,0,0,1,0,0,0,0,3,0,0,0,0,7
TRAFALGAR RD,0,0,0,0,0,0,0,0,0,0,0,0,0,1,0,0,1
TRAIL CROSSING,0,0,0,0,1,0,0,0,0,0,1,0,0,0,0,0,2
TRAILVIEW DR,0,0,0,6,0,0,0,0,0,0,0,6,0,0,0,0,12
TRAILWOOD CRES,0,0,0,2,0,0,0,0,0,0,0,2,0,0,0,0,4
TRAYNOR AVE,0,0,0,14,1,0,0,0,1,0,20,13,0,3,0,0,52
TRELAWNEY ST,0,0,0,2,0,0,0,0,0,0,0,2,0,0,0,0,4
TRELAWNEY ST STOKE DR,0,0,0,1,0,0,0,0,0,0,0,1,0,0,0,0,2
TREMAINE DR,0,0,0,1,1,0,0,0,0,0,0,4,0,0,0,0,6
TREMAINER DR,0,0,0,1,0,0,0,0,0,0,0,0,0,0,0,0,1
TRILLIUM DR,0,0,3,14,0,0,8,0,0,0,0,18,0,22,0,0,65
TRILLIUM PARK PL,0,0,0,1,0,0,0,0,0,0,0,1,0,0,0,0,2
TRILLIUN DR,0,0,0,1,0,0,0,0,0,0,0,0,0,0,0,0,1
TRINITY VILLAGE,0,0,0,0,0,0,0,0,0,0,0,0,0,2,0,0,2
TRINITY VILLAGE TERRACE,0,0,0,1,0,0,0,0,0,0,0,0,0,0,0,0,1
TROY ST,0,0,0,2,0,0,0,0,0,0,0,4,0,0,0,0,6
TRUSSLER RD,0,0,1,8,2,0,3,0,0,0,0,8,0,3,0,0,25
TU LANE RD,0,0,0,0,0,0,1,0,0,0,0,0,0,0,0,0,1
TU LANE ST,0,0,0,2,0,0,1,0,0,0,0,2,0,0,0,0,5
TUDOR ST,0,0,0,2,0,0,0,0,0,0,0,2,0,0,0,0,4
TUEER DR,0,0,0,0,0,0,1,0,0,0,0,0,0,0,0,0,1
TUERR DR,0,0,0,5,0,0,0,0,0,0,0,7,0,0,0,0,12
TUPPER CRES,0,0,0,3,0,0,0,0,0,0,0,2,0,0,0,0,5
TUPPER CRT,0,0,0,1,0,0,0,0,0,0,0,0,0,0,0,0,1
TUPPER CRT TUPPER CRES,0,0,0,0,0,0,0,0,0,0,0,1,0,0,0,0,1
TURNER AVE,0,0,0,2,0,0,0,0,0,0,0,2,0,0,0,0,4
TURNING LAND ON BATTLER RD,0,0,0,0,0,0,1,0,0,0,0,0,0,0,0,0,1
TWEEDSDALE ST,0,0,0,2,0,0,0,0,0,0,0,2,0,0,0,0,4
TWEEDSMUIR CRT,0,0,0,1,0,0,0,0,0,0,0,1,0,0,0,0,2
TYSON DR,0,0,0,1,1,0,0,0,0,0,0,2,0,0,0,0,4
UDVARI CRES,0,0,0,4,0,0,0,0,0,0,0,4,0,0,0,0,8
UNDERHILL CRES,0,0,0,2,0,0,0,0,0,0,0,2,0,0,0,0,4
UNION BLVD,0,0,0,14,1,0,11,0,0,0,0,29,0,17,0,0,72
UNION LANE,0,0,0,1,0,0,0,0,0,0,0,1,0,0,0,0,2
UNION ST,0,0,5,16,2,0,1,0,0,0,0,18,0,11,0,0,53
UNIVERSITY AVE W,0,0,0,3,7,0,1,0,0,0,0,4,0,3,0,0,18
UPLANDS DR,0,0,0,4,0,0,0,0,0,0,0,4,0,0,0,0,8
UPPER CANADA CRES,0,0,0,1,0,0,0,0,0,0,0,1,0,0,0,0,2
UPPER CANADA DR,0,0,0,6,0,0,1,0,1,0,8,5,0,2,0,0,23
UPPER CANADA PL,0,0,0,1,0,0,0,0,0,0,0,1,0,0,0,0,2
UPPER CANCADA DR,0,0,0,1,0,0,0,0,0,0,0,0,0,0,0,0,1
UPPER MERCER ST,0,0,0,3,0,0,0,0,0,0,0,3,0,0,0,0,6
UXBRIDGE CRES,0,0,0,0,0,0,0,0,0,0,0,2,0,0,0,0,2
VALEBROOK ST,0,0,0,1,0,0,0,0,0,0,0,1,0,0,0,0,2
VALEWOOD PL,0,0,0,1,0,0,0,0,0,0,0,1,0,0,0,0,2
VALLEYVIEW RD,0,0,0,2,0,0,0,0,0,0,0,2,0,0,0,0,4
VAN HORNE PL,0,0,0,1,0,0,0,0,0,0,0,1,0,0,0,0,2
VANCAMP AVE,0,0,0,2,2,0,0,0,0,0,0,2,0,0,0,0,6
VANIER DR,0,0,0,15,4,0,0,0,0,0,24,15,0,0,0,0,58
VENTURIN ST,0,0,0,2,0,0,0,0,0,0,0,2,0,0,0,0,4
VERNON AVE,0,0,0,1,0,0,0,0,0,0,0,1,0,0,0,0,2
VERONA ST,0,0,0,2,0,0,0,0,0,0,0,0,0,0,0,0,2
VERONICA CRT,0,0,0,1,0,0,0,0,0,0,0,1,0,0,0,0,2
VERONICA DR,0,0,0,8,0,0,0,0,0,0,0,8,0,0,0,0,16
VICMOUNT DR,0,0,0,2,1,0,0,0,0,0,0,2,0,0,0,0,5
VICTORIA,0,0,0,0,0,2,0,0,0,0,0,0,0,0,0,0,2
VICTORIA ST,0,0,0,0,2,0,0,0,0,0,0,1,0,1,0,0,4
VICTORIA ST N,1,0,1,19,36,0,13,0,0,0,0,32,0,18,0,0,120
VICTORIA ST S,1,2,2,21,28,1,16,2,0,5,0,38,0,11,0,3,130
VICTORIA ST S ROUNDABOUT,0,0,0,0,0,0,1,0,0,0,0,0,0,0,0,0,1
VICTORIA ST TRACKS,1,0,0,0,0,0,0,1,0,0,0,0,0,0,0,0,2
VICTRORIA ST S,0,0,0,1,0,0,0,0,0,0,0,0,0,0,0,0,1
VIEWMONT CLOSE,0,0,0,1,0,0,0,0,0,0,0,1,0,0,0,0,2
VILLAGE CRES,0,0,0,2,0,0,0,0,0,0,0,2,0,0,0,0,4
VILLAGE RD,0,0,0,5,2,0,0,0,0,0,0,5,0,0,0,0,12
VINTAGE CRES,0,0,0,2,0,0,0,0,0,0,0,2,0,0,0,0,4
VISTA CRES,0,0,0,1,0,0,0,0,0,0,0,1,0,0,0,0,2
VOLTA AVE,0,0,0,2,0,0,0,0,0,0,0,2,0,0,0,0,4
W.T. TOWNSHEND SCHOOL,0,0,0,0,0,0,0,0,1,0,0,0,0,0,0,0,1
WABANAKI DR,2,0,2,8,1,0,4,2,0,0,0,10,0,20,0,0,49
WABANAKI DR FROM KEVCO PL,0,0,0,1,0,0,0,0,0,0,0,0,0,0,0,0,1
WABANAKI DR FROM MANITOUL DR,0,0,0,0,0,0,1,0,0,0,0,0,0,0,0,0,1
WABANAKI DR HIDDEN VALLEY RD,0,0,0,2,0,0,0,0,0,0,0,0,0,0,0,0,2
WAGON ST,0,0,0,6,0,0,0,0,0,0,0,6,0,0,0,0,12
WAKE ROBIN CRES,0,0,0,2,0,0,0,0,0,0,0,2,0,0,0,0,4
WAKE ROBIN DR,0,0,0,25,0,0,1,0,0,0,0,6,0,2,0,0,34
WALKER ST,0,0,0,4,0,0,0,0,0,0,0,4,0,0,0,0,8
WALNUT ST,1,0,0,4,1,0,0,2,0,0,0,3,0,0,0,0,11
WALTER ST,0,0,0,4,0,0,0,0,0,0,0,5,0,0,0,0,9
WALTON AVE,0,0,0,4,0,0,0,0,0,0,0,5,0,0,0,0,9
WANDSWORTH PL,0,0,0,1,0,0,0,0,0,0,0,1,0,0,0,0,2
WAREEN RD,0,0,0,2,0,0,0,0,0,0,0,2,0,0,0,0,4
WARREN RD,0,0,0,5,1,0,0,0,0,0,0,8,0,0,0,0,14
WARRN RD,0,0,0,1,0,0,0,0,0,0,0,1,0,0,0,0,2
WASHBURN DR,0,0,0,2,0,0,0,0,0,0,0,2,0,0,0,0,4
WATER ST,0,0,0,0,0,0,0,0,0,4,0,0,0,0,0,0,4
WATER ST N,0,0,0,6,6,0,3,0,0,0,0,12,0,4,0,0,31
WATER ST S,0,0,1,5,3,0,0,0,0,9,2,9,0,1,0,2,32
WATER TS S,0,0,0,0,0,0,0,0,0,0,2,0,0,0,0,0,2
WATERBEND CRES,0,0,0,4,0,0,0,0,0,0,0,4,0,0,0,0,8
WATERBRIDGE CRT,0,0,0,1,0,0,0,0,0,0,0,1,0,0,0,0,2
WATERCRESS CRT,0,0,0,1,0,0,0,0,0,0,0,1,0,0,0,0,2
WATERFORD CRT,0,0,0,1,0,0,0,0,0,0,0,1,0,0,0,0,2
WATERLOO ST,1,0,0,16,2,0,0,1,0,0,0,19,0,0,0,0,39
WATERLOO ST N,0,0,0,1,0,0,0,0,0,0,0,0,0,0,0,0,1
WATERLOO STA T LOUISA ST,0,0,0,1,0,0,0,0,0,0,0,0,0,0,0,0,1
WATERVALE DR,0,0,0,1,0,0,0,0,0,0,0,1,0,0,0,0,2
WATERWILLOW CRT,0,0,0,1,0,0,0,0,0,0,0,1,0,0,0,0,2
WAVERLY RD,0,0,0,2,0,0,0,0,0,0,0,0,0,0,0,0,2
WAVERY RD,0,0,0,0,0,0,0,0,0,0,0,1,0,0,0,0,1
WAYNE DR,0,0,0,3,0,0,0,0,0,0,0,3,0,0,0,0,6
WEASTHEIGHTS DR,0,0,0,1,0,0,0,0,0,0,0,0,0,0,0,0,1
WEATFIELD CRES,0,0,0,0,0,0,0,0,0,0,0,1,0,0,0,0,1
WEBER ST,0,0,0,0,1,0,0,1,0,0,0,0,0,1,0,0,3
WEBER ST E,0,0,0,27,17,0,7,0,0,3,0,45,0,12,0,0,111
WEBER ST W,3,0,0,13,16,0,3,3,0,0,0,21,0,5,0,0,64
WEBER TS W,0,0,0,0,0,0,0,0,0,0,0,1,0,0,0,0,1
WEBERS T E,0,0,0,1,0,0,0,0,0,0,0,0,0,0,0,0,1
WEBES ST E,0,0,0,0,0,0,0,0,0,0,0,1,0,0,0,0,1
WEBSTER RD,0,0,0,1,1,0,0,0,0,0,0,2,0,0,0,0,4
WEDGEWOOD DR,0,0,0,5,0,0,0,0,0,0,0,6,0,0,0,0,11
WEELINGTON ST N,0,0,0,0,1,0,0,0,0,0,0,0,0,0,0,0,1
WEICHEL ST,0,0,0,3,1,0,0,0,0,0,0,3,0,0,0,0,7
WELLINGTON RD,0,0,0,0,0,0,0,0,0,0,0,0,0,2,0,0,2
WELLINGTON ST,1,0,3,2,2,0,0,0,0,0,0,2,0,0,0,0,10
WELLINGTON ST N,2,0,6,24,7,0,8,2,0,0,0,29,1,5,0,0,84
WELLINGTON ST N FROM SPRING VALLEY RD OF PATRICK ST,0,0,0,0,0,0,1,0,0,0,0,0,0,0,0,0,1
WELLINGTON ST N ST SPRING VALLEY RD,0,0,0,1,0,0,0,0,0,0,0,0,0,0,0,0,1
WELLINGTON ST S,0,0,0,1,0,0,0,0,0,0,0,1,0,0,0,0,2
WENDY CRES,0,0,0,2,0,0,0,0,0,0,0,3,0,0,0,0,5
WENDY CRT,0,0,0,0,0,0,0,0,0,0,0,1,0,0,0,0,1
WENTWOETH AVE,0,0,0,0,0,0,0,0,0,0,0,1,0,0,0,0,1
WENTWORTH AVE,0,0,0,2,0,0,0,0,0,0,0,3,0,0,0,0,5
WEST ACRES CRES,0,0,0,3,0,0,0,0,0,0,0,3,0,0,0,0,6
WEST AVE,0,0,0,4,2,0,1,0,0,0,0,4,0,1,0,0,12
WEST LANSDOWNE,0,0,0,0,0,0,0,0,0,0,0,1,0,0,0,0,1
WESTCHESTER DR,0,0,0,6,1,0,0,0,0,0,0,7,0,0,0,0,14
WESTCHESTER PL,0,0,0,1,0,0,0,0,0,0,0,1,0,0,0,0,2
WESTFOREST TRAIL,0,0,13,26,0,0,8,0,0,0,0,29,0,12,0,0,88
WESTFOREST TRAIL FROM VICTORIA ST S,0,0,0,1,0,0,0,0,0,0,0,0,0,0,0,0,1
WESTFORET TRAIL,0,0,0,0,0,0,0,0,0,0,0,0,0,2,0,0,2
WESTGATE WALK,0,0,0,1,0,0,0,0,0,0,0,1,0,0,0,0,2
WESTHEIGHTS,0,0,0,0,0,0,1,0,0,0,0,0,0,0,0,0,1
WESTHEIGHTS DR,0,0,15,31,1,0,3,0,0,0,0,27,0,6,0,0,83
WESTHEIGHTS DR FROM MCGARRY DR TP AUTUMN HILL CRES,0,0,0,0,0,0,1,0,0,0,0,0,0,0,0,0,1
WESTHIEGHTS DR,0,0,0,0,0,0,0,0,0,0,0,0,0,2,0,0,2
WESTHIGHTS DR,0,0,0,0,1,0,0,0,0,0,0,1,0,2,0,0,4
WESTMEADOW DR,0,0,1,10,0,0,0,0,0,0,0,10,0,0,0,0,21
WESTMOUNT,0,0,2,0,0,0,0,0,0,0,0,2,0,0,0,0,4
WESTMOUNT RD,0,0,0,1,0,0,0,0,0,0,0,0,0,0,0,0,1
WESTMOUNT RD E,0,0,0,10,6,0,4,0,0,0,0,15,0,8,0,0,43
WESTMOUNT RD W,0,0,0,5,3,0,4,0,0,0,0,19,0,14,0,0,45
WESTMOUNT S,0,0,0,0,0,0,0,0,0,0,0,0,0,1,0,0,1
WESTVIEW CRES,0,0,0,3,0,0,0,0,0,0,0,3,0,0,0,0,6
WESTVIEW CRT,0,0,0,1,0,0,0,0,0,0,0,1,0,0,0,0,2
WESTWOOD CRES,0,0,0,2,0,0,0,0,0,0,0,2,0,0,0,0,4
WESTWOOD DR,0,0,0,19,0,0,1,0,0,0,0,11,0,2,0,0,33
WETLAND WAY,0,0,0,2,0,0,0,0,0,0,0,0,0,0,0,0,2
WEXFORD CRES,0,0,0,2,0,0,0,0,0,0,0,2,0,0,0,0,4
WHEATFIELD CRES,0,0,0,2,0,0,0,0,0,0,0,1,0,0,0,0,3
WHIPPLETREE PL,0,0,0,1,0,0,0,0,0,0,0,1,0,0,0,0,2
WHISPERWOOD CRT,0,0,0,1,0,0,0,0,0,0,0,1,0,0,0,0,2
WHITE SANDS CRT,0,0,0,1,0,0,0,0,0,0,0,1,0,0,0,0,2
WHITNEY PL,0,0,0,0,0,0,0,0,0,0,0,2,0,0,0,0,2
WILD MEADOW ST,0,0,0,0,0,0,0,0,0,0,0,1,0,0,0,0,1
WILDERNESS DR,0,0,0,10,0,0,2,0,0,0,0,8,0,2,0,0,22
WILDLARK CRES,0,0,0,2,0,0,0,0,0,0,0,2,0,0,0,0,4
WILFONG DR,0,0,0,1,0,0,0,0,0,0,0,1,0,0,0,0,2
WILFRED AVE,0,0,0,6,1,0,0,0,0,0,0,7,0,0,0,0,14
WILHELM ST,1,0,0,8,2,0,0,2,0,0,0,8,0,0,0,0,21
WILLIAM LEWIS ST,0,0,0,3,0,0,0,0,0,0,0,4,0,0,0,0,7
WILLIAMSBURG RD,0,0,0,4,0,0,0,0,0,0,0,1,0,0,0,0,5
WILLOW GREEN CRT,0,0,0,1,1,0,0,0,0,0,0,1,0,0,0,0,3
WILSON AVE,0,0,0,26,4,0,17,0,0,0,0,27,0,26,0,0,100
WILSON AVE BELFOUR CRES,0,0,0,1,0,0,2,0,0,0,0,0,0,0,0,0,3
WILSON AVE CLARK AVE,0,0,0,1,0,0,0,0,0,0,0,0,0,0,0,0,1
WILSON AVE END,0,0,0,1,0,0,0,0,0,0,0,0,0,0,0,0,1
WILSON AVE FAIRLAWN RD,0,0,0,1,0,0,1,0,0,0,0,0,0,0,0,0,2
WILSON AVE FIFTH AVE,0,0,0,1,0,0,0,0,0,0,0,0,0,0,0,0,1
WILSON AVE FOURTH AVE,0,0,0,1,0,0,0,0,0,0,0,0,0,0,0,0,1
WILSON AVE FRANKLIN ST S,0,0,0,2,0,0,0,0,0,0,0,0,0,0,0,0,2
WILSON AVE GOODRICH DR,0,0,0,1,0,0,2,0,0,0,0,0,0,0,0,0,3
WILSON AVE NINTH AVE,0,0,0,1,0,0,0,0,0,0,0,0,0,0,0,0,1
WILSON AVE TRAYNER AVE,0,0,0,1,0,0,1,0,0,0,0,0,0,0,0,0,2
WILSON AVE TRAYNOR,0,0,0,0,0,0,0,0,0,0,0,0,0,14,0,0,14
WILSON AVE WEBSTER RD,0,0,0,1,0,0,2,0,0,0,0,0,0,0,0,0,3
WILSON AVE WOODHAVEN RD,0,0,0,1,0,0,0,0,0,0,0,0,0,0,0,0,1
WILSON PUBLIC SCHOOL,0,0,0,0,0,0,0,0,0,0,4,0,0,0,0,0,4
WIMBLETON CRES,0,0,1,2,0,0,0,0,0,0,0,2,0,0,0,0,5
WINDALE CRES,0,0,0,2,0,0,0,0,0,0,0,2,0,0,0,0,4
WINDBRUSH TRAIL,0,0,0,1,0,0,0,0,0,0,0,0,0,0,0,0,1
WINDERMERE CRT,0,0,0,1,0,0,0,0,0,0,0,1,0,0,0,0,2
WINDFLOWER CRES,0,0,0,2,0,0,0,0,0,0,0,2,0,0,0,0,4
WINDFLOWER DR,0,0,0,8,0,0,0,0,0,0,0,8,0,0,0,0,16
WINDFLOWER PL,0,0,0,1,0,0,0,0,0,0,0,1,0,0,0,0,2
WINDING MEADOW CRT,0,0,0,1,0,0,0,0,0,0,0,1,0,0,0,0,2
WINDING WAY,0,0,0,4,0,0,0,0,0,0,0,4,0,0,0,0,8
WINDING WOOD CRES,0,0,0,3,0,0,0,0,0,0,0,3,0,0,0,0,6
WINDOM RD,0,0,0,1,0,0,0,0,0,0,0,1,0,0,0,0,2
WINDRUDH TRAYL,0,0,0,1,0,0,0,0,0,0,0,0,0,0,0,0,1
WINDRUSE,0,0,0,0,0,0,0,0,0,0,0,1,0,0,0,0,1
WINDRUSH TEAIL,0,0,0,0,0,0,0,0,0,0,0,1,0,0,0,0,1
WINDRUSH TRAIL,0,0,0,9,0,0,0,0,0,0,0,9,0,0,0,0,18
WINDSOR CRES,0,0,0,0,0,0,0,0,0,0,0,1,0,0,0,0,1
WINDWARD PL,0,0,0,1,0,0,0,0,0,0,0,1,0,0,0,0,2
WINDY RIDGE DR,0,0,0,3,0,0,0,0,0,0,0,3,0,0,0,0,6
WINDY RIDGE PL,0,0,0,1,0,0,0,0,0,0,0,1,0,0,0,0,2
WINDY WOOD CRT,0,0,0,1,0,0,0,0,0,0,0,1,0,0,0,0,2
WINIFRED ST,0,0,0,3,0,0,0,0,0,0,0,3,0,0,0,0,6
WINSLOW DR,0,0,0,2,0,0,0,0,0,0,0,2,0,0,0,0,4
WINTRAIL,0,0,0,0,0,0,0,0,0,0,0,1,0,0,0,0,1
WISTERIA CRT,0,0,0,1,0,0,0,0,0,0,0,1,0,0,0,0,2
WOLFES CRT,0,0,0,1,0,0,0,0,0,0,0,1,0,0,0,0,2
WOOD ST,0,0,0,4,0,0,0,0,0,0,0,3,0,0,0,0,7
WOOD STA T PARK ST,0,0,0,0,0,0,0,0,0,0,0,1,0,0,0,0,1
WOODBINE AVE,0,0,0,13,1,0,6,0,0,0,0,7,0,0,0,0,27
WOODBINE CRT,0,0,0,1,0,0,0,0,0,0,0,0,0,0,0,0,1
WOODBINE CRT TA WOODBINE AVE,0,0,0,0,0,0,0,0,0,0,0,1,0,0,0,0,1
WOODCRES CRT,0,0,0,1,0,0,0,0,0,0,0,2,0,0,0,0,3
WOODCREST CRT,0,0,0,1,0,0,0,0,0,0,0,0,0,0,0,0,1
WOODFERN CRT,0,0,0,1,0,0,0,0,0,0,0,1,0,0,0,0,2
WOODFIELD CRT,0,0,0,1,0,0,0,0,0,0,0,1,0,0,0,0,2
WOODFIELD ST,0,0,0,3,0,0,0,0,0,0,0,3,0,0,0,0,6
WOODHAVEN RD,0,0,0,11,1,0,0,0,0,0,0,11,0,0,0,0,23
WOODHURST CRT,0,0,0,2,0,0,0,0,0,0,0,2,0,0,0,0,4
WOODLAND AVE,0,0,0,2,0,0,0,0,0,0,0,2,0,0,0,0,4
WOODMANS CRT,0,0,0,1,0,0,0,0,0,0,0,1,0,0,0,0,2
WOODPOPPY CRT,0,0,0,1,0,0,0,0,0,0,0,1,0,0,0,0,2
WOODSIDE AVE,0,0,0,1,1,0,0,0,0,0,0,1,0,0,0,0,3
WOODSMERE DR,0,0,0,2,0,0,0,0,0,0,0,2,0,0,0,0,4
WOODVIEW CRES,0,0,0,4,0,0,0,0,0,0,0,4,0,0,0,0,8
WOODVIEW CRT,0,0,0,1,0,0,0,0,0,0,0,1,0,0,0,0,2
WOODWARD AVE,0,0,0,2,0,0,0,0,0,0,0,2,0,0,0,0,4
WOOLNER TRAIL,0,0,0,2,0,0,0,0,0,0,0,2,0,0,0,7,11
WOOLWICH ST,0,0,0,4,0,0,0,0,0,0,0,5,0,0,0,0,9
WORDSWORTH PL,0,0,2,2,0,0,0,0,0,0,0,2,0,0,0,0,6
WREN CRES,0,0,0,1,0,0,0,0,0,0,0,2,0,0,0,0,3
WREN CRES TA KENORA DR,0,0,0,1,0,0,0,0,0,0,0,0,0,0,0,0,1
WREN PL,0,0,0,1,0,0,0,0,0,0,0,1,0,0,0,0,2
WRENWOOD PL,0,0,0,1,0,0,0,0,0,0,0,1,0,0,0,0,2
WYANDOTTE CRT,0,0,0,1,0,0,0,0,0,0,0,1,0,0,0,0,2
WYCLIFFE PL,0,0,0,1,0,0,0,0,0,0,0,1,0,0,0,0,2
YAGER AVE,0,0,0,2,0,0,0,0,0,0,0,2,0,0,0,0,4
YARWOOD PL,0,0,0,1,0,0,0,0,0,0,0,1,0,0,0,0,2
YELLOW BIRCH DR,0,0,0,9,1,0,0,0,0,0,1,9,0,0,0,0,20
YORK ST,0,0,0,9,0,0,0,0,0,0,0,9,0,0,0,0,18
YOUNG ST,0,0,0,3,5,0,2,0,0,2,0,9,0,3,0,0,24
YULE PL,0,0,0,1,0,0,0,0,0,0,0,1,0,0,0,0,2
ZEFFER PL,0,0,0,1,0,0,0,0,0,0,0,1,0,0,0,0,2
ZELLER CRES,0,0,0,1,0,0,0,0,0,0,0,1,0,0,0,0,2
ZELLER CRT,0,0,0,1,0,0,0,0,0,0,0,1,0,0,0,0,2
ZELLER DR,0,0,0,8,1,0,2,0,0,0,0,10,0,2,0,0,23
ZELLER RD,0,0,0,0,0,0,0,0,0,0,0,1,0,0,0,0,1
