WKT;ADDRESS;OPEN YEAR;OPEN MONTH;TYPE;Description;Merchandise Type
POINT (1396322.217 4990301.69);VIA CLAUDIO LUIGI BERTHOLLET 24;1977;1;EXTRALIMENTARI;PICCOLE STRUTTURE;Extralimentari
POINT (1396322.217 4990301.69);VIA CLAUDIO LUIGI BERTHOLLET 24;1985;6;ALIMENTARI;PICCOLE STRUTTURE;Panificio
POINT (1396303.762 4990325.001);VIA CLAUDIO LUIGI BERTHOLLET 25/F;2017;9;ALTRO;DIA di somministrazione;Nessuna
POINT (1396434.395 4990540.6);CORSO VITTORIO EMANUELE II 21/A;2013;10;ALTRO;DIA di somministrazione;Nessuna
POINT (1396434.395 4990540.6);CORSO VITTORIO EMANUELE II 21/A;2009;2;ALTRO;DIA di somministrazione;Nessuna
POINT (1396346.317 4990465.903);VIA PRINCIPE TOMMASO 3/G;2012;11;ALTRO;Somministrazione;Nessuna
POINT (1396323.163 4990446.922);VIA PRINCIPE TOMMASO 6/E;2016;4;.;Somministrazione;Nessuna
POINT (1396326.293 4990453.035);VIA PRINCIPE TOMMASO 6;1998;5;ALTRO;DIA di somministrazione;Nessuna
POINT (1396009.149 4990467.107);VIA CLAUDIO LUIGI BERTHOLLET 2/G;2017;3;MISTA;PICCOLE STRUTTURE;Gastronomia
POINT (1396357.532 4990581.082);CORSO VITTORIO EMANUELE II 25/G;2017;4;EXTRALIMENTARI;PICCOLE STRUTTURE;Mobili
POINT (1396304.914 4990384.561);VIA PRINCIPE TOMMASO 9;2017;5;.;Acconciatori/estetisti;Nessuna
POINT (1396009.149 4990467.107);VIA CLAUDIO LUIGI BERTHOLLET 2/G;2017;3;MISTA;PICCOLE STRUTTURE;Extralimentari
POINT (1396357.532 4990581.082);CORSO VITTORIO EMANUELE II 25/G;2007;2;EXTRALIMENTARI;PICCOLE STRUTTURE;Mobili
POINT (1396299.102 4990373.548);VIA PRINCIPE TOMMASO 11/B;2013;4;.;Somministrazione;Nessuna
POINT (1396038.558 4990465.054);VIA CLAUDIO LUIGI BERTHOLLET 3/G;2015;8;.;Somministrazione;Nessuna
POINT (1396368.751 4990575.145);CORSO VITTORIO EMANUELE II 25;1989;7;EXTRALIMENTARI;PICCOLE STRUTTURE;Extralimentari
POINT (1396022.809 4990459.897);VIA CLAUDIO LUIGI BERTHOLLET 4/C;2018;1;MISTA;PICCOLE STRUTTURE;Mista
POINT (1396022.809 4990459.897);VIA CLAUDIO LUIGI BERTHOLLET 4/C;2016;5;ALIMENTARI;PICCOLE STRUTTURE;Alimentari
POINT (1396342.72 4990588.919);CORSO VITTORIO EMANUELE II 27/C;1986;11;EXTRALIMENTARI;PICCOLE STRUTTURE;Extralimentari
POINT (1396022.809 4990459.897);VIA CLAUDIO LUIGI BERTHOLLET 4/C;2014;3;EXTRALIMENTARI;PICCOLE STRUTTURE;Telefonia
POINT (1396019.579 4990461.602);VIA CLAUDIO LUIGI BERTHOLLET 4;2002;11;ALTRO;Somministrazione;Nessuna
POINT (1396124.141 4990471.098);VIA GOITO 15;2004;7;EXTRALIMENTARI;PICCOLE STRUTTURE;Extralimentari
POINT (1396019.579 4990461.602);VIA CLAUDIO LUIGI BERTHOLLET 4;2017;3;MISTA;PICCOLE STRUTTURE;Alimentari
POINT (1396278.575 4990546.133);PIAZZETTA LEVI PRIMO 9/B;2001;10;MISTA;PICCOLE STRUTTURE;Erboristeria
POINT (1396005.771 4990345.631);VIA SALUZZO 32;2017;3;MISTA;PICCOLE STRUTTURE;Alimentari
POINT (1396019.579 4990461.602);VIA CLAUDIO LUIGI BERTHOLLET 4;2017;3;MISTA;PICCOLE STRUTTURE;Extralimentari
POINT (1396101.022 4990451.084);VIA GOITO 16;2016;5;EXTRALIMENTARI;PICCOLE STRUTTURE;Opere d'arte
POINT (1396278.575 4990546.133);PIAZZETTA LEVI PRIMO 9/B;2001;10;MISTA;PICCOLE STRUTTURE;Extralimentari
POINT (1396005.771 4990345.631);VIA SALUZZO 32;2017;3;MISTA;PICCOLE STRUTTURE;Extralimentari
POINT (1396062.346 4990439.016);VIA CLAUDIO LUIGI BERTHOLLET 4 bis/F;2016;12;MISTA;PICCOLE STRUTTURE;Audiovisivi
POINT (1396101.022 4990451.084);VIA GOITO 16;2016;5;EXTRALIMENTARI;PICCOLE STRUTTURE;Vendita al dettaglio di cose antiche ed usate
POINT (1396292.97419879 4990248.08418881);VIA SILVIO PELLICO 11/C;2016;11;ALTRO;Somministrazione;Nessuna
POINT (1396335.412 4990592.786);CORSO VITTORIO EMANUELE II 27/F;2012;5;EXTRALIMENTARI;PICCOLE STRUTTURE;Oggetti preziosi
POINT (1396005.771 4990345.631);VIA SALUZZO 32;2014;1;ALIMENTARI;PICCOLE STRUTTURE;Alimentari
POINT (1396114.522 4990452.291);VIA GOITO 17/B;2014;3;MISTA;PICCOLE STRUTTURE;Alimentari
POINT (1396062.346 4990439.016);VIA CLAUDIO LUIGI BERTHOLLET 4 bis/F;2016;12;MISTA;PICCOLE STRUTTURE;Alimentari
POINT (1396292.97419879 4990248.08418881);VIA SILVIO PELLICO 11/C;2017;10;MISTA;PICCOLE STRUTTURE;Mista
POINT (1396335.412 4990592.786);CORSO VITTORIO EMANUELE II 27/F;2012;5;EXTRALIMENTARI;PICCOLE STRUTTURE;Vendita al dettaglio di cose antiche ed usate
POINT (1396005.047 4990342.69);VIA SALUZZO 32 bis/A;2004;1;ALTRO;Somministrazione;Nessuna
POINT (1396114.522 4990452.291);VIA GOITO 17/B;2014;3;MISTA;PICCOLE STRUTTURE;Extralimentari
POINT (1396053.627 4990456.919);VIA CLAUDIO LUIGI BERTHOLLET 5/A;2009;8;MISTA;PICCOLE STRUTTURE;Alimentari
POINT (1396145.398 4990668.944);VIA SALUZZO 1/E;2011;6;EXTRALIMENTARI;PICCOLE STRUTTURE;Librerie
POINT (1396005.047 4990342.69);VIA SALUZZO 32 bis/A;2014;7;MISTA;PICCOLE STRUTTURE;Mista
POINT (1396114.522 4990452.291);VIA GOITO 17/B;2011;12;ALIMENTARI;PICCOLE STRUTTURE;Alimentari annessi ad altra attivita
POINT (1396053.627 4990456.919);VIA CLAUDIO LUIGI BERTHOLLET 5/A;2009;8;MISTA;PICCOLE STRUTTURE;Extralimentari
POINT (1396131.807 4990642.108);VIA SALUZZO 3;2006;10;.;Somministrazione;Nessuna
POINT (1396324.635 4990598.487);CORSO VITTORIO EMANUELE II 29/B;2013;10;ALIMENTARI;PICCOLE STRUTTURE;Bibite
POINT (1395973.343 4990233.896);VIA SALUZZO 40/B;2015;9;ALIMENTARI;PICCOLE STRUTTURE;Gelateria
POINT (1396131.807 4990642.108);VIA SALUZZO 3;2000;1;ALTRO;Somministrazione;Nessuna
POINT (1396317.397 4990602.317);CORSO VITTORIO EMANUELE II 29/E;2004;11;MISTA;PICCOLE STRUTTURE;Non alimentari generici
POINT (1396127.389 4990379.363);VIA BELFIORE 1/F;2009;10;EXTRALIMENTARI;PICCOLE STRUTTURE;Casalinghi - Igiene casa e persona
POINT (1396070.167 4990542.427);VIA SALUZZO 10 bis/B;2001;12;ALTRO;Acconciatori/estetisti;Nessuna
POINT (1395971.446 4990227.621);VIA SALUZZO 40;2014;12;EXTRALIMENTARI;PICCOLE STRUTTURE;Vendita al dettaglio di cose antiche ed usate
POINT (1396317.397 4990602.317);CORSO VITTORIO EMANUELE II 29/E;2004;11;MISTA;PICCOLE STRUTTURE;Alimentari
POINT (1396116.228 4990378.968);VIA BELFIORE 4;2002;7;ALTRO;DIA di somministrazione;Nessuna
POINT (1396070.167 4990542.427);VIA SALUZZO 10 bis/B;2006;3;EXTRALIMENTARI;PICCOLE STRUTTURE;Profumeria
POINT (1395971.446 4990227.621);VIA SALUZZO 40;2014;12;EXTRALIMENTARI;PICCOLE STRUTTURE;Abbigliamento
POINT (1396311.401 4990605.489);CORSO VITTORIO EMANUELE II 29/G;2002;1;EXTRALIMENTARI;PICCOLE STRUTTURE;Extralimentari
POINT (1396116.228 4990378.968);VIA BELFIORE 4;2017;9;MISTA;PICCOLE STRUTTURE;Alimentari
POINT (1396069.563 4990507.76);VIA SALUZZO 11 bis/D;2013;6;MISTA;MEDIE STRUTTURE;Mista
POINT (1395967.149 4990212.616);VIA SALUZZO 42/B;2011;11;ALTRO;Somministrazione;Nessuna
POINT (1396308.167 4990607.2);CORSO VITTORIO EMANUELE II 29/H;2015;11;.;Somministrazione;Nessuna
POINT (1396116.228 4990378.968);VIA BELFIORE 4;2017;9;MISTA;PICCOLE STRUTTURE;Extralimentari
POINT (1396060.134 4990482.499);VIA SALUZZO 13/D;2016;10;.;Somministrazione;Nessuna
POINT (1395960.67 4990190.361);VIA SALUZZO 42 bis/A;2012;9;ALTRO;Somministrazione;Nessuna
POINT (1396116.228 4990378.968);VIA BELFIORE 4;2005;2;EXTRALIMENTARI;PICCOLE STRUTTURE;Phone center
POINT (1396036.018 4990450.293);VIA SALUZZO 18/A;2011;12;MISTA;PICCOLE STRUTTURE;Telefonia
POINT (1395950.892 4990156.771);VIA SALUZZO 44/E;2010;1;EXTRALIMENTARI;PICCOLE STRUTTURE;Audiovisivi
POINT (1396118.775 4990387.711);VIA BELFIORE 4/B;2013;8;ALTRO;Somministrazione;Nessuna
POINT (1396036.018 4990450.293);VIA SALUZZO 18/A;2011;12;MISTA;PICCOLE STRUTTURE;Alimentari
POINT (1396248.819 4990457.664);VIA BERNARDINO GALLIARI 12/F;2015;1;ALTRO;Acconciatori/estetisti;Nessuna
POINT (1395948.522 4990148.631);VIA SALUZZO 44/G;2004;4;EXTRALIMENTARI;PICCOLE STRUTTURE;Extralimentari
POINT (1396041.063 4990188.019);VIA BELFIORE 22 scala B;2014;11;ALTRO;Somministrazione;Nessuna
POINT (1396033.68 4990402.983);VIA SALUZZO 19/D;2016;9;MISTA;PICCOLE STRUTTURE;Mista
POINT (1396248.819 4990457.664);VIA BERNARDINO GALLIARI 12/F;2014;3;EXTRALIMENTARI;PICCOLE STRUTTURE;Extralimentari
POINT (1395948.522 4990148.631);VIA SALUZZO 44/G;2003;2;EXTRALIMENTARI;PICCOLE STRUTTURE;Mobili
POINT (1396089.725 4990287.985);VIA BELFIORE 16/C;2015;6;ALTRO;Somministrazione;Nessuna
POINT (1396263.285 4990436.598);VIA BERNARDINO GALLIARI 14 int. 1;1996;11;ALTRO;DIA di somministrazione;Nessuna
POINT (1396263.285 4990436.598);VIA BERNARDINO GALLIARI 14 int. 1;2011;2;ALIMENTARI;PICCOLE STRUTTURE;Panificio
POINT (1396276.934 4990442.887);VIA BERNARDINO GALLIARI 14 bis/C;2015;12;EXTRALIMENTARI;PICCOLE STRUTTURE;Telefonia
POINT (1396287.782 4990450.662);VIA BERNARDINO GALLIARI 15/D;2006;12;EXTRALIMENTARI;PICCOLE STRUTTURE;Non alimentari annessi ad altre attivita
POINT (1396258.754 4990319.827);VIA PRINCIPE TOMMASO 14 bis;2009;2;.;Somministrazione;Nessuna
POINT (1396310.971 4990438.397);VIA BERNARDINO GALLIARI 15 bis/E;2000;8;EXTRALIMENTARI;PICCOLE STRUTTURE;Extralimentari
POINT (1396258.754 4990319.827);VIA PRINCIPE TOMMASO 14 bis;2009;2;ALIMENTARI;PICCOLE STRUTTURE;Pasticceria
POINT (1396295.222 4990433.276);VIA BERNARDINO GALLIARI 16/C;2012;9;.;Somministrazione;Nessuna
POINT (1396258.754 4990319.827);VIA PRINCIPE TOMMASO 14 bis;2007;12;EXTRALIMENTARI;PICCOLE STRUTTURE;Phone center
POINT (1396344.279 4990420.769);VIA BERNARDINO GALLIARI 17;2014;8;ALIMENTARI;PICCOLE STRUTTURE;Gastronomia
POINT (1396255.246 4990312.921);VIA PRINCIPE TOMMASO 16/A;2017;4;.;Somministrazione;Nessuna
POINT (1396344.279 4990420.769);VIA BERNARDINO GALLIARI 17;2013;12;MISTA;PICCOLE STRUTTURE;Negozio con apparecchi automatici
POINT (1396255.246 4990312.921);VIA PRINCIPE TOMMASO 16/A;2013;11;ALIMENTARI;PICCOLE STRUTTURE;Bibite
POINT (1396344.279 4990420.769);VIA BERNARDINO GALLIARI 17;2009;7;MISTA;PICCOLE STRUTTURE;Extralimentari
POINT (1396251.902 4990306.338);VIA PRINCIPE TOMMASO 16;1985;9;ALTRO;Acconciatori/estetisti;Nessuna
POINT (1396344.279 4990420.769);VIA BERNARDINO GALLIARI 17;2009;7;MISTA;PICCOLE STRUTTURE;Alimentari annessi ad altra attivita
POINT (1396251.902 4990306.338);VIA PRINCIPE TOMMASO 16;2017;5;MISTA;PICCOLE STRUTTURE;Bibite
POINT (1396344.279 4990420.769);VIA BERNARDINO GALLIARI 17;2007;5;ALIMENTARI;PICCOLE STRUTTURE;Gastronomia
POINT (1396517.675 4990406.246);VIA S. PIO V 30/B;1994;8;EXTRALIMENTARI;PICCOLE STRUTTURE;Extralimentari
POINT (1396251.902 4990306.338);VIA PRINCIPE TOMMASO 16;2017;5;MISTA;PICCOLE STRUTTURE;Extralimentari
POINT (1396374.364 4990404.89);VIA BERNARDINO GALLIARI 19/C;2014;6;ALIMENTARI;PICCOLE STRUTTURE;Gastronomia
POINT (1396246.35 4990295.406);VIA PRINCIPE TOMMASO 16 bis;2012;6;EXTRALIMENTARI;PICCOLE STRUTTURE;Fiori e piante
POINT (1396374.364 4990404.89);VIA BERNARDINO GALLIARI 19/C;2011;2;EXTRALIMENTARI;PICCOLE STRUTTURE;Abbigliamento
POINT (1396263.331 4990302.611);VIA PRINCIPE TOMMASO 17/H;1992;11;ALTRO;Somministrazione;Nessuna
POINT (1396264.397 4990630.234);CORSO VITTORIO EMANUELE II 37/C;1999;11;EXTRALIMENTARI;PICCOLE STRUTTURE;Extralimentari
POINT (1396343.811 4990407.517);VIA BERNARDINO GALLIARI 20/F;2016;4;ALTRO;Somministrazione;Nessuna
POINT (1396260.958 4990632.042);CORSO VITTORIO EMANUELE II 37/D;1997;10;ALTRO;Somministrazione;Nessuna
POINT (1396243.507 4990289.806);VIA PRINCIPE TOMMASO 18/A;2017;5;EXTRALIMENTARI;PICCOLE STRUTTURE;Extralimentari
POINT (1396343.811 4990407.517);VIA BERNARDINO GALLIARI 20/F;2017;12;.;Somministrazione;Nessuna
POINT (1396237.955 4990278.876);VIA PRINCIPE TOMMASO 18/D;1986;10;ALIMENTARI;PICCOLE STRUTTURE;Panificio
POINT (1396286.593 4990541.896);PIAZZETTA LEVI PRIMO 9;2006;5;EXTRALIMENTARI;PICCOLE STRUTTURE;Extralimentari
POINT (1396260.754 4990297.546);VIA PRINCIPE TOMMASO 21/A;2014;5;EXTRALIMENTARI;PICCOLE STRUTTURE;Extralimentari
POINT (1396192.645 4990189.215);VIA PRINCIPE TOMMASO 22;2013;7;.;Somministrazione;Nessuna
POINT (1396086.517 4990276.973);VIA BELFIORE 16/G;2012;8;EXTRALIMENTARI;PICCOLE STRUTTURE;Tabacchi
POINT (1396190.883 4990159.595);VIA PRINCIPE TOMMASO 31/E;2016;8;ALTRO;Somministrazione;Nessuna
POINT (1396086.517 4990276.973);VIA BELFIORE 16/G;2012;8;EXTRALIMENTARI;PICCOLE STRUTTURE;Extralimentari
POINT (1396193.521 4990164.86);VIA PRINCIPE TOMMASO 31;2016;7;ALIMENTARI;PICCOLE STRUTTURE;Bibite
POINT (1396080.171 4990255.186);VIA BELFIORE 16 bis/D;2016;12;ALIMENTARI;PICCOLE STRUTTURE;Bibite
POINT (1396193.521 4990164.86);VIA PRINCIPE TOMMASO 31;1978;11;EXTRALIMENTARI;PICCOLE STRUTTURE;Extralimentari
POINT (1396101.824 4990329.519);VIA BELFIORE 10/D;2014;12;.;Somministrazione;Nessuna
POINT (1396103.126 4990417.584);VIA CLAUDIO LUIGI BERTHOLLET 8/B;2017;7;MISTA;PICCOLE STRUTTURE;Macelleria
POINT (1396081.639 4990221.622);VIA BELFIORE 11;2016;3;ALIMENTARI;PICCOLE STRUTTURE;Bibite
POINT (1396293.693 4990148.489);VIA MADAMA CRISTINA 25/A;2009;2;EXTRALIMENTARI;PICCOLE STRUTTURE;Extralimentari
POINT (1396031.585 4990434.768);VIA SALUZZO 20;2015;5;ALTRO;Acconciatori/estetisti;Nessuna
POINT (1396103.126 4990417.584);VIA CLAUDIO LUIGI BERTHOLLET 8/B;2017;7;MISTA;PICCOLE STRUTTURE;Extralimentari
POINT (1396083.305 4990227.363);VIA BELFIORE 11/B;2016;7;ALIMENTARI;PICCOLE STRUTTURE;Alimentari
POINT (1396289.09 4990139.638);VIA MADAMA CRISTINA 25/C;2006;3;EXTRALIMENTARI;PICCOLE STRUTTURE;Abbigliamento
POINT (1396031.585 4990434.768);VIA SALUZZO 20;2017;2;MISTA;PICCOLE STRUTTURE;Macelleria
POINT (1396108.585 4990428.102);VIA CLAUDIO LUIGI BERTHOLLET 9/B;2005;3;EXTRALIMENTARI;PICCOLE STRUTTURE;Audiovisivi
POINT (1396083.305 4990227.363);VIA BELFIORE 11/B;2014;5;MISTA;PICCOLE STRUTTURE;Gastronomia
POINT (1396281.447 4990124.939);VIA MADAMA CRISTINA 27;2015;6;.;Somministrazione;Nessuna
POINT (1396031.585 4990434.768);VIA SALUZZO 20;2017;2;MISTA;PICCOLE STRUTTURE;Extralimentari
POINT (1396083.305 4990227.363);VIA BELFIORE 11/B;2014;5;MISTA;PICCOLE STRUTTURE;Non alimentari annessi ad altre attivita
POINT (1396281.447 4990124.939);VIA MADAMA CRISTINA 27;1999;11;EXTRALIMENTARI;PICCOLE STRUTTURE;Extralimentari
POINT (1396028.025 4990383.706);VIA SALUZZO 21;2015;4;ALIMENTARI;PICCOLE STRUTTURE;Panetteria
POINT (1396076.39 4990203.536);VIA BELFIORE 13;2015;6;EXTRALIMENTARI;FORME SPECIALI DI VENDITA;Abbigliamento
POINT (1396281.447 4990124.939);VIA MADAMA CRISTINA 27;1993;1;EXTRALIMENTARI;PICCOLE STRUTTURE;Extralimentari
POINT (1396027.52 4990420.646);VIA SALUZZO 22/B;2012;12;ALIMENTARI;PICCOLE STRUTTURE;Panetteria
POINT (1396076.39 4990203.536);VIA BELFIORE 13;2011;11;EXTRALIMENTARI;PICCOLE STRUTTURE;Abbigliamento
POINT (1396268.697 4990100.422);VIA MADAMA CRISTINA 31/A;2017;5;ALTRO;Acconciatori/estetisti;Nessuna
POINT (1396108.634 4990314.297);VIA BELFIORE 5;2016;6;MISTA;PICCOLE STRUTTURE;Bibite
POINT (1396027.52 4990420.646);VIA SALUZZO 22/B;2009;12;EXTRALIMENTARI;PICCOLE STRUTTURE;Telefonia
POINT (1396224.88 4990054.139);VIA MADAMA CRISTINA 32/C;2017;12;ALIMENTARI;PICCOLE STRUTTURE;Pizza al taglio
POINT (1396108.634 4990314.297);VIA BELFIORE 5;2016;6;MISTA;PICCOLE STRUTTURE;Extralimentari
POINT (1396020.251 4990356.866);VIA SALUZZO 23/D;2013;7;ALIMENTARI;PICCOLE STRUTTURE;Bibite
POINT (1396211.453 4990028.363);VIA MADAMA CRISTINA 34/F;2010;3;.;Somministrazione;Nessuna
POINT (1396118.337 4990314.261);VIA BELFIORE 5 scala A;2016;7;ALTRO;Somministrazione;Nessuna
POINT (1396020.251 4990356.866);VIA SALUZZO 23/D;1999;5;EXTRALIMENTARI;PICCOLE STRUTTURE;Extralimentari
POINT (1395972.221 4990191.076);VIA SALUZZO 31;2002;10;EXTRALIMENTARI;PICCOLE STRUTTURE;Autoveicoli e motoveicoli
POINT (1396244.494 4990053.781);VIA MADAMA CRISTINA 35/B;1994;2;EXTRALIMENTARI;PICCOLE STRUTTURE;Extralimentari
POINT (1395972.221 4990191.076);VIA SALUZZO 31;2002;10;EXTRALIMENTARI;PICCOLE STRUTTURE;Vendita al dettaglio di cose antiche ed usate
POINT (1395976.343 4990361.536);VIA SALUZZO 32 scala C;2017;4;ALIMENTARI;PICCOLE STRUTTURE;Bibite
POINT (1395966.485 4990171.587);VIA SALUZZO 33/C;2004;4;EXTRALIMENTARI;PICCOLE STRUTTURE;Abbigliamento
POINT (1396150.912 4990081.562);VIA PRINCIPE TOMMASO 39/A;2014;2;ALTRO;Somministrazione;Nessuna
POINT (1395963.203 4990160.96);VIA SALUZZO 35/B;2014;11;.;Somministrazione;Nessuna
POINT (1396248.087 4990638.809);CORSO VITTORIO EMANUELE II 39/B;1975;1;EXTRALIMENTARI;PICCOLE STRUTTURE;Extralimentari
POINT (1396228.983 4990648.852);CORSO VITTORIO EMANUELE II 41/E;1987;9;EXTRALIMENTARI;PICCOLE STRUTTURE;Extralimentari
POINT (1396235.203 4990645.582);CORSO VITTORIO EMANUELE II 41;2003;2;ALTRO;Somministrazione;Nessuna
POINT (1396235.203 4990645.582);CORSO VITTORIO EMANUELE II 41;2015;11;EXTRALIMENTARI;PICCOLE STRUTTURE;Abbigliamento
POINT (1396191.5 4990668.867);CORSO VITTORIO EMANUELE II 43/D;2014;8;.;Somministrazione;Nessuna
POINT (1396177.517 4990676.291);CORSO VITTORIO EMANUELE II 45/B;1999;7;EXTRALIMENTARI;PICCOLE STRUTTURE;Extralimentari
POINT (1396170.441 4990680.047);CORSO VITTORIO EMANUELE II 45/D;2018;1;.;Somministrazione;Nessuna
POINT (1396170.441 4990680.047);CORSO VITTORIO EMANUELE II 45/D;2014;3;.;Somministrazione;Nessuna
POINT (1395972.314 4990230.361);VIA SALUZZO 40/D;2013;2;ALIMENTARI;PICCOLE STRUTTURE;Pasticceria
POINT (1395961.841 4990194.384);VIA SALUZZO 42/F;2016;7;.;Somministrazione;Nessuna
POINT (1396070.44 4990183.173);VIA BELFIORE 15;2010;10;MISTA;PICCOLE STRUTTURE;Extralimentari
POINT (1395961.841 4990194.384);VIA SALUZZO 42/F;2003;4;ALTRO;Somministrazione;Nessuna
POINT (1396070.44 4990183.173);VIA BELFIORE 15;2010;10;MISTA;PICCOLE STRUTTURE;Alimentari
POINT (1395955.776 4990173.546);VIA SALUZZO 44/A;2013;11;MISTA;PICCOLE STRUTTURE;Articoli per animali
POINT (1396064.602 4990162.916);VIA BELFIORE 17/C;2003;7;ALTRO;Somministrazione;Nessuna
POINT (1395952.977 4990164.095);VIA SALUZZO 44;2004;11;EXTRALIMENTARI;PICCOLE STRUTTURE;Extralimentari
POINT (1396072.398 4990228.502);VIA BELFIORE 18/C;2016;3;ALTRO;Somministrazione;Nessuna
POINT (1396058.202 4990179.771);VIA BELFIORE 22/F;2017;9;ALIMENTARI;PICCOLE STRUTTURE;Gastronomia
POINT (1396058.202 4990179.771);VIA BELFIORE 22/F;2007;6;EXTRALIMENTARI;PICCOLE STRUTTURE;Sexy shop
POINT (1396373.353 4990147.998);VIA GIUSEPPE BARETTI 31 scala B;2008;10;EXTRALIMENTARI;PICCOLE STRUTTURE;Non alimentari annessi ad altre attivita
POINT (1396132.573 4990519.419);VIA BERNARDINO GALLIARI 4/E;2017;10;ALTRO;Acconciatori/estetisti;Nessuna
POINT (1396171.457 4990498.821);VIA BERNARDINO GALLIARI 8/A;2000;2;ALTRO;Acconciatori/estetisti;Nessuna
POINT (1396436.638 4990463.815);VIA MADAMA CRISTINA 6/F;2000;9;MISTA;PICCOLE STRUTTURE;Alimentari
POINT (1396436.638 4990463.815);VIA MADAMA CRISTINA 6/F;2000;9;MISTA;PICCOLE STRUTTURE;Extralimentari
POINT (1396442.492 4990475.036);VIA MADAMA CRISTINA 6;2016;7;EXTRALIMENTARI;PICCOLE STRUTTURE;Telefonia
POINT (1396477.516 4990054.831);VIA GIUSEPPE BARETTI 46;2002;10;EXTRALIMENTARI;PICCOLE STRUTTURE;Extralimentari
POINT (1396442.492 4990475.036);VIA MADAMA CRISTINA 6;2016;7;EXTRALIMENTARI;PICCOLE STRUTTURE;Vendita al dettaglio di cose antiche ed usate
POINT (1396477.516 4990054.831);VIA GIUSEPPE BARETTI 46;1980;2;EXTRALIMENTARI;PICCOLE STRUTTURE;Extralimentari
POINT (1396442.492 4990475.036);VIA MADAMA CRISTINA 6;2013;11;EXTRALIMENTARI;PICCOLE STRUTTURE;Extralimentari
POINT (1396429.758 4990449.992);VIA MADAMA CRISTINA 8/A;1997;1;EXTRALIMENTARI;PICCOLE STRUTTURE;Extralimentari
POINT (1396423.406 4990437.686);VIA MADAMA CRISTINA 8;2014;11;EXTRALIMENTARI;PICCOLE STRUTTURE;Intimo
POINT (1396423.406 4990437.686);VIA MADAMA CRISTINA 8;1992;1;EXTRALIMENTARI;PICCOLE STRUTTURE;Extralimentari
POINT (1396440.191 4990431.708);VIA MADAMA CRISTINA 9;1988;10;EXTRALIMENTARI;PICCOLE STRUTTURE;Extralimentari
POINT (1396431.481 4990414.958);VIA MADAMA CRISTINA 11/B;1991;9;EXTRALIMENTARI;PICCOLE STRUTTURE;Extralimentari
POINT (1396424.766 4990402.044);VIA MADAMA CRISTINA 11/E;2017;2;EXTRALIMENTARI;PICCOLE STRUTTURE;207
POINT (1396426.194 4990404.79);VIA MADAMA CRISTINA 11;2003;4;ALTRO;Somministrazione;Nessuna
POINT (1396426.194 4990404.79);VIA MADAMA CRISTINA 11;1988;11;ALIMENTARI;PICCOLE STRUTTURE;Alimentari
POINT (1396426.194 4990404.79);VIA MADAMA CRISTINA 11;1975;8;EXTRALIMENTARI;PICCOLE STRUTTURE;Extralimentari
POINT (1396426.194 4990404.79);VIA MADAMA CRISTINA 11;2003;4;ALIMENTARI;PICCOLE STRUTTURE;Pasticceria
POINT (1396407.491 4990406.858);VIA MADAMA CRISTINA 12;2005;3;EXTRALIMENTARI;PICCOLE STRUTTURE;Abbigliamento
POINT (1396332.139 4990261.393);VIA MADAMA CRISTINA 16;2009;2;EXTRALIMENTARI;PICCOLE STRUTTURE;Profumeria
POINT (1396344.961 4990247.496);VIA MADAMA CRISTINA 17;2012;8;ALIMENTARI;PICCOLE STRUTTURE;Gastronomia
POINT (1396322.005 4990241.636);VIA MADAMA CRISTINA 18/F;2011;5;EXTRALIMENTARI;PICCOLE STRUTTURE;Calzature
POINT (1396537.83 4990391.757);VIA ORMEA 6/A;2014;1;ALTRO;Somministrazione;Nessuna
POINT (1396054.836 4990607.993);VIA NIZZA 7/H;2010;3;EXTRALIMENTARI;PICCOLE STRUTTURE;Abbigliamento
POINT (1396054.836 4990607.993);VIA NIZZA 7/H;2007;1;EXTRALIMENTARI;PICCOLE STRUTTURE;Extralimentari
POINT (1396037.371 4990562.083);VIA NIZZA 11;2004;4;EXTRALIMENTARI;PICCOLE STRUTTURE;Extralimentari
POINT (1396022.463 4990534.278);VIA NIZZA 13/C;1993;10;EXTRALIMENTARI;PICCOLE STRUTTURE;Tabacchi
POINT (1396019.928 4990529.55);VIA NIZZA 13/E;2016;11;ALIMENTARI;PICCOLE STRUTTURE;Alimentari
POINT (1396133.442 4990609.214);VIA S. PIO V 2/F;2005;6;MISTA;PICCOLE STRUTTURE;Mista
POINT (1396193.955 4990577.32);VIA S. PIO V 6;2007;8;EXTRALIMENTARI;PICCOLE STRUTTURE;Audiovisivi
POINT (1396340.745 4990239.375);VIA MADAMA CRISTINA 19;1991;10;EXTRALIMENTARI;PICCOLE STRUTTURE;Extralimentari
POINT (1396340.745 4990239.375);VIA MADAMA CRISTINA 19;1987;8;EXTRALIMENTARI;PICCOLE STRUTTURE;Oggetti preziosi
POINT (1396340.745 4990239.375);VIA MADAMA CRISTINA 19;1987;8;EXTRALIMENTARI;PICCOLE STRUTTURE;Vendita al dettaglio di cose antiche ed usate
POINT (1396309.136 4990217.004);VIA MADAMA CRISTINA 20/C;2008;11;EXTRALIMENTARI;PICCOLE STRUTTURE;Vendita al dettaglio di cose antiche ed usate
POINT (1396309.136 4990217.004);VIA MADAMA CRISTINA 20/C;2008;11;EXTRALIMENTARI;PICCOLE STRUTTURE;Mobili
POINT (1396301.538 4990202.405);VIA MADAMA CRISTINA 20/G;2008;5;.;Somministrazione;Nessuna
POINT (1396301.538 4990202.405);VIA MADAMA CRISTINA 20/G;2009;12;.;Somministrazione;Nessuna
POINT (1396014.357 4990314.039);LARGO SALUZZO 25/D;2013;7;ALIMENTARI;PICCOLE STRUTTURE;Gastronomia
POINT (1396301.538 4990202.405);VIA MADAMA CRISTINA 20/G;2010;10;ALIMENTARI;PICCOLE STRUTTURE;Bibite
POINT (1395971.306 4990294.286);LARGO SALUZZO 36/A;2015;11;ALIMENTARI;PICCOLE STRUTTURE;Panificio
POINT (1396315.318 4990190.312);VIA MADAMA CRISTINA 21;2013;7;EXTRALIMENTARI;PICCOLE STRUTTURE;Tabacchi
POINT (1396302.986 4990519.566);VIA S. PIO V 14;2014;8;ALTRO;Acconciatori/estetisti;Nessuna
POINT (1396315.318 4990190.312);VIA MADAMA CRISTINA 21;2013;7;EXTRALIMENTARI;PICCOLE STRUTTURE;99
POINT (1396386.733 4990488.708);VIA S. PIO V 15 bis;2013;9;ALTRO;Somministrazione;Nessuna
POINT (1396308.347 4990176.854);VIA MADAMA CRISTINA 23/B;2014;9;EXTRALIMENTARI;PICCOLE STRUTTURE;Telefonia
POINT (1396386.733 4990488.708);VIA S. PIO V 15 bis;2013;7;MISTA;PICCOLE STRUTTURE;Mista
POINT (1396269.019 4990139.563);VIA MADAMA CRISTINA 24;2016;5;MISTA;PICCOLE STRUTTURE;Alimentari
POINT (1396326.227 4990507.53);VIA S. PIO V 16;1993;7;MISTA;PICCOLE STRUTTURE;Alimentari
POINT (1396269.019 4990139.563);VIA MADAMA CRISTINA 24;2016;5;MISTA;PICCOLE STRUTTURE;Extralimentari
POINT (1396326.227 4990507.53);VIA S. PIO V 16;1993;7;MISTA;PICCOLE STRUTTURE;Extralimentari
POINT (1396385.176 4990476.206);VIA S. PIO V 20;2003;3;EXTRALIMENTARI;PICCOLE STRUTTURE;Audiovisivi
POINT (1396385.176 4990476.206);VIA S. PIO V 20;1975;1;EXTRALIMENTARI;PICCOLE STRUTTURE;Extralimentari
POINT (1396260.934 4990123.737);VIA MADAMA CRISTINA 26;2012;6;EXTRALIMENTARI;PICCOLE STRUTTURE;Articoli pr la casa
POINT (1396260.934 4990123.737);VIA MADAMA CRISTINA 26;2000;8;EXTRALIMENTARI;PICCOLE STRUTTURE;Extralimentari
POINT (1396260.934 4990123.737);VIA MADAMA CRISTINA 26;1996;9;EXTRALIMENTARI;PICCOLE STRUTTURE;Extralimentari
POINT (1396260.934 4990123.737);VIA MADAMA CRISTINA 26;1991;5;EXTRALIMENTARI;PICCOLE STRUTTURE;Extralimentari
POINT (1396251.949 4990106.148);VIA MADAMA CRISTINA 28;2017;8;EXTRALIMENTARI;PICCOLE STRUTTURE;Telefonia
POINT (1396265.38 4990094.044);VIA MADAMA CRISTINA 31/C;2012;10;EXTRALIMENTARI;PICCOLE STRUTTURE;Telefonia
POINT (1396208.038 4990070.596);VIA MADAMA CRISTINA 32 scala B;2017;9;MISTA;PICCOLE STRUTTURE;Alimentari
POINT (1396208.038 4990070.596);VIA MADAMA CRISTINA 32 scala B;2017;9;MISTA;PICCOLE STRUTTURE;Extralimentari
POINT (1396223.37 4990051.24);VIA MADAMA CRISTINA 32/D;1994;12;ALTRO;Somministrazione;Nessuna
POINT (1395975.346 4990283.042);LARGO SALUZZO 36;2005;3;EXTRALIMENTARI;PICCOLE STRUTTURE;Profumeria
POINT (1396087.622 4990242.236);VIA BELFIORE 9;2014;11;ALIMENTARI;PICCOLE STRUTTURE;Gastronomia
POINT (1396400.509 4990393.331);VIA MADAMA CRISTINA 12/F;1999;1;EXTRALIMENTARI;PICCOLE STRUTTURE;Extralimentari
POINT (1396127.985 4990223.547);VIA S. ANSELMO 30;2016;6;.;Somministrazione;Nessuna
POINT (1396317.734 4990194.977);VIA MADAMA CRISTINA 21/A;2003;7;ALTRO;Somministrazione;Nessuna
POINT (1396317.734 4990194.977);VIA MADAMA CRISTINA 21/A;2003;3;ALIMENTARI;PICCOLE STRUTTURE;Pasticceria
POINT (1396297.928 4990195.467);VIA MADAMA CRISTINA 22/A;2008;11;EXTRALIMENTARI;PICCOLE STRUTTURE;Quotidiani e periodici
POINT (1396297.928 4990195.467);VIA MADAMA CRISTINA 22/A;2008;11;EXTRALIMENTARI;PICCOLE STRUTTURE;Extralimentari
POINT (1396297.302 4990445.627);VIA BERNARDINO GALLIARI 15 bis/B;2009;5;MISTA;PICCOLE STRUTTURE;Mista
POINT (1396398.987 4990261.407);VIA CLAUDIO LUIGI BERTHOLLET 30;1989;11;ALIMENTARI;PICCOLE STRUTTURE;Panetteria
POINT (1396266.076 4990249.165);VIA SILVIO PELLICO 12/A;2017;6;EXTRALIMENTARI;PICCOLE STRUTTURE;Mobili
POINT (1396270.728 4990246.717);VIA SILVIO PELLICO 12;2017;10;EXTRALIMENTARI;PICCOLE STRUTTURE;Abbigliamento
POINT (1396307.855 4990240.166);VIA SILVIO PELLICO 13/E;2013;3;.;Somministrazione;Nessuna
POINT (1396348.528 4990205.492);VIA SILVIO PELLICO 16/F;2002;3;EXTRALIMENTARI;PICCOLE STRUTTURE;Elettronica
POINT (1396363.552 4990197.565);VIA SILVIO PELLICO 18/D;2017;11;MISTA;PICCOLE STRUTTURE;Alimentari
POINT (1396363.552 4990197.565);VIA SILVIO PELLICO 18/D;2017;11;MISTA;PICCOLE STRUTTURE;Extralimentari
POINT (1396266.867 4990135.352);VIA MADAMA CRISTINA 24/G;2013;2;EXTRALIMENTARI;PICCOLE STRUTTURE;Oggetti preziosi
POINT (1396366.002 4990196.308);VIA SILVIO PELLICO 18;2010;8;MISTA;PICCOLE STRUTTURE;Extralimentari
POINT (1396366.002 4990196.308);VIA SILVIO PELLICO 18;2010;8;MISTA;PICCOLE STRUTTURE;Bibite
POINT (1396366.002 4990196.308);VIA SILVIO PELLICO 18;1999;5;EXTRALIMENTARI;PICCOLE STRUTTURE;Extralimentari
POINT (1396378.258 4990189.806);VIA SILVIO PELLICO 20/A;2002;1;MISTA;PICCOLE STRUTTURE;Erboristeria
POINT (1396378.258 4990189.806);VIA SILVIO PELLICO 20/A;2002;1;MISTA;PICCOLE STRUTTURE;Extralimentari
POINT (1396449.278 4990165.474);VIA SILVIO PELLICO 21;2016;8;.;Somministrazione;Nessuna
POINT (1396389.151 4990184.059);VIA SILVIO PELLICO 22;2000;2;ALTRO;Somministrazione;Nessuna
POINT (1396179.876 4990294.754);VIA SILVIO PELLICO 2 bis/E;2014;10;ALIMENTARI;PICCOLE STRUTTURE;Alimentari annessi ad altra attivita
POINT (1396051.066 4990284.919);VIA GIUSEPPE BARETTI 7/B;2014;5;.;Somministrazione;Nessuna
POINT (1396042.195 4990309.736);VIA GIUSEPPE BARETTI 5 scala B;2013;7;ALTRO;Somministrazione;Nessuna
POINT (1396051.066 4990284.919);VIA GIUSEPPE BARETTI 7/B;2018;1;ALIMENTARI;PICCOLE STRUTTURE;Bibite
POINT (1396042.195 4990309.736);VIA GIUSEPPE BARETTI 5 scala B;2013;7;ALIMENTARI;PICCOLE STRUTTURE;Alimentari
POINT (1396047.41 4990274.946);VIA GIUSEPPE BARETTI 6/B;1994;12;ALTRO;Acconciatori/estetisti;Nessuna
POINT (1396235.932 4990182.505);VIA GIUSEPPE BARETTI 20;2017;11;.;Somministrazione;Nessuna
POINT (1396359.615 4990130.976);VIA GIUSEPPE BARETTI 31;2006;10;ALIMENTARI;PICCOLE STRUTTURE;Pizza al taglio
POINT (1396070.08 4990268.529);VIA GIUSEPPE BARETTI 8/C;1979;5;ALTRO;Acconciatori/estetisti;Nessuna
POINT (1395956.187 4990301.309);VIA GIUSEPPE BARETTI 2;1996;8;ALTRO;Somministrazione;Nessuna
POINT (1395956.187 4990301.309);VIA GIUSEPPE BARETTI 2;2005;6;ALTRO;Acconciatori/estetisti;Nessuna
POINT (1395956.187 4990301.309);VIA GIUSEPPE BARETTI 2;2007;5;EXTRALIMENTARI;PICCOLE STRUTTURE;Profumeria
POINT (1395959.905 4990300.224);VIA GIUSEPPE BARETTI 2/P;1995;1;EXTRALIMENTARI;PICCOLE STRUTTURE;Ferramenta
POINT (1395957.714 4990312.237);VIA GIUSEPPE BARETTI 3;2010;10;MISTA;PICCOLE STRUTTURE;Macelleria
POINT (1395957.714 4990312.237);VIA GIUSEPPE BARETTI 3;2010;10;MISTA;PICCOLE STRUTTURE;Extralimentari
POINT (1396222.154 4990203.505);VIA GIUSEPPE BARETTI 19/C;2001;3;EXTRALIMENTARI;PICCOLE STRUTTURE;Extralimentari
POINT (1396075.294 4990277.829);VIA GIUSEPPE BARETTI 9/D;2013;6;.;Somministrazione;Nessuna
POINT (1396155.991 4990225.055);VIA GIUSEPPE BARETTI 12/E;2013;10;.;Somministrazione;Nessuna
POINT (1396217.053 4990039.112);VIA MADAMA CRISTINA 34;2014;10;EXTRALIMENTARI;PICCOLE STRUTTURE;Profumeria
POINT (1396155.991 4990225.055);VIA GIUSEPPE BARETTI 12/E;2014;1;MISTA;PICCOLE STRUTTURE;Mista
POINT (1396217.053 4990039.112);VIA MADAMA CRISTINA 34;2009;10;EXTRALIMENTARI;PICCOLE STRUTTURE;Extralimentari
POINT (1396155.991 4990225.055);VIA GIUSEPPE BARETTI 12/E;2009;1;EXTRALIMENTARI;PICCOLE STRUTTURE;Librerie
POINT (1396242.06 4990049.087);VIA MADAMA CRISTINA 35/C;2013;12;EXTRALIMENTARI;PICCOLE STRUTTURE;Telefonia
POINT (1396259.658 4990183.681);VIA GIUSEPPE BARETTI 25/B;2003;3;MISTA;PICCOLE STRUTTURE;Erboristeria
POINT (1396096.472 4990672.479);VIA NIZZA 3/B;2015;6;.;Somministrazione;Nessuna
POINT (1396234.826 4990035.136);VIA MADAMA CRISTINA 37;2015;1;EXTRALIMENTARI;PICCOLE STRUTTURE;Telefonia
POINT (1396259.658 4990183.681);VIA GIUSEPPE BARETTI 25/B;2003;3;MISTA;PICCOLE STRUTTURE;Extralimentari
POINT (1396234.826 4990035.136);VIA MADAMA CRISTINA 37;2007;6;EXTRALIMENTARI;PICCOLE STRUTTURE;Elettrodomestici e/o ricambi
POINT (1396234.826 4990035.136);VIA MADAMA CRISTINA 37;2002;5;EXTRALIMENTARI;PICCOLE STRUTTURE;Farmacia
POINT (1396417.108 4990425.483);VIA MADAMA CRISTINA 8/H;2012;2;ALTRO;Acconciatori/estetisti;Nessuna
POINT (1396417.108 4990425.483);VIA MADAMA CRISTINA 8/H;2006;11;EXTRALIMENTARI;PICCOLE STRUTTURE;Profumeria
POINT (1396413.058 4990417.639);VIA MADAMA CRISTINA 10/C;1996;8;ALIMENTARI;PICCOLE STRUTTURE;Alimentari
POINT (1396410.07 4990411.852);VIA MADAMA CRISTINA 10;2016;7;MISTA;PICCOLE STRUTTURE;Articoli per animali
POINT (1396410.07 4990411.852);VIA MADAMA CRISTINA 10;2016;7;MISTA;PICCOLE STRUTTURE;205
POINT (1396326.377 4990250.159);VIA MADAMA CRISTINA 18;2014;8;EXTRALIMENTARI;PICCOLE STRUTTURE;Telefonia
POINT (1396326.377 4990250.159);VIA MADAMA CRISTINA 18;2014;9;EXTRALIMENTARI;PICCOLE STRUTTURE;Abbigliamento
POINT (1396326.377 4990250.159);VIA MADAMA CRISTINA 18;2008;8;EXTRALIMENTARI;PICCOLE STRUTTURE;Extralimentari
POINT (1396326.377 4990250.159);VIA MADAMA CRISTINA 18;1975;1;EXTRALIMENTARI;PICCOLE STRUTTURE;Extralimentari
POINT (1396326.377 4990250.159);VIA MADAMA CRISTINA 18;1975;1;ALIMENTARI;PICCOLE STRUTTURE;Alimentari
POINT (1396337.252 4990232.642);VIA MADAMA CRISTINA 19/D;2016;4;EXTRALIMENTARI;PICCOLE STRUTTURE;Abbigliamento
POINT (1396311.936 4990222.385);VIA MADAMA CRISTINA 20/A;1988;11;EXTRALIMENTARI;PICCOLE STRUTTURE;Abbigliamento
POINT (1396303.983 4990207.103);VIA MADAMA CRISTINA 20/E;2004;3;EXTRALIMENTARI;PICCOLE STRUTTURE;Extralimentari
POINT (1396205.463 4990630.047);VIA GOITO 1/G;1996;12;EXTRALIMENTARI;PICCOLE STRUTTURE;Extralimentari
POINT (1396305.493 4990210.003);VIA MADAMA CRISTINA 20;2001;1;ALTRO;Acconciatori/estetisti;Nessuna
POINT (1396305.493 4990210.003);VIA MADAMA CRISTINA 20;1975;1;EXTRALIMENTARI;PICCOLE STRUTTURE;Extralimentari
POINT (1396200.09 4990645.919);VIA GOITO 2;1975;1;EXTRALIMENTARI;PICCOLE STRUTTURE;Extralimentari
POINT (1396169.153 4990559.606);VIA GOITO 7;1989;3;ALTRO;Somministrazione;Nessuna
POINT (1396118.884 4990460.707);VIA GOITO 15/F;2017;2;EXTRALIMENTARI;PICCOLE STRUTTURE;Extralimentari
POINT (1396108.589 4990440.692);VIA GOITO 17/E;1998;5;ALTRO;Acconciatori/estetisti;Nessuna
POINT (1396376.682 4990273.13);VIA CLAUDIO LUIGI BERTHOLLET 28/E;2016;6;ALIMENTARI;PICCOLE STRUTTURE;Frutta e verdura
POINT (1396268.664 4990343.361);VIA CLAUDIO LUIGI BERTHOLLET 23/I;2017;7;MISTA;PICCOLE STRUTTURE;Panetteria
POINT (1396455.275 4990499.537);VIA MADAMA CRISTINA 2/H;2014;12;EXTRALIMENTARI;PICCOLE STRUTTURE;Abbigliamento
POINT (1396268.664 4990343.361);VIA CLAUDIO LUIGI BERTHOLLET 23/I;2017;7;MISTA;PICCOLE STRUTTURE;Extralimentari
POINT (1396453.431 4990496.002);VIA MADAMA CRISTINA 4/A;2008;12;EXTRALIMENTARI;PICCOLE STRUTTURE;Ottica
POINT (1396018.473 4990526.837);VIA NIZZA 13;2013;4;EXTRALIMENTARI;PICCOLE STRUTTURE;Abbigliamento
POINT (1396452.759 4990455.742);VIA MADAMA CRISTINA 5/E;2017;7;.;Somministrazione;Nessuna
POINT (1396018.473 4990526.837);VIA NIZZA 13;1992;7;ALIMENTARI;PICCOLE STRUTTURE;Alimentari
POINT (1396445.776 4990481.331);VIA MADAMA CRISTINA 6/B;2011;1;EXTRALIMENTARI;PICCOLE STRUTTURE;Ottica
POINT (1396018.473 4990526.837);VIA NIZZA 13;1999;6;MISTA;PICCOLE STRUTTURE;Alimentari
POINT (1396018.473 4990526.837);VIA NIZZA 13;1999;6;MISTA;PICCOLE STRUTTURE;Extralimentari
POINT (1396331.571 4990040.922);VIA CESARE LOMBROSO 20/C;2004;3;EXTRALIMENTARI;PICCOLE STRUTTURE;Extralimentari
POINT (1396372.165 4990019.575);VIA CESARE LOMBROSO 22/D;2012;12;.;Somministrazione;Nessuna
POINT (1395975.117 4990459.041);VIA NIZZA 17 bis/F;1998;2;EXTRALIMENTARI;PICCOLE STRUTTURE;Extralimentari
POINT (1395967.433 4990444.447);VIA NIZZA 19;2014;10;MISTA;PICCOLE STRUTTURE;Mista
POINT (1396323.996 4990136.033);VIA GIUSEPPE BARETTI 28/C;2014;7;ALIMENTARI;PICCOLE STRUTTURE;Gastronomia
POINT (1395967.433 4990444.447);VIA NIZZA 19;2011;12;MISTA;PICCOLE STRUTTURE;Mista
POINT (1396323.996 4990136.033);VIA GIUSEPPE BARETTI 28/C;2003;4;EXTRALIMENTARI;PICCOLE STRUTTURE;Fiori e piante
POINT (1395967.433 4990444.447);VIA NIZZA 19;1985;7;EXTRALIMENTARI;PICCOLE STRUTTURE;Extralimentari
POINT (1395933.609 4990379.576);VIA NIZZA 25/A;2015;10;EXTRALIMENTARI;PICCOLE STRUTTURE;Abbigliamento
POINT (1396357.334 4990132.177);VIA GIUSEPPE BARETTI 31/B;2017;4;MISTA;PICCOLE STRUTTURE;Minimercato
POINT (1395931.529 4990372.56);VIA NIZZA 25/C;2005;11;EXTRALIMENTARI;PICCOLE STRUTTURE;Phone center
POINT (1396357.334 4990132.177);VIA GIUSEPPE BARETTI 31/B;2007;12;EXTRALIMENTARI;PICCOLE STRUTTURE;Phone center
POINT (1396347.812 4990123.417);VIA GIUSEPPE BARETTI 32;2016;1;.;Somministrazione;Nessuna
POINT (1395931.529 4990372.56);VIA NIZZA 25/C;1991;10;EXTRALIMENTARI;PICCOLE STRUTTURE;Extralimentari
POINT (1396347.812 4990123.417);VIA GIUSEPPE BARETTI 32;2000;12;ALTRO;DIA di somministrazione;Nessuna
POINT (1396347.812 4990123.417);VIA GIUSEPPE BARETTI 32;1978;4;EXTRALIMENTARI;PICCOLE STRUTTURE;Extralimentari
POINT (1396343.632 4990125.631);VIA GIUSEPPE BARETTI 32/A;2016;1;ALIMENTARI;PICCOLE STRUTTURE;Enoteca
POINT (1396522.357 4990363.29);VIA ORMEA 6 bis/C;2017;8;.;Somministrazione;Nessuna
POINT (1396522.357 4990363.29);VIA ORMEA 6 bis/C;2011;12;ALIMENTARI;PICCOLE STRUTTURE;Alimentari
POINT (1396245.75 4990177.34);VIA GIUSEPPE BARETTI 22/A;2004;9;ALTRO;Acconciatori/estetisti;Nessuna
POINT (1396310.08 4990143.406);VIA GIUSEPPE BARETTI 26/D;2014;10;ALTRO;Acconciatori/estetisti;Nessuna
POINT (1396512.083 4990344.388);VIA ORMEA 8/D;1986;8;EXTRALIMENTARI;PICCOLE STRUTTURE;Oggetti preziosi
POINT (1396310.08 4990143.406);VIA GIUSEPPE BARETTI 26/D;2014;10;EXTRALIMENTARI;PICCOLE STRUTTURE;Profumeria
POINT (1396491.589 4990306.204);VIA ORMEA 10/F;2002;3;EXTRALIMENTARI;PICCOLE STRUTTURE;Non alimentari generici
POINT (1396480.817 4990286.171);VIA ORMEA 12/D;2016;4;MISTA;PICCOLE STRUTTURE;Abbigliamento
POINT (1396327.336 4990147.954);VIA GIUSEPPE BARETTI 27 bis;2015;12;ALIMENTARI;PICCOLE STRUTTURE;Pasticceria
POINT (1396480.817 4990286.171);VIA ORMEA 12/D;2016;4;MISTA;PICCOLE STRUTTURE;Alimentari
POINT (1396360.344 4990116.777);VIA GIUSEPPE BARETTI 34/B;1981;11;ALTRO;Somministrazione;Nessuna
POINT (1395905.922 4990286.181);VIA NIZZA 29/H;2004;1;ALIMENTARI;PICCOLE STRUTTURE;Tabacchi
POINT (1396106.416 4990691.247);VIA NIZZA 1;2006;10;EXTRALIMENTARI;PICCOLE STRUTTURE;Extralimentari
POINT (1396106.416 4990691.247);VIA NIZZA 1;2006;10;EXTRALIMENTARI;PICCOLE STRUTTURE;Abbigliamento
POINT (1396088.016 4990656.52);VIA NIZZA 3/G;2014;12;EXTRALIMENTARI;PICCOLE STRUTTURE;Telefonia
POINT (1396088.016 4990656.52);VIA NIZZA 3/G;2005;8;EXTRALIMENTARI;PICCOLE STRUTTURE;Audiovisivi
POINT (1396089.349 4990659.036);VIA NIZZA 3;2011;4;ALIMENTARI;PICCOLE STRUTTURE;Alimentari annessi ad altra attivita
POINT (1396089.349 4990659.036);VIA NIZZA 3;2009;10;EXTRALIMENTARI;PICCOLE STRUTTURE;Abbigliamento
POINT (1396089.349 4990659.036);VIA NIZZA 3;2004;1;EXTRALIMENTARI;PICCOLE STRUTTURE;Abbigliamento
POINT (1396062.969 4990610.08);VIA NIZZA 7;2017;2;MISTA;PICCOLE STRUTTURE;Alimentari
POINT (1396062.969 4990610.08);VIA NIZZA 7;2017;2;MISTA;PICCOLE STRUTTURE;Extralimentari
POINT (1396062.969 4990610.08);VIA NIZZA 7;2012;3;EXTRALIMENTARI;PICCOLE STRUTTURE;Abbigliamento
POINT (1396053.795 4990593.609);VIA NIZZA 9;2015;9;ALIMENTARI;PICCOLE STRUTTURE;Alimentari
POINT (1396053.795 4990593.609);VIA NIZZA 9;2013;3;ALIMENTARI;PICCOLE STRUTTURE;Pizza al taglio
POINT (1396053.795 4990593.609);VIA NIZZA 9;2011;3;ALIMENTARI;PICCOLE STRUTTURE;Bibite
POINT (1396017.341 4990524.726);VIA NIZZA 13/F;2012;2;EXTRALIMENTARI;PICCOLE STRUTTURE;Telefonia
POINT (1396167.002 4990219.267);VIA GIUSEPPE BARETTI 14/B;2008;3;EXTRALIMENTARI;PICCOLE STRUTTURE;Fiori e piante
POINT (1396127.243 4990418.271);VIA CLAUDIO LUIGI BERTHOLLET 11;2011;9;ALIMENTARI;PICCOLE STRUTTURE;Alimentari
POINT (1396307.443 4990309.499);VIA CLAUDIO LUIGI BERTHOLLET 22/C;2002;12;ALIMENTARI;PICCOLE STRUTTURE;Pescheria
POINT (1395894.031 4990197.483);CORSO GUGLIELMO MARCONI 1;2013;3;EXTRALIMENTARI;PICCOLE STRUTTURE;Elettronica
POINT (1395894.031 4990197.483);CORSO GUGLIELMO MARCONI 1;2007;11;EXTRALIMENTARI;PICCOLE STRUTTURE;Phone center
POINT (1395905.913 4990168.849);CORSO GUGLIELMO MARCONI 3/E;2001;5;EXTRALIMENTARI;PICCOLE STRUTTURE;Non alimentari generici
POINT (1395903.688 4990181.155);CORSO GUGLIELMO MARCONI 3;1997;7;ALTRO;Somministrazione;Nessuna
POINT (1396106.218 4990148.97);VIA S. ANSELMO 38/E;2008;11;ALTRO;Somministrazione;Nessuna
POINT (1395903.688 4990181.155);CORSO GUGLIELMO MARCONI 3;2000;11;EXTRALIMENTARI;PICCOLE STRUTTURE;Extralimentari
POINT (1395903.688 4990181.155);CORSO GUGLIELMO MARCONI 3;2001;9;EXTRALIMENTARI;PICCOLE STRUTTURE;Vendita non esclusiva di giornali
POINT (1395903.688 4990181.155);CORSO GUGLIELMO MARCONI 3;1993;4;EXTRALIMENTARI;PICCOLE STRUTTURE;Extralimentari
POINT (1396150.965 4990679.886);VIA SALUZZO 1/C;2015;5;ALIMENTARI;PICCOLE STRUTTURE;Enoteca
POINT (1396290.297 4990236.418);VIA SILVIO PELLICO 14;2014;9;ALIMENTARI;PICCOLE STRUTTURE;Gastronomia
POINT (1396371.849 4990193.188);VIA SILVIO PELLICO 18/F;2016;12;.;Somministrazione;Nessuna
POINT (1396464.257 4990157.622);VIA SILVIO PELLICO 23/B;2015;10;ALTRO;Acconciatori/estetisti;Nessuna
POINT (1396494.864 4990141.573);VIA SILVIO PELLICO 29;1984;8;EXTRALIMENTARI;PICCOLE STRUTTURE;Extralimentari
POINT (1396494.864 4990141.573);VIA SILVIO PELLICO 29;1984;8;EXTRALIMENTARI;PICCOLE STRUTTURE;Vendita al dettaglio di cose antiche ed usate
POINT (1395897.909 4990259.376);VIA NIZZA 31;2010;1;EXTRALIMENTARI;PICCOLE STRUTTURE;Ricambi auto e accessori
POINT (1395889.598 4990231.118);VIA NIZZA 33;2001;12;ALTRO;Somministrazione;Nessuna
POINT (1395889.598 4990231.118);VIA NIZZA 33;2014;9;EXTRALIMENTARI;PICCOLE STRUTTURE;Abbigliamento
POINT (1395889.598 4990231.118);VIA NIZZA 33;2007;5;EXTRALIMENTARI;PICCOLE STRUTTURE;Casalinghi - Igiene casa e persona
POINT (1396150.388 4990310.867);VIA SILVIO PELLICO 2/F;2005;2;ALTRO;Somministrazione;Nessuna
POINT (1396166.387 4990301.892);VIA SILVIO PELLICO 2 bis/A;2005;4;ALTRO;Somministrazione;Nessuna
POINT (1396175.059 4990297.303);VIA SILVIO PELLICO 2 bis;2016;2;.;Somministrazione;Nessuna
POINT (1396187.029 4990290.968);VIA SILVIO PELLICO 4/A;2001;2;ALTRO;DIA di somministrazione;Nessuna
POINT (1396191.302 4990288.707);VIA SILVIO PELLICO 4;2017;12;ALIMENTARI;PICCOLE STRUTTURE;Alimentari
POINT (1396276.517 4990256.841);VIA SILVIO PELLICO 9;1993;2;EXTRALIMENTARI;PICCOLE STRUTTURE;Extralimentari
POINT (1396338.129 4990449.775);VIA PRINCIPE TOMMASO 5;2001;1;EXTRALIMENTARI;PICCOLE STRUTTURE;Extralimentari
POINT (1396010.021 4990511.072);VIA NIZZA 15;2015;8;EXTRALIMENTARI;PICCOLE STRUTTURE;Farmacia
POINT (1396010.021 4990511.072);VIA NIZZA 15;2015;8;EXTRALIMENTARI;PICCOLE STRUTTURE;Extralimentari
POINT (1396007.551 4990506.466);VIA NIZZA 17/A;2013;8;MISTA;PICCOLE STRUTTURE;Tabacchi
POINT (1396007.551 4990506.466);VIA NIZZA 17/A;2013;8;MISTA;PICCOLE STRUTTURE;Extralimentari
POINT (1396007.551 4990506.466);VIA NIZZA 17/A;2013;8;MISTA;PICCOLE STRUTTURE;99
POINT (1396003.227 4990498.401);VIA NIZZA 17/D;2000;9;EXTRALIMENTARI;PICCOLE STRUTTURE;Abbigliamento
POINT (1396356.463 4990352.697);PIAZZA MADAMA CRISTINA 4/A;2014;12;EXTRALIMENTARI;PICCOLE STRUTTURE;Tabacchi
POINT (1396356.463 4990352.697);PIAZZA MADAMA CRISTINA 4/A;2014;12;EXTRALIMENTARI;PICCOLE STRUTTURE;99
POINT (1396356.463 4990352.697);PIAZZA MADAMA CRISTINA 4/A;2014;12;EXTRALIMENTARI;PICCOLE STRUTTURE;Extralimentari
POINT (1396352.385 4990344.824);PIAZZA MADAMA CRISTINA 4/D;2017;6;EXTRALIMENTARI;PICCOLE STRUTTURE;Audiovisivi
POINT (1396352.385 4990344.824);PIAZZA MADAMA CRISTINA 4/D;2017;6;EXTRALIMENTARI;PICCOLE STRUTTURE;Vendita al dettaglio di cose antiche ed usate
POINT (1396352.385 4990344.824);PIAZZA MADAMA CRISTINA 4/D;2013;1;ALIMENTARI;PICCOLE STRUTTURE;Pizza al taglio
POINT (1396405.675 4990321.045);PIAZZA MADAMA CRISTINA 5/A;2017;7;MISTA;PICCOLE STRUTTURE;Mista
POINT (1396005.631 4990502.885);VIA NIZZA 17;2002;11;EXTRALIMENTARI;PICCOLE STRUTTURE;Elettronica
POINT (1396403.04 4990315.68);PIAZZA MADAMA CRISTINA 5;1994;7;ALTRO;Somministrazione;Nessuna
POINT (1395972.814 4990454.667);VIA NIZZA 19/A;2001;6;EXTRALIMENTARI;PICCOLE STRUTTURE;Extralimentari
POINT (1396343.466 4990327.459);PIAZZA MADAMA CRISTINA 8;2006;1;EXTRALIMENTARI;FORME SPECIALI DI VENDITA;Extralimentari
POINT (1395950.059 4990411.441);VIA NIZZA 21/F;2004;1;ALIMENTARI;PICCOLE STRUTTURE;Gastronomia
POINT (1395946.207 4990404.124);VIA NIZZA 23/B;2017;8;.;Somministrazione;Nessuna
POINT (1395941.947 4990396.035);VIA NIZZA 23;2016;5;ALTRO;DIA di somministrazione;Nessuna
POINT (1395941.947 4990396.035);VIA NIZZA 23;2015;4;.;Somministrazione;Nessuna
POINT (1395941.947 4990396.035);VIA NIZZA 23;2012;6;EXTRALIMENTARI;PICCOLE STRUTTURE;Autoveicoli e motoveicoli
POINT (1395941.947 4990396.035);VIA NIZZA 23;2012;6;EXTRALIMENTARI;PICCOLE STRUTTURE;Vendita al dettaglio di cose antiche ed usate
POINT (1395941.947 4990396.035);VIA NIZZA 23;2010;2;EXTRALIMENTARI;PICCOLE STRUTTURE;Autoveicoli e motoveicoli
POINT (1395941.947 4990396.035);VIA NIZZA 23;2010;2;EXTRALIMENTARI;PICCOLE STRUTTURE;Vendita al dettaglio di cose antiche ed usate
POINT (1395941.947 4990396.035);VIA NIZZA 23;1989;6;EXTRALIMENTARI;PICCOLE STRUTTURE;Extralimentari
POINT (1395932.662 4990376.382);VIA NIZZA 25/B;2014;7;ALTRO;Somministrazione;Nessuna
POINT (1395932.662 4990376.382);VIA NIZZA 25/B;2014;5;ALIMENTARI;PICCOLE STRUTTURE;Gastronomia
POINT (1395925.197 4990351.206);VIA NIZZA 27/B;2013;9;ALIMENTARI;PICCOLE STRUTTURE;Alimentari
POINT (1395921.853 4990339.95);VIA NIZZA 27;2010;3;EXTRALIMENTARI;FORME SPECIALI DI VENDITA;Extralimentari
POINT (1395921.853 4990339.95);VIA NIZZA 27;1994;11;EXTRALIMENTARI;PICCOLE STRUTTURE;Farmacia
POINT (1395910.346 4990301.107);VIA NIZZA 29/D;2010;11;.;Somministrazione;Nessuna
POINT (1395905.035 4990283.192);VIA NIZZA 29/I;2011;11;ALTRO;Somministrazione;Nessuna
POINT (1395905.035 4990283.192);VIA NIZZA 29/I;2012;7;MISTA;PICCOLE STRUTTURE;Mista
POINT (1395908.568 4990295.108);VIA NIZZA 29;2017;5;ALTRO;Somministrazione;Nessuna
POINT (1395908.568 4990295.108);VIA NIZZA 29;2017;2;.;Somministrazione;Nessuna
POINT (1395908.568 4990295.108);VIA NIZZA 29;1980;3;ALTRO;Somministrazione;Nessuna
POINT (1395908.568 4990295.108);VIA NIZZA 29;2016;4;ALIMENTARI;PICCOLE STRUTTURE;Bibite
POINT (1396109.036 4990696.191);VIA NIZZA 1/C;2002;1;EXTRALIMENTARI;PICCOLE STRUTTURE;Cartolerie
POINT (1396416.85 4990342.687);PIAZZA MADAMA CRISTINA 1/E;2005;7;EXTRALIMENTARI;PICCOLE STRUTTURE;Non alimentari generici
POINT (1396369.304 4990377.488);PIAZZA MADAMA CRISTINA 2;2009;4;EXTRALIMENTARI;PICCOLE STRUTTURE;Profumeria
POINT (1396360.851 4990361.167);PIAZZA MADAMA CRISTINA 2 bis/D;2015;10;ALIMENTARI;PICCOLE STRUTTURE;217
POINT (1396452.796 4990350.151);VIA BERNARDINO GALLIARI 24;2010;7;ALIMENTARI;PICCOLE STRUTTURE;Alimentari
POINT (1396363.194 4990365.692);PIAZZA MADAMA CRISTINA 2 bis;2017;5;ALIMENTARI;PICCOLE STRUTTURE;Gastronomia
POINT (1396456.651 4990348.119);VIA BERNARDINO GALLIARI 24 bis;2012;12;ALTRO;Somministrazione;Nessuna
POINT (1396363.194 4990365.692);PIAZZA MADAMA CRISTINA 2 bis;2015;6;MISTA;PICCOLE STRUTTURE;Bibite
POINT (1396456.651 4990348.119);VIA BERNARDINO GALLIARI 24 bis;2012;11;ALIMENTARI;PICCOLE STRUTTURE;Alimentari
POINT (1396363.194 4990365.692);PIAZZA MADAMA CRISTINA 2 bis;2015;6;MISTA;PICCOLE STRUTTURE;Extralimentari
POINT (1395926.321 4990310.021);VIA GIUSEPPE BARETTI 2/E;2015;4;ALIMENTARI;PICCOLE STRUTTURE;Panificio
POINT (1396363.194 4990365.692);PIAZZA MADAMA CRISTINA 2 bis;2010;10;EXTRALIMENTARI;PICCOLE STRUTTURE;Extralimentari
POINT (1396449.16 4990365.267);VIA BERNARDINO GALLIARI 25/A;2003;3;EXTRALIMENTARI;PICCOLE STRUTTURE;Non alimentari generici
POINT (1396456.524 4990361.391);VIA BERNARDINO GALLIARI 25;2016;9;.;Somministrazione;Nessuna
POINT (1396456.524 4990361.391);VIA BERNARDINO GALLIARI 25;2009;3;ALTRO;Acconciatori/estetisti;Nessuna
POINT (1396456.524 4990361.391);VIA BERNARDINO GALLIARI 25;2017;3;EXTRALIMENTARI;PICCOLE STRUTTURE;Extralimentari
POINT (1396473.892 4990339.029);VIA BERNARDINO GALLIARI 26/C;2015;1;EXTRALIMENTARI;PICCOLE STRUTTURE;Articoli pr la casa
POINT (1396496.346 4990327.19);VIA BERNARDINO GALLIARI 28/D;2011;9;ALIMENTARI;PICCOLE STRUTTURE;Alimentari
POINT (1396503.372 4990336.732);VIA BERNARDINO GALLIARI 29/F;2007;4;ALTRO;Somministrazione;Nessuna
POINT (1396503.372 4990336.732);VIA BERNARDINO GALLIARI 29/F;1994;4;ALIMENTARI;PICCOLE STRUTTURE;Alimentari
POINT (1396551.551 4990297.726);VIA BERNARDINO GALLIARI 30;2014;9;ALTRO;DIA di somministrazione;Nessuna
POINT (1396068.96 4990177.822);VIA BELFIORE 15/E;2015;12;.;Somministrazione;Nessuna
POINT (1396284.398 4990598.752);VIA S. ANSELMO 2;1992;2;ALTRO;Somministrazione;Nessuna
POINT (1396266.984 4990564.96);VIA S. ANSELMO 4/F;2016;4;ALTRO;Somministrazione;Nessuna
POINT (1396266.984 4990564.96);VIA S. ANSELMO 4/F;2012;9;ALIMENTARI;PICCOLE STRUTTURE;Alimentari
POINT (1396125.614 4990499.378);VIA GOITO 10/F;1999;4;ALTRO;DIA di somministrazione;Nessuna
POINT (1396205.622 4990394.203);VIA S. ANSELMO 13 scala A;2014;7;ALTRO;Somministrazione;Nessuna
POINT (1396201.817 4990411.736);VIA S. ANSELMO 13/B;2009;12;EXTRALIMENTARI;PICCOLE STRUTTURE;Phone center
POINT (1396154.339 4990272.491);VIA S. ANSELMO 19 bis/E;1991;5;EXTRALIMENTARI;PICCOLE STRUTTURE;Non alimentari annessi ad altre attivita
POINT (1396170.859 4990371.244);VIA S. ANSELMO 20/C;2012;4;ALTRO;Somministrazione;Nessuna
POINT (1396363.064 4990525.227);VIA PRINCIPE TOMMASO 2 bis/B;2010;8;.;Somministrazione;Nessuna
POINT (1396347.643 4990469.037);VIA PRINCIPE TOMMASO 3;2003;10;EXTRALIMENTARI;PICCOLE STRUTTURE;Elettronica
POINT (1396209.671 4990118.648);VIA CESARE LOMBROSO 7;2017;12;EXTRALIMENTARI;PICCOLE STRUTTURE;Profumeria
POINT (1396321.427 4990417.168);VIA PRINCIPE TOMMASO 7/A;2015;12;MISTA;PICCOLE STRUTTURE;Alimentari
POINT (1396355.319 4990267.455);VIA MADAMA CRISTINA 15;1997;5;ALTRO;Somministrazione;Nessuna
POINT (1396321.427 4990417.168);VIA PRINCIPE TOMMASO 7/A;2015;12;MISTA;PICCOLE STRUTTURE;Extralimentari
POINT (1396355.319 4990267.455);VIA MADAMA CRISTINA 15;1975;1;EXTRALIMENTARI;PICCOLE STRUTTURE;Extralimentari
POINT (1396308.373 4990417.559);VIA PRINCIPE TOMMASO 8;2011;1;.;Somministrazione;Nessuna
POINT (1396355.319 4990267.455);VIA MADAMA CRISTINA 15;1991;4;EXTRALIMENTARI;PICCOLE STRUTTURE;Extralimentari
POINT (1396308.891 4990392.674);VIA PRINCIPE TOMMASO 9/A;1987;10;EXTRALIMENTARI;PICCOLE STRUTTURE;Extralimentari
POINT (1396355.319 4990267.455);VIA MADAMA CRISTINA 15;1997;12;EXTRALIMENTARI;PICCOLE STRUTTURE;Extralimentari
POINT (1396300.052 4990401.275);VIA PRINCIPE TOMMASO 10/B;2012;5;EXTRALIMENTARI;PICCOLE STRUTTURE;Audiovisivi
POINT (1396300.052 4990401.275);VIA PRINCIPE TOMMASO 10/B;2004;12;EXTRALIMENTARI;PICCOLE STRUTTURE;Non alimentari annessi ad altre attivita
POINT (1396410.453 4990330.297);PIAZZA MADAMA CRISTINA 3;1995;11;ALTRO;Somministrazione;Nessuna
POINT (1396197.001 4990498.6);VIA BERNARDINO GALLIARI 9/F;2010;12;ALIMENTARI;PICCOLE STRUTTURE;Pizza al taglio
POINT (1396300.052 4990401.275);VIA PRINCIPE TOMMASO 10/B;1998;4;EXTRALIMENTARI;PICCOLE STRUTTURE;Extralimentari
POINT (1396410.453 4990330.297);PIAZZA MADAMA CRISTINA 3;1978;3;ALTRO;Acconciatori/estetisti;Nessuna
POINT (1396191.103 4990488.347);VIA BERNARDINO GALLIARI 10;2014;6;EXTRALIMENTARI;PICCOLE STRUTTURE;Elettronica
POINT (1396410.453 4990330.297);PIAZZA MADAMA CRISTINA 3;2010;3;EXTRALIMENTARI;PICCOLE STRUTTURE;Quotidiani e periodici
POINT (1396191.103 4990488.347);VIA BERNARDINO GALLIARI 10;2013;1;EXTRALIMENTARI;PICCOLE STRUTTURE;Audiovisivi
POINT (1396191.103 4990488.347);VIA BERNARDINO GALLIARI 10;2009;8;EXTRALIMENTARI;PICCOLE STRUTTURE;Abbigliamento
POINT (1396204.496 4990481.062);VIA BERNARDINO GALLIARI 10 bis;1996;12;EXTRALIMENTARI;PICCOLE STRUTTURE;Extralimentari
POINT (1396201.068 4990496.46);VIA BERNARDINO GALLIARI 11/A;2002;3;EXTRALIMENTARI;PICCOLE STRUTTURE;Extralimentari
POINT (1396212.511 4990490.439);VIA BERNARDINO GALLIARI 11/E;2002;2;EXTRALIMENTARI;PICCOLE STRUTTURE;Abbigliamento
POINT (1396216.431 4990488.376);VIA BERNARDINO GALLIARI 11/F;1993;12;EXTRALIMENTARI;PICCOLE STRUTTURE;Extralimentari
POINT (1396258.619 4990452.513);VIA BERNARDINO GALLIARI 12/L;2017;6;ALTRO;DIA di somministrazione;Nessuna
POINT (1396226.796 4990187.311);VIA GIUSEPPE BARETTI 18/E;2011;10;ALIMENTARI;PICCOLE STRUTTURE;Gastronomia
POINT (1396258.619 4990452.513);VIA BERNARDINO GALLIARI 12/L;2009;5;ALIMENTARI;PICCOLE STRUTTURE;Enoteca
POINT (1396245.958 4990459.168);VIA BERNARDINO GALLIARI 12;2012;10;.;Somministrazione;Nessuna
POINT (1396245.958 4990459.168);VIA BERNARDINO GALLIARI 12;2017;11;ALIMENTARI;PICCOLE STRUTTURE;Alimentari
POINT (1396279.738 4990441.413);VIA BERNARDINO GALLIARI 14 bis/D;2012;3;EXTRALIMENTARI;PICCOLE STRUTTURE;Audiovisivi
POINT (1396279.738 4990441.413);VIA BERNARDINO GALLIARI 14 bis/D;2005;3;EXTRALIMENTARI;PICCOLE STRUTTURE;Audiovisivi
POINT (1396284.706 4990452.288);VIA BERNARDINO GALLIARI 15/C;1996;5;ALTRO;DIA di somministrazione;Nessuna
POINT (1396304.702 4990441.713);VIA BERNARDINO GALLIARI 15 bis;2018;1;ALTRO;DIA di somministrazione;Nessuna
POINT (1396287.409 4990437.382);VIA BERNARDINO GALLIARI 16/A;2004;6;EXTRALIMENTARI;PICCOLE STRUTTURE;Elettronica
POINT (1396362.759 4990411.015);VIA BERNARDINO GALLIARI 19/B;2005;1;EXTRALIMENTARI;PICCOLE STRUTTURE;Elettronica
POINT (1396377.492 4990403.239);VIA BERNARDINO GALLIARI 19/D;2012;10;EXTRALIMENTARI;PICCOLE STRUTTURE;Elettronica
POINT (1396377.492 4990403.239);VIA BERNARDINO GALLIARI 19/D;2012;4;ALIMENTARI;PICCOLE STRUTTURE;Alimentari
POINT (1396370.121 4990407.13);VIA BERNARDINO GALLIARI 19;2014;4;MISTA;PICCOLE STRUTTURE;Alimentari
POINT (1396370.121 4990407.13);VIA BERNARDINO GALLIARI 19;2014;4;MISTA;PICCOLE STRUTTURE;Extralimentari
POINT (1396116.027 4990141.228);VIA S. ANSELMO 29;1975;1;EXTRALIMENTARI;PICCOLE STRUTTURE;Extralimentari
POINT (1396119.952 4990196.022);VIA S. ANSELMO 34/B;2014;4;.;Somministrazione;Nessuna
POINT (1396370.121 4990407.13);VIA BERNARDINO GALLIARI 19;2013;6;ALIMENTARI;PICCOLE STRUTTURE;Alimentari
POINT (1396370.121 4990407.13);VIA BERNARDINO GALLIARI 19;2000;11;EXTRALIMENTARI;PICCOLE STRUTTURE;Extralimentari
POINT (1396119.952 4990196.022);VIA S. ANSELMO 34/B;2012;5;MISTA;PICCOLE STRUTTURE;Mista
POINT (1396114.06 4990175.838);VIA S. ANSELMO 36/B;2011;5;.;Somministrazione;Nessuna
POINT (1396423.009 4990379.032);VIA BERNARDINO GALLIARI 23/D;1994;2;ALTRO;DIA di somministrazione;Nessuna
POINT (1396114.06 4990175.838);VIA S. ANSELMO 36/B;2015;11;MISTA;PICCOLE STRUTTURE;Alimentari
POINT (1396423.009 4990379.032);VIA BERNARDINO GALLIARI 23/D;2017;9;MISTA;PICCOLE STRUTTURE;Minimercato
POINT (1396114.06 4990175.838);VIA S. ANSELMO 36/B;2015;11;MISTA;PICCOLE STRUTTURE;Extralimentari
POINT (1396436.524 4990371.918);VIA BERNARDINO GALLIARI 23/H;2014;11;EXTRALIMENTARI;PICCOLE STRUTTURE;Giocattoli
POINT (1396302.47 4990379.739);VIA PRINCIPE TOMMASO 11;2006;6;ALTRO;DIA di somministrazione;Nessuna
POINT (1396248.808 4990300.247);VIA PRINCIPE TOMMASO 16/D;2003;1;EXTRALIMENTARI;PICCOLE STRUTTURE;Non alimentari generici
POINT (1396179.556 4990212.668);VIA GIUSEPPE BARETTI 16/A;2001;3;EXTRALIMENTARI;PICCOLE STRUTTURE;Abbigliamento
POINT (1396268.702 4990313.318);VIA PRINCIPE TOMMASO 17;2014;10;.;Somministrazione;Nessuna
POINT (1396220.608 4990244.167);VIA PRINCIPE TOMMASO 18 bis;2014;7;.;Somministrazione;Nessuna
POINT (1396220.608 4990244.167);VIA PRINCIPE TOMMASO 18 bis;2003;1;ALTRO;DIA di somministrazione;Nessuna
POINT (1396257.829 4990291.798);VIA PRINCIPE TOMMASO 21/C;2006;4;EXTRALIMENTARI;PICCOLE STRUTTURE;Abbigliamento
POINT (1396257.829 4990291.798);VIA PRINCIPE TOMMASO 21/C;2001;2;EXTRALIMENTARI;PICCOLE STRUTTURE;Extralimentari
POINT (1396174.06 4990152.023);VIA PRINCIPE TOMMASO 26;2013;4;.;Somministrazione;Nessuna
POINT (1396174.06 4990152.023);VIA PRINCIPE TOMMASO 26;2007;12;EXTRALIMENTARI;PICCOLE STRUTTURE;Extralimentari
POINT (1396226.123 4990229.313);VIA PRINCIPE TOMMASO 27;2009;7;ALTRO;Acconciatori/estetisti;Nessuna
POINT (1396226.123 4990229.313);VIA PRINCIPE TOMMASO 27;1975;1;EXTRALIMENTARI;PICCOLE STRUTTURE;Extralimentari
POINT (1396220.85 4990218.811);VIA PRINCIPE TOMMASO 27 bis/A;2016;10;EXTRALIMENTARI;PICCOLE STRUTTURE;Abbigliamento
POINT (1396217.823 4990212.783);VIA PRINCIPE TOMMASO 27 bis/C;2011;2;EXTRALIMENTARI;PICCOLE STRUTTURE;Bigiotteria
POINT (1396217.823 4990212.783);VIA PRINCIPE TOMMASO 27 bis/C;2011;2;EXTRALIMENTARI;PICCOLE STRUTTURE;Vendita al dettaglio di cose antiche ed usate
POINT (1396067.785 4990553.243);VIA BERNARDINO GALLIARI 2;2017;3;MISTA;PICCOLE STRUTTURE;Minimercato
POINT (1396067.785 4990553.243);VIA BERNARDINO GALLIARI 2;2005;4;EXTRALIMENTARI;PICCOLE STRUTTURE;Phone center
POINT (1396084.204 4990543.177);VIA BERNARDINO GALLIARI 2 bis/A;1992;5;EXTRALIMENTARI;PICCOLE STRUTTURE;Non alimentari generici
POINT (1396118.448 4990526.836);VIA BERNARDINO GALLIARI 4;2014;4;MISTA;PICCOLE STRUTTURE;Mista
POINT (1396118.448 4990526.836);VIA BERNARDINO GALLIARI 4;1999;12;EXTRALIMENTARI;PICCOLE STRUTTURE;Extralimentari
POINT (1396171.563 4990511.984);VIA BERNARDINO GALLIARI 7/F;2013;4;.;Somministrazione;Nessuna
POINT (1396147.714 4990075.338);VIA PRINCIPE TOMMASO 39;1993;3;EXTRALIMENTARI;PICCOLE STRUTTURE;Abbigliamento
POINT (1396147.714 4990075.338);VIA PRINCIPE TOMMASO 39;1976;6;EXTRALIMENTARI;PICCOLE STRUTTURE;Extralimentari
POINT (1396230.715 4990185.249);VIA GIUSEPPE BARETTI 20/A;2013;1;ALTRO;Somministrazione;Nessuna
POINT (1396529.297 4990400.111);VIA S. PIO V 30/F;2013;5;ALTRO;Somministrazione;Nessuna
POINT (1396529.297 4990400.111);VIA S. PIO V 30/F;2013;7;MISTA;PICCOLE STRUTTURE;Mista
POINT (1396529.297 4990400.111);VIA S. PIO V 30/F;1994;4;EXTRALIMENTARI;PICCOLE STRUTTURE;Extralimentari
POINT (1396034.441 4990405.961);VIA SALUZZO 19;2015;10;ALIMENTARI;PICCOLE STRUTTURE;Alimentari
POINT (1396295.524 4990594.23);VIA S. ANSELMO 1;2012;3;ALTRO;Acconciatori/estetisti;Nessuna
POINT (1396295.524 4990594.23);VIA S. ANSELMO 1;2012;10;MISTA;PICCOLE STRUTTURE;Minimercato
POINT (1396295.524 4990594.23);VIA S. ANSELMO 1;2005;11;EXTRALIMENTARI;PICCOLE STRUTTURE;Phone center
POINT (1396414.396 4990266.567);VIA CLAUDIO LUIGI BERTHOLLET 33;1975;1;EXTRALIMENTARI;PICCOLE STRUTTURE;Extralimentari
POINT (1396279.356 4990588.969);VIA S. ANSELMO 2/G;2000;3;ALTRO;Somministrazione;Nessuna
POINT (1396313.357 4990320.067);VIA CLAUDIO LUIGI BERTHOLLET 27;2016;7;MISTA;PICCOLE STRUTTURE;Alimentari
POINT (1396279.356 4990588.969);VIA S. ANSELMO 2/G;1991;4;EXTRALIMENTARI;PICCOLE STRUTTURE;Extralimentari
POINT (1396313.357 4990320.067);VIA CLAUDIO LUIGI BERTHOLLET 27;2016;7;MISTA;PICCOLE STRUTTURE;Extralimentari
POINT (1396282.748 4990569.418);VIA S. ANSELMO 3;2014;3;.;Somministrazione;Nessuna
POINT (1396123.408 4990365.674);VIA BELFIORE 1 bis;2015;6;ALIMENTARI;PICCOLE STRUTTURE;Gastronomia
POINT (1396096.576 4990272.281);VIA BELFIORE 7/G;2014;1;ALIMENTARI;PICCOLE STRUTTURE;Alimentari
POINT (1396016.124 4990310.83);LARGO SALUZZO 25/E;2012;3;ALTRO;Somministrazione;Nessuna
POINT (1396086.561 4990238.58);VIA BELFIORE 9/D;2002;4;EXTRALIMENTARI;PICCOLE STRUTTURE;Abbigliamento
POINT (1396016.124 4990310.83);LARGO SALUZZO 25/E;2008;5;MISTA;PICCOLE STRUTTURE;Articoli per animali
POINT (1396086.561 4990238.58);VIA BELFIORE 9/D;1999;10;EXTRALIMENTARI;PICCOLE STRUTTURE;Extralimentari
POINT (1396313.013 4990141.851);VIA GIUSEPPE BARETTI 26/E;1989;3;EXTRALIMENTARI;PICCOLE STRUTTURE;Extralimentari
POINT (1396016.124 4990310.83);LARGO SALUZZO 25/E;2008;5;MISTA;PICCOLE STRUTTURE;Alimentari
POINT (1396018.629 4990306.282);LARGO SALUZZO 25/F;2014;5;.;Somministrazione;Nessuna
POINT (1396308.81 4990157.698);VIA GIUSEPPE BARETTI 27;1976;8;ALTRO;Acconciatori/estetisti;Nessuna
POINT (1395966.286 4990285.039);LARGO SALUZZO 36 scala A;2015;12;ALTRO;Somministrazione;Nessuna
POINT (1396319.077 4990152.298);VIA GIUSEPPE BARETTI 27 bis/B;1985;9;EXTRALIMENTARI;PICCOLE STRUTTURE;Non alimentari generici
POINT (1395981.981 4990273.668);LARGO SALUZZO 36/F;2012;6;ALTRO;Somministrazione;Nessuna
POINT (1396345.134 4990138.593);VIA GIUSEPPE BARETTI 29;2001;4;ALTRO;DIA di somministrazione;Nessuna
POINT (1395981.981 4990273.668);LARGO SALUZZO 36/F;2012;6;ALIMENTARI;PICCOLE STRUTTURE;Bibite
POINT (1396362.616 4990129.398);VIA GIUSEPPE BARETTI 31/C;2016;12;ALTRO;Somministrazione;Nessuna
POINT (1396097.874 4990600.8);VIA SALUZZO 6/G;2010;3;.;Somministrazione;Nessuna
POINT (1396349.15520833 4990017.17604167);VIA ORMEA 29 bis;2003;1;ALIMENTARI;PICCOLE STRUTTURE;Pasticceria
POINT (1396057.258 4990272.158);VIA GIUSEPPE BARETTI 6/D;2015;8;ALTRO;Somministrazione;Nessuna
POINT (1396057.258 4990272.158);VIA GIUSEPPE BARETTI 6/D;2013;2;MISTA;PICCOLE STRUTTURE;Bibite
POINT (1396057.258 4990272.158);VIA GIUSEPPE BARETTI 6/D;2013;2;MISTA;PICCOLE STRUTTURE;Extralimentari
POINT (1396056.503 4990283.328);VIA GIUSEPPE BARETTI 7/C;2017;8;ALIMENTARI;PICCOLE STRUTTURE;Bibite
POINT (1396056.503 4990283.328);VIA GIUSEPPE BARETTI 7/C;2015;7;ALIMENTARI;PICCOLE STRUTTURE;Alimentari
POINT (1396066.929 4990269.42);VIA GIUSEPPE BARETTI 8;2012;4;.;Somministrazione;Nessuna
POINT (1396233.585 4990499.635);VIA S. ANSELMO 8;2002;7;ALTRO;Acconciatori/estetisti;Nessuna
POINT (1396066.929 4990269.42);VIA GIUSEPPE BARETTI 8;1993;12;ALIMENTARI;PICCOLE STRUTTURE;Macelleria
POINT (1396233.585 4990499.635);VIA S. ANSELMO 8;2017;7;MISTA;PICCOLE STRUTTURE;Mista
POINT (1396460.269 4990509.108);VIA MADAMA CRISTINA 2/E;2012;3;ALIMENTARI;PICCOLE STRUTTURE;Alimentari
POINT (1396171.884 4990216.701);VIA GIUSEPPE BARETTI 14/C;2010;11;EXTRALIMENTARI;PICCOLE STRUTTURE;Tessuti
POINT (1396233.585 4990499.635);VIA S. ANSELMO 8;2014;7;EXTRALIMENTARI;PICCOLE STRUTTURE;Telefonia
POINT (1396460.269 4990509.108);VIA MADAMA CRISTINA 2/E;2012;1;MISTA;PICCOLE STRUTTURE;Mista
POINT (1396152.663 4990240.306);VIA GIUSEPPE BARETTI 15/C;2017;4;.;Somministrazione;Nessuna
POINT (1396196.576 4990401.507);VIA S. ANSELMO 13;2014;3;ALIMENTARI;PICCOLE STRUTTURE;Gastronomia
POINT (1396462.107 4990512.63);VIA MADAMA CRISTINA 2;1989;10;EXTRALIMENTARI;PICCOLE STRUTTURE;Extralimentari
POINT (1396189.579 4990207.462);VIA GIUSEPPE BARETTI 16/E;2010;12;MISTA;PICCOLE STRUTTURE;Mista
POINT (1396452.12 4990493.49);VIA MADAMA CRISTINA 4;2001;5;ALTRO;Somministrazione;Nessuna
POINT (1396183.038 4990371.538);VIA S. ANSELMO 15/A;1998;10;MISTA;PICCOLE STRUTTURE;Alimentari
POINT (1396456.078 4990462.113);VIA MADAMA CRISTINA 5;2017;2;MISTA;PICCOLE STRUTTURE;Casalinghi - Igiene casa e persona
POINT (1396183.038 4990371.538);VIA S. ANSELMO 15/A;1998;10;MISTA;PICCOLE STRUTTURE;Extralimentari
POINT (1396456.078 4990462.113);VIA MADAMA CRISTINA 5;2017;2;MISTA;PICCOLE STRUTTURE;Alimentari
POINT (1396156.69 4990280.628);VIA S. ANSELMO 19 bis/B;2013;3;.;Somministrazione;Nessuna
POINT (1396149.712 4990363.753);VIA S. ANSELMO 20 scala C;2012;5;EXTRALIMENTARI;PICCOLE STRUTTURE;Extralimentari
POINT (1396229.131 4990062.299);VIA MADAMA CRISTINA 32/A;2010;12;EXTRALIMENTARI;PICCOLE STRUTTURE;Abbigliamento
POINT (1396161.742 4990340.396);VIA S. ANSELMO 22/C;2013;2;MISTA;PICCOLE STRUTTURE;Alimentari
POINT (1396161.742 4990340.396);VIA S. ANSELMO 22/C;2013;2;MISTA;PICCOLE STRUTTURE;Phone center
POINT (1396141.267 4990227.508);VIA S. ANSELMO 23/B;2016;10;MISTA;PICCOLE STRUTTURE;Alimentari
POINT (1396141.267 4990227.508);VIA S. ANSELMO 23/B;2016;10;MISTA;PICCOLE STRUTTURE;Extralimentari
POINT (1396150.75 4990302.39);VIA S. ANSELMO 26/C;2006;8;EXTRALIMENTARI;PICCOLE STRUTTURE;Abbigliamento
POINT (1396150.75 4990302.39);VIA S. ANSELMO 26/C;2006;8;EXTRALIMENTARI;PICCOLE STRUTTURE;Vendita al dettaglio di cose antiche ed usate
POINT (1396129.349 4990186.857);VIA S. ANSELMO 27/A;2013;10;.;Somministrazione;Nessuna
POINT (1396452.251 4990209.123);VIA ORMEA 17 bis/A;2015;10;EXTRALIMENTARI;PICCOLE STRUTTURE;Extralimentari
POINT (1396444.714 4990195.157);VIA ORMEA 19;2017;2;EXTRALIMENTARI;PICCOLE STRUTTURE;214
POINT (1396352.006 4989960.159);CORSO GUGLIELMO MARCONI 31 bis;2013;2;.;Acconciatori/estetisti;Nessuna
POINT (1396410.942 4990131.789);VIA ORMEA 23;2012;10;MISTA;PICCOLE STRUTTURE;Mista
POINT (1396352.006 4989960.159);CORSO GUGLIELMO MARCONI 31 bis;2013;2;EXTRALIMENTARI;PICCOLE STRUTTURE;Profumeria
POINT (1396352.006 4989960.159);CORSO GUGLIELMO MARCONI 31 bis;1986;2;EXTRALIMENTARI;PICCOLE STRUTTURE;Carburanti
POINT (1396397.703 4990132.483);VIA ORMEA 24/E;1988;12;EXTRALIMENTARI;PICCOLE STRUTTURE;Extralimentari
POINT (1396377.728 4990094.903);VIA ORMEA 28;2010;10;EXTRALIMENTARI;PICCOLE STRUTTURE;Elettrodomestici e/o ricambi
POINT (1396352.006 4989960.159);CORSO GUGLIELMO MARCONI 31 bis;1991;6;EXTRALIMENTARI;PICCOLE STRUTTURE;Elettrodomestici e/o ricambi
POINT (1396360.66458333 4990013.20729167);VIA ORMEA 29 bis scala A;2011;2;MISTA;PICCOLE STRUTTURE;Mista
POINT (1396343.961 4990007.5);VIA ORMEA 29 bis/C;2014;5;ALTRO;Somministrazione;Nessuna
POINT (1396342.107 4990004.078);VIA ORMEA 29 bis/D;2014;4;ALIMENTARI;PICCOLE STRUTTURE;Alimentari
POINT (1396371.226 4990082.638);VIA ORMEA 30/C;1999;3;EXTRALIMENTARI;PICCOLE STRUTTURE;Extralimentari
POINT (1396331.686 4989984.906);VIA ORMEA 31/E;2013;12;EXTRALIMENTARI;PICCOLE STRUTTURE;Articoli sanitari e ortopedici
POINT (1396343.754 4990031.793);VIA ORMEA 36/A;1994;10;ALTRO;Somministrazione;Nessuna
POINT (1396338.202 4990021.554);VIA ORMEA 36;1988;12;MISTA;PICCOLE STRUTTURE;Alimentari annessi ad altra attivita
POINT (1396338.202 4990021.554);VIA ORMEA 36;1988;12;MISTA;PICCOLE STRUTTURE;Extralimentari
POINT (1396338.202 4990021.554);VIA ORMEA 36;1987;11;EXTRALIMENTARI;PICCOLE STRUTTURE;Quotidiani e periodici
POINT (1396330.101 4990006.61);VIA ORMEA 38;2014;2;EXTRALIMENTARI;PICCOLE STRUTTURE;Abbigliamento
POINT (1396480.684 4990261.27);VIA ORMEA 15/C;1998;6;EXTRALIMENTARI;PICCOLE STRUTTURE;Tabacchi
POINT (1396482.261 4990264.188);VIA ORMEA 15;1994;3;ALTRO;Somministrazione;Nessuna
POINT (1396446.61 4990198.671);VIA ORMEA 19/A;2012;3;EXTRALIMENTARI;PICCOLE STRUTTURE;Extralimentari
POINT (1396409.366 4990128.879);VIA ORMEA 23/C;2011;9;.;Somministrazione;Nessuna
POINT (1396401.657 4990139.844);VIA ORMEA 24;2015;4;EXTRALIMENTARI;PICCOLE STRUTTURE;Ottica
POINT (1396553.939 4990422.37);VIA ORMEA 4;1984;5;ALTRO;DIA di somministrazione;Nessuna
POINT (1396514.752 4990349.297);VIA ORMEA 8;2006;4;EXTRALIMENTARI;PICCOLE STRUTTURE;Extralimentari
POINT (1396482.829 4990289.914);VIA ORMEA 12/C;2008;2;EXTRALIMENTARI;PICCOLE STRUTTURE;Mobili
POINT (1396483.948 4990291.994);VIA ORMEA 12;2017;10;EXTRALIMENTARI;PICCOLE STRUTTURE;Mobili
POINT (1396190.169 4990385.081);VIA CLAUDIO LUIGI BERTHOLLET 17/A;2010;9;.;Somministrazione;Nessuna
POINT (1396213.068 4990372.911);VIA CLAUDIO LUIGI BERTHOLLET 17/I;2018;1;.;Somministrazione;Nessuna
POINT (1396242.976 4990343.865);VIA CLAUDIO LUIGI BERTHOLLET 18/B;2014;4;MISTA;PICCOLE STRUTTURE;Frutta e verdura
POINT (1396242.976 4990343.865);VIA CLAUDIO LUIGI BERTHOLLET 18/B;2014;4;MISTA;PICCOLE STRUTTURE;Extralimentari
POINT (1396123.651 4990420.137);VIA CLAUDIO LUIGI BERTHOLLET 9/F;2012;4;ALTRO;Somministrazione;Nessuna
POINT (1396123.651 4990420.137);VIA CLAUDIO LUIGI BERTHOLLET 9/F;2007;5;ALIMENTARI;PICCOLE STRUTTURE;Gastronomia
POINT (1396123.651 4990420.137);VIA CLAUDIO LUIGI BERTHOLLET 9/F;1992;11;EXTRALIMENTARI;PICCOLE STRUTTURE;Extralimentari
POINT (1396145.943 4990394.786);VIA CLAUDIO LUIGI BERTHOLLET 10;2017;5;ALIMENTARI;PICCOLE STRUTTURE;Bibite
POINT (1396145.943 4990394.786);VIA CLAUDIO LUIGI BERTHOLLET 10;2016;1;EXTRALIMENTARI;PICCOLE STRUTTURE;Farmacia
POINT (1396145.943 4990394.786);VIA CLAUDIO LUIGI BERTHOLLET 10;2016;1;EXTRALIMENTARI;PICCOLE STRUTTURE;Extralimentari
POINT (1396145.943 4990394.786);VIA CLAUDIO LUIGI BERTHOLLET 10;2010;9;ALIMENTARI;PICCOLE STRUTTURE;Alimentari
POINT (1396133.416 4990414.975);VIA CLAUDIO LUIGI BERTHOLLET 11/B;2012;7;ALTRO;Somministrazione;Nessuna
POINT (1395938.652 4990151.41);CORSO GUGLIELMO MARCONI 5/F;2013;8;ALTRO;Somministrazione;Nessuna
POINT (1396145.668 4990408.372);VIA CLAUDIO LUIGI BERTHOLLET 13;2008;7;.;Acconciatori/estetisti;Nessuna
POINT (1395938.652 4990151.41);CORSO GUGLIELMO MARCONI 5/F;2014;7;MISTA;PICCOLE STRUTTURE;Mista
POINT (1396138.632 4990412.218);VIA CLAUDIO LUIGI BERTHOLLET 13/A;2012;6;ALTRO;DIA di somministrazione;Nessuna
POINT (1396202.421 4990365.131);VIA CLAUDIO LUIGI BERTHOLLET 14;1996;7;ALTRO;Acconciatori/estetisti;Nessuna
POINT (1396210.698 4990360.791);VIA CLAUDIO LUIGI BERTHOLLET 14/G;1995;10;EXTRALIMENTARI;PICCOLE STRUTTURE;Extralimentari
POINT (1396224.161 4990353.731);VIA CLAUDIO LUIGI BERTHOLLET 16/E;2016;5;ALIMENTARI;PICCOLE STRUTTURE;Alimentari
POINT (1396106.407 4990074.143);CORSO GUGLIELMO MARCONI 15;1997;4;EXTRALIMENTARI;PICCOLE STRUTTURE;Extralimentari
POINT (1396187.61 4990024.833);CORSO GUGLIELMO MARCONI 19/P;2006;8;EXTRALIMENTARI;PICCOLE STRUTTURE;Quotidiani e periodici
POINT (1396224.161 4990353.731);VIA CLAUDIO LUIGI BERTHOLLET 16/E;2005;4;EXTRALIMENTARI;PICCOLE STRUTTURE;Abbigliamento
POINT (1396187.61 4990024.833);CORSO GUGLIELMO MARCONI 19/P;2006;8;EXTRALIMENTARI;PICCOLE STRUTTURE;Cartolerie
POINT (1396476.179 4990277.548);VIA ORMEA 14;2012;6;EXTRALIMENTARI;PICCOLE STRUTTURE;Mobili
POINT (1396084.60456895 4990424.51155586);VIA CLAUDIO LUIGI BERTHOLLET 6;2016;8;ALTRO;Somministrazione;Nessuna
POINT (1396476.179 4990277.548);VIA ORMEA 14;2012;6;EXTRALIMENTARI;PICCOLE STRUTTURE;Vendita al dettaglio di cose antiche ed usate
POINT (1396084.60456895 4990424.51155586);VIA CLAUDIO LUIGI BERTHOLLET 6;2014;2;.;Somministrazione;Nessuna
POINT (1396084.60456895 4990424.51155586);VIA CLAUDIO LUIGI BERTHOLLET 6;2014;10;ALIMENTARI;PICCOLE STRUTTURE;Alimentari
POINT (1396084.60456895 4990424.51155586);VIA CLAUDIO LUIGI BERTHOLLET 6;2010;5;EXTRALIMENTARI;PICCOLE STRUTTURE;Elettronica
POINT (1396084.60456895 4990424.51155586);VIA CLAUDIO LUIGI BERTHOLLET 6;2010;5;EXTRALIMENTARI;PICCOLE STRUTTURE;Vendita al dettaglio di cose antiche ed usate
POINT (1396084.60456895 4990424.51155586);VIA CLAUDIO LUIGI BERTHOLLET 6;2006;7;EXTRALIMENTARI;PICCOLE STRUTTURE;Abbigliamento
POINT (1396105.8182754 4990623.8121111);VIA S. PIO V 0/M;2016;9;ALTRO;DIA di somministrazione;Nessuna
POINT (1396084.60456895 4990424.51155586);VIA CLAUDIO LUIGI BERTHOLLET 6;2001;7;EXTRALIMENTARI;PICCOLE STRUTTURE;Extralimentari
POINT (1396084.60456895 4990424.51155586);VIA CLAUDIO LUIGI BERTHOLLET 6;2000;5;ALIMENTARI;PICCOLE STRUTTURE;Pasticceria
POINT (1396080.0231687 4990429.62554975);VIA CLAUDIO LUIGI BERTHOLLET 6/C;2016;10;MISTA;PICCOLE STRUTTURE;Extralimentari
POINT (1396080.0231687 4990429.62554975);VIA CLAUDIO LUIGI BERTHOLLET 6/C;2016;10;MISTA;PICCOLE STRUTTURE;Bibite
POINT (1396111.31 4990413.233);VIA CLAUDIO LUIGI BERTHOLLET 8;2012;10;MISTA;PICCOLE STRUTTURE;Mista
POINT (1396105.249 4990429.866);VIA CLAUDIO LUIGI BERTHOLLET 9/A;2012;4;ALTRO;Somministrazione;Nessuna
POINT (1396140.97212224 4990410.98075218);VIA CLAUDIO LUIGI BERTHOLLET 13/B;2011;12;ALTRO;Somministrazione;Nessuna
POINT (1396003.238 4990470.252);VIA CLAUDIO LUIGI BERTHOLLET 2;2009;4;ALTRO;Acconciatori/estetisti;Nessuna
POINT (1396003.238 4990470.252);VIA CLAUDIO LUIGI BERTHOLLET 2;2014;11;EXTRALIMENTARI;PICCOLE STRUTTURE;Bigiotteria
POINT (1395987.766 4990478.393);VIA CLAUDIO LUIGI BERTHOLLET 2/A;2017;5;.;Somministrazione;Nessuna
POINT (1395987.766 4990478.393);VIA CLAUDIO LUIGI BERTHOLLET 2/A;2017;5;ALIMENTARI;PICCOLE STRUTTURE;Bibite
POINT (1396643.154 4990430.213);CORSO VITTORIO EMANUELE II 3;1985;9;ALTRO;Attivita didattiche;Nessuna
POINT (1396142.257 4990662.678);VIA SALUZZO 1/G;1995;4;ALTRO;DIA di somministrazione;Nessuna
POINT (1395987.766 4990478.393);VIA CLAUDIO LUIGI BERTHOLLET 2/A;2013;7;ALIMENTARI;PICCOLE STRUTTURE;Bibite
POINT (1396147.327 4990672.974);VIA SALUZZO 1;2016;3;ALTRO;Acconciatori/estetisti;Nessuna
POINT (1396028.504 4990470.344);VIA CLAUDIO LUIGI BERTHOLLET 3/C;2007;11;EXTRALIMENTARI;PICCOLE STRUTTURE;Phone center
POINT (1396147.327 4990672.974);VIA SALUZZO 1;2010;9;ALTRO;Acconciatori/estetisti;Nessuna
POINT (1396147.327 4990672.974);VIA SALUZZO 1;2015;8;EXTRALIMENTARI;PICCOLE STRUTTURE;Farmacia
POINT (1396147.327 4990672.974);VIA SALUZZO 1;2015;8;EXTRALIMENTARI;PICCOLE STRUTTURE;Extralimentari
POINT (1396147.327 4990672.974);VIA SALUZZO 1;2007;3;EXTRALIMENTARI;PICCOLE STRUTTURE;Abbigliamento
POINT (1396113.124 4990605.536);VIA SALUZZO 5;1997;9;ALTRO;Somministrazione;Nessuna
POINT (1396249.437 4990007.777);CORSO GUGLIELMO MARCONI 23/A;2016;3;ALIMENTARI;PICCOLE STRUTTURE;Gelateria
POINT (1396249.437 4990007.777);CORSO GUGLIELMO MARCONI 23/A;2007;6;ALIMENTARI;PICCOLE STRUTTURE;Bibite
POINT (1396452.397 4990531.165);CORSO VITTORIO EMANUELE II 19/B;1995;10;ALTRO;Acconciatori/estetisti;Nessuna
POINT (1396264.127 4990000.936);CORSO GUGLIELMO MARCONI 25/A;1999;6;EXTRALIMENTARI;PICCOLE STRUTTURE;Extralimentari
POINT (1396128.27 4990382.395);VIA BELFIORE 1;2011;11;EXTRALIMENTARI;PICCOLE STRUTTURE;Profumeria
POINT (1396128.27 4990382.395);VIA BELFIORE 1;2011;10;EXTRALIMENTARI;PICCOLE STRUTTURE;Extralimentari
POINT (1396295.478 4989986.317);CORSO GUGLIELMO MARCONI 27/F;2006;4;ALIMENTARI;PICCOLE STRUTTURE;Panificio
POINT (1396286.601 4989990.461);CORSO GUGLIELMO MARCONI 27;2005;11;ALTRO;Somministrazione;Nessuna
POINT (1396383.467 4989973.667);CORSO GUGLIELMO MARCONI 33 scala B;2015;12;.;Somministrazione;Nessuna
POINT (1396346.886 4990586.714);CORSO VITTORIO EMANUELE II 27/B;2010;2;.;Acconciatori/estetisti;Nessuna
POINT (1396383.467 4989973.667);CORSO GUGLIELMO MARCONI 33 scala B;2006;9;ALIMENTARI;PICCOLE STRUTTURE;Gastronomia
POINT (1396332.106 4990594.534);CORSO VITTORIO EMANUELE II 27/G;2012;1;EXTRALIMENTARI;PICCOLE STRUTTURE;Cartolerie
POINT (1396407.806 4990256.774);VIA CLAUDIO LUIGI BERTHOLLET 30/G;2014;7;ALTRO;Somministrazione;Nessuna
POINT (1396407.806 4990256.774);VIA CLAUDIO LUIGI BERTHOLLET 30/G;2014;6;MISTA;PICCOLE STRUTTURE;Mista
POINT (1396410.951 4990255.121);VIA CLAUDIO LUIGI BERTHOLLET 30/H;2012;7;ALIMENTARI;PICCOLE STRUTTURE;Gelateria
POINT (1396408.651 4990269.622);VIA CLAUDIO LUIGI BERTHOLLET 33/A;2010;10;EXTRALIMENTARI;PICCOLE STRUTTURE;Mobili
POINT (1396422.973 4990262.112);VIA CLAUDIO LUIGI BERTHOLLET 35/A;2010;10;ALIMENTARI;PICCOLE STRUTTURE;Alimentari
POINT (1396434.146 4990256.255);VIA CLAUDIO LUIGI BERTHOLLET 35/D;2010;11;EXTRALIMENTARI;COSE ANTICHE E USATE;Oggetti preziosi
POINT (1396447.011 4990249.509);VIA CLAUDIO LUIGI BERTHOLLET 37;2017;8;ALTRO;DIA di somministrazione;Nessuna
POINT (1396475.745 4990220.466);VIA CLAUDIO LUIGI BERTHOLLET 38;2012;6;.;Acconciatori/estetisti;Nessuna
POINT (1396464.572 4990226.365);VIA CLAUDIO LUIGI BERTHOLLET 38/A;2012;6;EXTRALIMENTARI;PICCOLE STRUTTURE;Profumeria
POINT (1396282.442 4990336.146);VIA CLAUDIO LUIGI BERTHOLLET 25/A;2011;10;EXTRALIMENTARI;PICCOLE STRUTTURE;Abbigliamento
POINT (1396321.042 4990315.966);VIA CLAUDIO LUIGI BERTHOLLET 27/E;2002;7;EXTRALIMENTARI;PICCOLE STRUTTURE;Elettronica
POINT (1396285.979 4990320.844);VIA CLAUDIO LUIGI BERTHOLLET 20/C;2001;5;EXTRALIMENTARI;PICCOLE STRUTTURE;Extralimentari
POINT (1396290.157 4990318.636);VIA CLAUDIO LUIGI BERTHOLLET 20/D;2015;3;.;Somministrazione;Nessuna
POINT (1396302.156 4990312.293);VIA CLAUDIO LUIGI BERTHOLLET 22/B;2008;7;EXTRALIMENTARI;PICCOLE STRUTTURE;Extralimentari
POINT (1396261.003 4990347.433);VIA CLAUDIO LUIGI BERTHOLLET 23/F;2016;9;.;Somministrazione;Nessuna
POINT (1396261.003 4990347.433);VIA CLAUDIO LUIGI BERTHOLLET 23/F;2011;11;MISTA;PICCOLE STRUTTURE;Alimentari
POINT (1396376.869 4989948.78);CORSO GUGLIELMO MARCONI 33/E;2013;7;.;Somministrazione;Nessuna
POINT (1396261.003 4990347.433);VIA CLAUDIO LUIGI BERTHOLLET 23/F;2011;11;MISTA;PICCOLE STRUTTURE;Extralimentari
POINT (1396350.395 4990340.983);PIAZZA MADAMA CRISTINA 4;2005;10;ALTRO;Somministrazione;Nessuna
POINT (1396348.225 4990336.794);PIAZZA MADAMA CRISTINA 6;2017;1;.;Somministrazione;Nessuna
POINT (1396393.024 4990296.418);PIAZZA MADAMA CRISTINA 7;1999;10;MISTA;PICCOLE STRUTTURE;Mista
POINT (1396083.665 4990572.929);VIA SALUZZO 10;1995;2;ALTRO;Somministrazione;Nessuna
POINT (1396076.74 4990526.991);VIA SALUZZO 11/G;2010;3;EXTRALIMENTARI;PICCOLE STRUTTURE;Opere d'arte
POINT (1396066.883 4990500.71);VIA SALUZZO 11 bis;2013;1;EXTRALIMENTARI;PICCOLE STRUTTURE;Casalinghi - Igiene casa e persona
POINT (1396066.883 4990500.71);VIA SALUZZO 11 bis;2010;7;ALIMENTARI;FORME SPECIALI DI VENDITA;Alimentari
POINT (1396062.048 4990487.879);VIA SALUZZO 13;2015;3;ALIMENTARI;PICCOLE STRUTTURE;Bibite
POINT (1396033.828 4990513.6);VIA SALUZZO 14 scala B;2016;3;MISTA;PICCOLE STRUTTURE;Macelleria
POINT (1396033.828 4990513.6);VIA SALUZZO 14 scala B;2016;3;MISTA;PICCOLE STRUTTURE;Extralimentari
POINT (1396056.441 4990505.505);VIA SALUZZO 14/E;2015;4;ALIMENTARI;PICCOLE STRUTTURE;Gastronomia
POINT (1396284.077 4990619.888);CORSO VITTORIO EMANUELE II 35/C;2004;5;ALTRO;Somministrazione;Nessuna
POINT (1396056.285 4990472.358);VIA SALUZZO 15;1987;10;ALTRO;Acconciatori/estetisti;Nessuna
POINT (1396284.077 4990619.888);CORSO VITTORIO EMANUELE II 35/C;2016;4;ALIMENTARI;PICCOLE STRUTTURE;Pasticceria
POINT (1396056.285 4990472.358);VIA SALUZZO 15;2011;6;EXTRALIMENTARI;PICCOLE STRUTTURE;Abbigliamento
POINT (1396284.077 4990619.888);CORSO VITTORIO EMANUELE II 35/C;2009;9;EXTRALIMENTARI;PICCOLE STRUTTURE;Casalinghi - Igiene casa e persona
POINT (1396056.285 4990472.358);VIA SALUZZO 15;1987;9;EXTRALIMENTARI;PICCOLE STRUTTURE;Extralimentari
POINT (1396416.678 4990265.413);VIA CLAUDIO LUIGI BERTHOLLET 33/C;1988;6;ALTRO;Somministrazione;Nessuna
POINT (1396056.285 4990472.358);VIA SALUZZO 15;2001;6;EXTRALIMENTARI;PICCOLE STRUTTURE;Elettronica
POINT (1396049.99 4990488.152);VIA SALUZZO 16/C;2005;7;EXTRALIMENTARI;PICCOLE STRUTTURE;Articoli pr la casa
POINT (1396441.215 4990252.548);VIA CLAUDIO LUIGI BERTHOLLET 37/B;2006;11;MISTA;PICCOLE STRUTTURE;Mista
POINT (1396269.92 4990627.331);CORSO VITTORIO EMANUELE II 37/B;2010;3;EXTRALIMENTARI;PICCOLE STRUTTURE;Elettrodomestici e/o ricambi
POINT (1396047.716 4990482.035);VIA SALUZZO 16/E;2015;4;ALIMENTARI;PICCOLE STRUTTURE;Macelleria
POINT (1396455.761 4990244.921);VIA CLAUDIO LUIGI BERTHOLLET 37/F;2005;12;MISTA;PICCOLE STRUTTURE;Gastronomia
POINT (1396256.383 4990634.448);CORSO VITTORIO EMANUELE II 39/A;2017;12;ALIMENTARI;PICCOLE STRUTTURE;Gastronomia
POINT (1396041.998 4990431.783);VIA SALUZZO 17;2004;3;ALTRO;Somministrazione;Nessuna
POINT (1396455.761 4990244.921);VIA CLAUDIO LUIGI BERTHOLLET 37/F;2005;12;MISTA;PICCOLE STRUTTURE;Extralimentari
POINT (1396251.626 4990636.948);CORSO VITTORIO EMANUELE II 39;2011;7;ALTRO;DIA di somministrazione;Nessuna
POINT (1396041.998 4990431.783);VIA SALUZZO 17;2017;6;.;Somministrazione;Nessuna
POINT (1396036.338 4990412.111);VIA SALUZZO 19/B;2011;8;EXTRALIMENTARI;PICCOLE STRUTTURE;Telefonia
POINT (1396240.394 4990642.853);CORSO VITTORIO EMANUELE II 41/B;2006;9;.;Somministrazione;Nessuna
POINT (1395960.549 4990141.315);CORSO GUGLIELMO MARCONI 7/A;2017;6;.;Somministrazione;Nessuna
POINT (1396116.334 4990701.619);CORSO VITTORIO EMANUELE II 47/H;2011;7;EXTRALIMENTARI;PICCOLE STRUTTURE;Extralimentari
POINT (1395983.099 4990130.922);CORSO GUGLIELMO MARCONI 9/A;2013;3;ALIMENTARI;PICCOLE STRUTTURE;Alimentari
POINT (1396202.243 4990473.936);VIA BERNARDINO GALLIARI 10 bis scala A;2011;3;ALIMENTARI;PICCOLE STRUTTURE;Alimentari
POINT (1396166.256 4990046.59);CORSO GUGLIELMO MARCONI 17/I;1986;10;EXTRALIMENTARI;PICCOLE STRUTTURE;Extralimentari
POINT (1396316.686 4990304.614);VIA CLAUDIO LUIGI BERTHOLLET 24/B;2015;4;.;Somministrazione;Nessuna
POINT (1396193.495 4990033.933);CORSO GUGLIELMO MARCONI 19/F;1998;12;EXTRALIMENTARI;PICCOLE STRUTTURE;Extralimentari
POINT (1396288.939 4989989.369);CORSO GUGLIELMO MARCONI 27/D;2011;5;ALIMENTARI;PICCOLE STRUTTURE;Gastronomia
POINT (1395898.922 4990191.094);CORSO GUGLIELMO MARCONI 1/E;2010;5;.;Somministrazione;Nessuna
POINT (1396121.917 4990615.257);VIA S. PIO V 2/A;1984;4;ALTRO;Somministrazione;Nessuna
POINT (1396139.713 4990605.925);VIA S. PIO V 2/H;2012;6;EXTRALIMENTARI;PICCOLE STRUTTURE;Quotidiani e periodici
POINT (1396139.713 4990605.925);VIA S. PIO V 2/H;2012;7;EXTRALIMENTARI;PICCOLE STRUTTURE;Tabacchi
POINT (1396426.415 4990361.212);PIAZZA MADAMA CRISTINA 1/A;2014;8;.;Somministrazione;Nessuna
POINT (1396157.75 4990596.784);VIA S. PIO V 4;1987;3;ALTRO;Somministrazione;Nessuna
POINT (1396420.368 4990349.5);PIAZZA MADAMA CRISTINA 1;2017;3;EXTRALIMENTARI;PICCOLE STRUTTURE;Abbigliamento
POINT (1396446.234 4990366.807);VIA BERNARDINO GALLIARI 23/L;2012;7;ALIMENTARI;PICCOLE STRUTTURE;Frutta e verdura
POINT (1396198.795 4990574.765);VIA S. PIO V 6/F;2009;9;EXTRALIMENTARI;PICCOLE STRUTTURE;Telefonia
POINT (1396420.368 4990349.5);PIAZZA MADAMA CRISTINA 1;1985;7;ALIMENTARI;PICCOLE STRUTTURE;Macelleria
POINT (1396453.128 4990363.179);VIA BERNARDINO GALLIARI 25/B;2004;1;EXTRALIMENTARI;PICCOLE STRUTTURE;Librerie
POINT (1396198.795 4990574.765);VIA S. PIO V 6/F;1999;10;EXTRALIMENTARI;PICCOLE STRUTTURE;Extralimentari
POINT (1396470.625 4990340.751);VIA BERNARDINO GALLIARI 26;2014;4;ALIMENTARI;PICCOLE STRUTTURE;Bibite
POINT (1396198.523 4990484.392);VIA BERNARDINO GALLIARI 10 bis/A;2014;1;.;Somministrazione;Nessuna
POINT (1396449.955 4989977.703);VIA CESARE LOMBROSO 30/F;2008;3;EXTRALIMENTARI;PICCOLE STRUTTURE;Vendita al dettaglio di cose antiche ed usate
POINT (1396449.955 4989977.703);VIA CESARE LOMBROSO 30/F;2008;3;EXTRALIMENTARI;PICCOLE STRUTTURE;Extralimentari
POINT (1396153.348 4990404.438);VIA CLAUDIO LUIGI BERTHOLLET 13/D;2013;6;ALTRO;Somministrazione;Nessuna
POINT (1396153.348 4990404.438);VIA CLAUDIO LUIGI BERTHOLLET 13/D;1996;10;EXTRALIMENTARI;PICCOLE STRUTTURE;Extralimentari
POINT (1396215.994 4990358.013);VIA CLAUDIO LUIGI BERTHOLLET 16/B;2006;1;EXTRALIMENTARI;COSE ANTICHE E USATE;Autoveicoli e motoveicoli
POINT (1396215.994 4990358.013);VIA CLAUDIO LUIGI BERTHOLLET 16/B;2001;10;EXTRALIMENTARI;PICCOLE STRUTTURE;Abbigliamento
POINT (1396230.647 4990350.33);VIA CLAUDIO LUIGI BERTHOLLET 16;2017;1;.;Acconciatori/estetisti;Nessuna
POINT (1396204.989 4990377.204);VIA CLAUDIO LUIGI BERTHOLLET 17/F;2011;1;EXTRALIMENTARI;PICCOLE STRUTTURE;Tabacchi
POINT (1396204.989 4990377.204);VIA CLAUDIO LUIGI BERTHOLLET 17/F;2011;1;EXTRALIMENTARI;PICCOLE STRUTTURE;Quotidiani e periodici
POINT (1396245.583 4990342.498);VIA CLAUDIO LUIGI BERTHOLLET 18;2011;3;EXTRALIMENTARI;PICCOLE STRUTTURE;Extralimentari
POINT (1396245.583 4990342.498);VIA CLAUDIO LUIGI BERTHOLLET 18;1975;1;EXTRALIMENTARI;PICCOLE STRUTTURE;Extralimentari
POINT (1396227.31 4990365.341);VIA CLAUDIO LUIGI BERTHOLLET 19;2000;5;ALTRO;Somministrazione;Nessuna
POINT (1396227.31 4990365.341);VIA CLAUDIO LUIGI BERTHOLLET 19;2000;5;ALIMENTARI;PICCOLE STRUTTURE;Alimentari annessi ad altra attivita
POINT (1396296.9 4990315.071);VIA CLAUDIO LUIGI BERTHOLLET 20/F;1997;10;EXTRALIMENTARI;PICCOLE STRUTTURE;Extralimentari
POINT (1396304.937 4990310.824);VIA CLAUDIO LUIGI BERTHOLLET 22;2002;8;EXTRALIMENTARI;PICCOLE STRUTTURE;Abbigliamento
POINT (1396245.041 4990355.917);VIA CLAUDIO LUIGI BERTHOLLET 23/A;2007;4;ALIMENTARI;PICCOLE STRUTTURE;Gastronomia
POINT (1396245.041 4990355.917);VIA CLAUDIO LUIGI BERTHOLLET 23/A;2002;7;ALIMENTARI;PICCOLE STRUTTURE;Pasticceria
POINT (1396026.293 4990377.616);VIA SALUZZO 21/E;2016;9;.;Somministrazione;Nessuna
POINT (1396200.299 4990619.815);VIA GOITO 3/A;1994;10;EXTRALIMENTARI;PICCOLE STRUTTURE;Oggetti preziosi
POINT (1396026.36 4990416.608);VIA SALUZZO 22;2012;5;.;Acconciatori/estetisti;Nessuna
POINT (1396184.152 4990614.688);VIA GOITO 4;2017;1;.;Somministrazione;Nessuna
POINT (1396019.284 4990353.546);VIA SALUZZO 23/E;2017;2;ALIMENTARI;PICCOLE STRUTTURE;Gastronomia
POINT (1396172.052 4990565.305);VIA GOITO 7/A;1999;5;EXTRALIMENTARI;PICCOLE STRUTTURE;Extralimentari
POINT (1396021.279 4990360.572);VIA SALUZZO 23;2011;1;ALTRO;DIA di somministrazione;Nessuna
POINT (1396159.893 4990541.406);VIA GOITO 9/C;2015;7;ALTRO;DIA di somministrazione;Nessuna
POINT (1396014.152 4990336.185);VIA SALUZZO 23 bis;2017;9;.;Somministrazione;Nessuna
POINT (1396159.893 4990541.406);VIA GOITO 9/C;2013;6;ALTRO;Somministrazione;Nessuna
POINT (1396014.152 4990336.185);VIA SALUZZO 23 bis;2008;9;EXTRALIMENTARI;PICCOLE STRUTTURE;Cartolerie
POINT (1396159.893 4990541.406);VIA GOITO 9/C;2013;2;ALIMENTARI;PICCOLE STRUTTURE;Gastronomia
POINT (1396095.058 4990669.811);VIA NIZZA 3/C;2013;4;ALIMENTARI;PICCOLE STRUTTURE;Bibite
POINT (1395979.66143939 4990216.35774921);VIA SALUZZO 29;1991;2;EXTRALIMENTARI;MEDIE STRUTTURE;Extralimentari
POINT (1396156.478 4990534.692);VIA GOITO 9;2009;6;ALTRO;DIA di somministrazione;Nessuna
POINT (1396085.999 4990652.714);VIA NIZZA 3/H;2007;6;.;Somministrazione;Nessuna
POINT (1396013.136 4990370.419);VIA SALUZZO 30/D;2015;4;ALTRO;Somministrazione;Nessuna
POINT (1396156.478 4990534.692);VIA GOITO 9;2009;6;.;Somministrazione;Nessuna
POINT (1396085.999 4990652.714);VIA NIZZA 3/H;2012;3;.;Somministrazione;Nessuna
POINT (1396010.379 4990360.967);VIA SALUZZO 30/F;2012;8;ALTRO;Somministrazione;Nessuna
POINT (1396156.478 4990534.692);VIA GOITO 9;2009;7;ALIMENTARI;PICCOLE STRUTTURE;Alimentari annessi ad altra attivita
POINT (1396071.323 4990625.752);VIA NIZZA 5/D;2016;4;.;Somministrazione;Nessuna
POINT (1395974.166 4990197.685);VIA SALUZZO 31/A;2016;12;ALIMENTARI;PICCOLE STRUTTURE;Alimentari
POINT (1396138.30260417 4990498.83333333);VIA GOITO 11;1974;5;ALTRO;DIA di somministrazione;Nessuna
POINT (1396071.323 4990625.752);VIA NIZZA 5/D;2013;6;EXTRALIMENTARI;PICCOLE STRUTTURE;Bigiotteria
POINT (1395971.435 4990188.407);VIA SALUZZO 31/C;2016;1;MISTA;PICCOLE STRUTTURE;Alimentari
POINT (1396068.842 4990623.53);VIA NIZZA 5;2011;11;EXTRALIMENTARI;PICCOLE STRUTTURE;Extralimentari
POINT (1395971.435 4990188.407);VIA SALUZZO 31/C;2016;1;MISTA;PICCOLE STRUTTURE;Extralimentari
POINT (1396068.842 4990623.53);VIA NIZZA 5;1992;10;EXTRALIMENTARI;PICCOLE STRUTTURE;Extralimentari
POINT (1396475.684 4990351.306);VIA BERNARDINO GALLIARI 27;1975;1;EXTRALIMENTARI;MEDIE STRUTTURE;Extralimentari
POINT (1396324.89264748 4990521.47221781);VIA S. PIO V 11/F;2016;5;ALTRO;Somministrazione;Nessuna
POINT (1395971.435 4990188.407);VIA SALUZZO 31/C;2011;2;EXTRALIMENTARI;PICCOLE STRUTTURE;Telefonia
POINT (1396068.842 4990623.53);VIA NIZZA 5;2003;12;EXTRALIMENTARI;PICCOLE STRUTTURE;Extralimentari
POINT (1396475.684 4990351.306);VIA BERNARDINO GALLIARI 27;1979;6;EXTRALIMENTARI;PICCOLE STRUTTURE;Extralimentari
POINT (1395971.435 4990188.407);VIA SALUZZO 31/C;2007;12;EXTRALIMENTARI;PICCOLE STRUTTURE;Non alimentari annessi ad altre attivita
POINT (1396491.687 4990329.647);VIA BERNARDINO GALLIARI 28/C;1995;7;ALTRO;Somministrazione;Nessuna
POINT (1395987.5 4990344.507);VIA SALUZZO 32 scala A;2014;8;ALTRO;Somministrazione;Nessuna
POINT (1396489.625 4990343.968);VIA BERNARDINO GALLIARI 29/A;2004;10;ALIMENTARI;PICCOLE STRUTTURE;Pizza al taglio
POINT (1395987.5 4990344.507);VIA SALUZZO 32 scala A;2013;12;MISTA;PICCOLE STRUTTURE;Alimentari
POINT (1396190.395 4990502.076);VIA BERNARDINO GALLIARI 9;2001;1;ALIMENTARI;PICCOLE STRUTTURE;Pasticceria
POINT (1395987.5 4990344.507);VIA SALUZZO 32 scala A;2013;12;MISTA;PICCOLE STRUTTURE;Extralimentari
POINT (1396209.557 4990491.993);VIA BERNARDINO GALLIARI 11/D;2007;7;MISTA;PICCOLE STRUTTURE;Mista
POINT (1396210.832 4990568.409);VIA S. PIO V 8;1980;9;ALTRO;Somministrazione;Nessuna
POINT (1396308.917 4990516.635);VIA S. PIO V 14/D;1994;2;ALTRO;Acconciatori/estetisti;Nessuna
POINT (1396390.216 4990473.542);VIA S. PIO V 20/F;2012;2;MISTA;PICCOLE STRUTTURE;Mista
POINT (1396561.148 4990473.514);CORSO VITTORIO EMANUELE II 9;2016;9;.;Somministrazione;Nessuna
POINT (1396561.148 4990473.514);CORSO VITTORIO EMANUELE II 9;2016;7;ALTRO;Acconciatori/estetisti;Nessuna
POINT (1396561.148 4990473.514);CORSO VITTORIO EMANUELE II 9;2016;9;ALIMENTARI;PICCOLE STRUTTURE;217
POINT (1396561.148 4990473.514);CORSO VITTORIO EMANUELE II 9;2016;7;EXTRALIMENTARI;PICCOLE STRUTTURE;208
POINT (1396561.148 4990473.514);CORSO VITTORIO EMANUELE II 9;1993;4;EXTRALIMENTARI;PICCOLE STRUTTURE;Extralimentari
POINT (1396319.554 4990303.098);VIA CLAUDIO LUIGI BERTHOLLET 24/C;2001;12;EXTRALIMENTARI;PICCOLE STRUTTURE;Abbigliamento
POINT (1396322.217 4990301.69);VIA CLAUDIO LUIGI BERTHOLLET 24;2008;7;ALTRO;Somministrazione;Nessuna