orig_dicofre,dest_dicofre,travel_bike,travel_car,travel_other,travel_total,orig_name,dest_name
110601,110601,13.0,188.0,117.0,940.0,Ajuda,Ajuda
110602,110601,3.0,206.0,236.0,765.0,AlcÃ¢ntara,Ajuda
110607,110601,0.0,0.0,5.0,5.0,Beato,Ajuda
110608,110601,0.0,118.0,22.0,151.0,Benfica,Ajuda
110610,110601,0.0,53.0,62.0,115.0,Campolide,Ajuda
110611,110601,0.0,27.0,10.0,38.0,Carnide,Ajuda
110618,110601,0.0,30.0,0.0,30.0,Lumiar,Ajuda
110621,110601,0.0,33.0,289.0,322.0,Marvila,Ajuda
110633,110601,0.0,25.0,4.0,29.0,Olivais,Ajuda
110639,110601,0.0,112.0,33.0,145.0,SÃ£o Domingos de Benfica,Ajuda
110654,110601,0.0,57.0,30.0,87.0,Alvalade,Ajuda
110655,110601,3.0,299.0,35.0,337.0,Areeiro,Ajuda
110656,110601,0.0,20.0,22.0,44.0,Arroios,Ajuda
110657,110601,3.0,948.0,1596.0,3689.0,Avenidas Novas,Ajuda
110658,110601,0.0,245.0,74.0,494.0,BelÃ©m,Ajuda
110659,110601,0.0,10.0,0.0,80.0,Campo de Ourique,Ajuda
110660,110601,0.0,82.0,20.0,125.0,Estrela,Ajuda
110661,110601,0.0,28.0,71.0,99.0,MisericÃ³rdia,Ajuda
110662,110601,0.0,45.0,20.0,64.0,Parque das NaÃ§Ãµes,Ajuda
110663,110601,0.0,7.0,21.0,27.0,Penha de FranÃ§a,Ajuda
110664,110601,0.0,113.0,0.0,113.0,Santa Clara,Ajuda
110665,110601,28.0,11.0,52.0,98.0,Santa Maria Maior,Ajuda
110666,110601,0.0,54.0,21.0,83.0,Santo AntÃ³nio,Ajuda
110667,110601,0.0,0.0,3.0,6.0,SÃ£o Vicente,Ajuda
110601,110602,3.0,173.0,231.0,811.0,Ajuda,AlcÃ¢ntara
110602,110602,3.0,756.0,1637.0,11544.0,AlcÃ¢ntara,AlcÃ¢ntara
110607,110602,0.0,274.0,23.0,297.0,Beato,AlcÃ¢ntara
110608,110602,0.0,264.0,132.0,405.0,Benfica,AlcÃ¢ntara
110610,110602,0.0,192.0,164.0,360.0,Campolide,AlcÃ¢ntara
110611,110602,0.0,211.0,3.0,231.0,Carnide,AlcÃ¢ntara
110618,110602,0.0,827.0,62.0,931.0,Lumiar,AlcÃ¢ntara
110621,110602,0.0,3.0,288.0,291.0,Marvila,AlcÃ¢ntara
110633,110602,0.0,76.0,160.0,235.0,Olivais,AlcÃ¢ntara
110639,110602,0.0,205.0,31.0,258.0,SÃ£o Domingos de Benfica,AlcÃ¢ntara
110654,110602,18.0,325.0,50.0,398.0,Alvalade,AlcÃ¢ntara
110655,110602,13.0,104.0,91.0,219.0,Areeiro,AlcÃ¢ntara
110656,110602,0.0,150.0,216.0,372.0,Arroios,AlcÃ¢ntara
110657,110602,96.0,418.0,247.0,1799.0,Avenidas Novas,AlcÃ¢ntara
110658,110602,3.0,1086.0,150.0,1340.0,BelÃ©m,AlcÃ¢ntara
110659,110602,0.0,188.0,53.0,306.0,Campo de Ourique,AlcÃ¢ntara
110660,110602,0.0,1155.0,447.0,1870.0,Estrela,AlcÃ¢ntara
110661,110602,0.0,360.0,551.0,921.0,MisericÃ³rdia,AlcÃ¢ntara
110662,110602,0.0,47.0,227.0,293.0,Parque das NaÃ§Ãµes,AlcÃ¢ntara
110663,110602,0.0,32.0,454.0,486.0,Penha de FranÃ§a,AlcÃ¢ntara
110664,110602,0.0,0.0,2.0,2.0,Santa Clara,AlcÃ¢ntara
110665,110602,0.0,37.0,958.0,1006.0,Santa Maria Maior,AlcÃ¢ntara
110666,110602,0.0,193.0,335.0,555.0,Santo AntÃ³nio,AlcÃ¢ntara
110667,110602,0.0,43.0,0.0,43.0,SÃ£o Vicente,AlcÃ¢ntara
110601,110607,0.0,41.0,24.0,64.0,Ajuda,Beato
110602,110607,0.0,0.0,23.0,23.0,AlcÃ¢ntara,Beato
110607,110607,0.0,0.0,38.0,796.0,Beato,Beato
110608,110607,0.0,9.0,25.0,34.0,Benfica,Beato
110610,110607,0.0,304.0,0.0,304.0,Campolide,Beato
110611,110607,0.0,18.0,0.0,18.0,Carnide,Beato
110618,110607,0.0,28.0,290.0,332.0,Lumiar,Beato
110621,110607,0.0,1845.0,135.0,2598.0,Marvila,Beato
110633,110607,0.0,342.0,18.0,359.0,Olivais,Beato
110639,110607,0.0,45.0,289.0,334.0,SÃ£o Domingos de Benfica,Beato
110654,110607,0.0,168.0,106.0,325.0,Alvalade,Beato
110655,110607,0.0,84.0,388.0,2790.0,Areeiro,Beato
110656,110607,0.0,51.0,704.0,821.0,Arroios,Beato
110657,110607,0.0,349.0,354.0,741.0,Avenidas Novas,Beato
110658,110607,0.0,16.0,3.0,21.0,BelÃ©m,Beato
110659,110607,0.0,0.0,8.0,19.0,Campo de Ourique,Beato
110660,110607,0.0,0.0,293.0,293.0,Estrela,Beato
110661,110607,0.0,37.0,98.0,409.0,MisericÃ³rdia,Beato
110662,110607,0.0,956.0,728.0,1684.0,Parque das NaÃ§Ãµes,Beato
110663,110607,0.0,67.0,1144.0,1842.0,Penha de FranÃ§a,Beato
110665,110607,0.0,308.0,65.0,381.0,Santa Maria Maior,Beato
110666,110607,0.0,101.0,293.0,404.0,Santo AntÃ³nio,Beato
110667,110607,0.0,274.0,16.0,298.0,SÃ£o Vicente,Beato
110601,110608,0.0,139.0,377.0,524.0,Ajuda,Benfica
110602,110608,0.0,613.0,60.0,997.0,AlcÃ¢ntara,Benfica
110607,110608,0.0,61.0,25.0,86.0,Beato,Benfica
110608,110608,0.0,7910.0,3164.0,28740.0,Benfica,Benfica
110610,110608,0.0,475.0,583.0,1105.0,Campolide,Benfica
110611,110608,0.0,2177.0,248.0,3555.0,Carnide,Benfica
110618,110608,27.0,1659.0,666.0,2526.0,Lumiar,Benfica
110621,110608,0.0,264.0,33.0,297.0,Marvila,Benfica
110633,110608,0.0,116.0,101.0,270.0,Olivais,Benfica
110639,110608,0.0,1381.0,561.0,3858.0,SÃ£o Domingos de Benfica,Benfica
110654,110608,0.0,1278.0,257.0,1640.0,Alvalade,Benfica
110655,110608,0.0,615.0,94.0,788.0,Areeiro,Benfica
110656,110608,0.0,281.0,407.0,822.0,Arroios,Benfica
110657,110608,14.0,517.0,1544.0,2296.0,Avenidas Novas,Benfica
110658,110608,0.0,346.0,403.0,824.0,BelÃ©m,Benfica
110659,110608,0.0,178.0,18.0,206.0,Campo de Ourique,Benfica
110660,110608,0.0,125.0,32.0,192.0,Estrela,Benfica
110661,110608,0.0,78.0,81.0,188.0,MisericÃ³rdia,Benfica
110662,110608,0.0,169.0,83.0,275.0,Parque das NaÃ§Ãµes,Benfica
110663,110608,0.0,148.0,464.0,612.0,Penha de FranÃ§a,Benfica
110664,110608,0.0,20.0,0.0,92.0,Santa Clara,Benfica
110665,110608,0.0,234.0,312.0,546.0,Santa Maria Maior,Benfica
110666,110608,0.0,207.0,468.0,718.0,Santo AntÃ³nio,Benfica
110667,110608,0.0,12.0,33.0,61.0,SÃ£o Vicente,Benfica
110601,110610,0.0,49.0,64.0,112.0,Ajuda,Campolide
110602,110610,0.0,311.0,174.0,488.0,AlcÃ¢ntara,Campolide
110607,110610,0.0,293.0,0.0,293.0,Beato,Campolide
110608,110610,0.0,138.0,905.0,1123.0,Benfica,Campolide
110610,110610,0.0,4330.0,594.0,11144.0,Campolide,Campolide
110611,110610,0.0,346.0,12.0,359.0,Carnide,Campolide
110618,110610,0.0,2682.0,87.0,2837.0,Lumiar,Campolide
110621,110610,0.0,63.0,21.0,84.0,Marvila,Campolide
110633,110610,0.0,538.0,113.0,650.0,Olivais,Campolide
110639,110610,0.0,970.0,1646.0,2850.0,SÃ£o Domingos de Benfica,Campolide
110654,110610,91.0,489.0,1422.0,2148.0,Alvalade,Campolide
110655,110610,0.0,187.0,639.0,1206.0,Areeiro,Campolide
110656,110610,0.0,234.0,243.0,558.0,Arroios,Campolide
110657,110610,18.0,2102.0,346.0,2981.0,Avenidas Novas,Campolide
110658,110610,0.0,126.0,27.0,188.0,BelÃ©m,Campolide
110659,110610,0.0,586.0,89.0,2828.0,Campo de Ourique,Campolide
110660,110610,0.0,305.0,524.0,927.0,Estrela,Campolide
110661,110610,0.0,886.0,1216.0,2123.0,MisericÃ³rdia,Campolide
110662,110610,0.0,153.0,431.0,585.0,Parque das NaÃ§Ãµes,Campolide
110663,110610,0.0,113.0,55.0,168.0,Penha de FranÃ§a,Campolide
110664,110610,0.0,39.0,0.0,39.0,Santa Clara,Campolide
110665,110610,0.0,24.0,600.0,1115.0,Santa Maria Maior,Campolide
110666,110610,0.0,969.0,1381.0,5072.0,Santo AntÃ³nio,Campolide
110667,110610,0.0,58.0,75.0,132.0,SÃ£o Vicente,Campolide
110601,110611,0.0,54.0,7.0,61.0,Ajuda,Carnide
110602,110611,0.0,558.0,0.0,661.0,AlcÃ¢ntara,Carnide
110607,110611,0.0,18.0,0.0,18.0,Beato,Carnide
110608,110611,0.0,2181.0,372.0,3535.0,Benfica,Carnide
110610,110611,0.0,749.0,12.0,761.0,Campolide,Carnide
110611,110611,63.0,2116.0,1005.0,4795.0,Carnide,Carnide
110618,110611,0.0,1064.0,427.0,2079.0,Lumiar,Carnide
110621,110611,0.0,1183.0,602.0,1785.0,Marvila,Carnide
110633,110611,0.0,71.0,0.0,71.0,Olivais,Carnide
110639,110611,21.0,1798.0,154.0,2455.0,SÃ£o Domingos de Benfica,Carnide
110654,110611,18.0,1321.0,508.0,1914.0,Alvalade,Carnide
110655,110611,0.0,102.0,209.0,312.0,Areeiro,Carnide
110656,110611,0.0,134.0,792.0,940.0,Arroios,Carnide
110657,110611,0.0,440.0,359.0,799.0,Avenidas Novas,Carnide
110658,110611,0.0,75.0,266.0,341.0,BelÃ©m,Carnide
110659,110611,0.0,223.0,21.0,244.0,Campo de Ourique,Carnide
110660,110611,0.0,75.0,76.0,150.0,Estrela,Carnide
110661,110611,0.0,87.0,151.0,257.0,MisericÃ³rdia,Carnide
110662,110611,29.0,268.0,82.0,378.0,Parque das NaÃ§Ãµes,Carnide
110663,110611,0.0,481.0,5.0,486.0,Penha de FranÃ§a,Carnide
110664,110611,0.0,75.0,38.0,113.0,Santa Clara,Carnide
110665,110611,0.0,211.0,510.0,721.0,Santa Maria Maior,Carnide
110666,110611,0.0,416.0,428.0,864.0,Santo AntÃ³nio,Carnide
110667,110611,0.0,13.0,35.0,47.0,SÃ£o Vicente,Carnide
110601,110618,0.0,56.0,0.0,56.0,Ajuda,Lumiar
110602,110618,0.0,637.0,180.0,971.0,AlcÃ¢ntara,Lumiar
110607,110618,0.0,10.0,17.0,27.0,Beato,Lumiar
110608,110618,27.0,1899.0,518.0,2799.0,Benfica,Lumiar
110610,110618,0.0,2599.0,210.0,2924.0,Campolide,Lumiar
110611,110618,21.0,1109.0,405.0,2140.0,Carnide,Lumiar
110618,110618,84.0,6924.0,2285.0,20691.0,Lumiar,Lumiar
110621,110618,0.0,139.0,753.0,965.0,Marvila,Lumiar
110633,110618,0.0,1381.0,120.0,1537.0,Olivais,Lumiar
110639,110618,0.0,2364.0,239.0,2927.0,SÃ£o Domingos de Benfica,Lumiar
110654,110618,314.0,2988.0,2743.0,6609.0,Alvalade,Lumiar
110655,110618,0.0,365.0,328.0,749.0,Areeiro,Lumiar
110656,110618,0.0,779.0,1243.0,2096.0,Arroios,Lumiar
110657,110618,0.0,3873.0,1607.0,5710.0,Avenidas Novas,Lumiar
110658,110618,0.0,788.0,379.0,1187.0,BelÃ©m,Lumiar
110659,110618,0.0,81.0,115.0,253.0,Campo de Ourique,Lumiar
110660,110618,0.0,205.0,370.0,658.0,Estrela,Lumiar
110661,110618,0.0,128.0,255.0,458.0,MisericÃ³rdia,Lumiar
110662,110618,13.0,529.0,433.0,976.0,Parque das NaÃ§Ãµes,Lumiar
110663,110618,0.0,477.0,812.0,1290.0,Penha de FranÃ§a,Lumiar
110664,110618,6.0,1337.0,536.0,1992.0,Santa Clara,Lumiar
110665,110618,0.0,482.0,523.0,1043.0,Santa Maria Maior,Lumiar
110666,110618,0.0,1171.0,1007.0,2269.0,Santo AntÃ³nio,Lumiar
110667,110618,0.0,196.0,425.0,620.0,SÃ£o Vicente,Lumiar
110601,110621,0.0,19.0,285.0,304.0,Ajuda,Marvila
110602,110621,0.0,7.0,291.0,298.0,AlcÃ¢ntara,Marvila
110607,110621,0.0,1123.0,379.0,1803.0,Beato,Marvila
110608,110621,0.0,940.0,49.0,989.0,Benfica,Marvila
110610,110621,31.0,102.0,47.0,180.0,Campolide,Marvila
110611,110621,0.0,19.0,588.0,607.0,Carnide,Marvila
110618,110621,0.0,234.0,786.0,1080.0,Lumiar,Marvila
110621,110621,0.0,6963.0,2335.0,23294.0,Marvila,Marvila
110633,110621,38.0,2060.0,1691.0,4760.0,Olivais,Marvila
110639,110621,0.0,373.0,116.0,501.0,SÃ£o Domingos de Benfica,Marvila
110654,110621,19.0,2039.0,1273.0,4115.0,Alvalade,Marvila
110655,110621,0.0,605.0,74.0,790.0,Areeiro,Marvila
110656,110621,0.0,1279.0,187.0,1499.0,Arroios,Marvila
110657,110621,0.0,468.0,1015.0,1483.0,Avenidas Novas,Marvila
110658,110621,0.0,53.0,19.0,73.0,BelÃ©m,Marvila
110659,110621,0.0,58.0,0.0,58.0,Campo de Ourique,Marvila
110660,110621,0.0,44.0,31.0,75.0,Estrela,Marvila
110661,110621,0.0,649.0,305.0,953.0,MisericÃ³rdia,Marvila
110662,110621,0.0,1135.0,1520.0,2994.0,Parque das NaÃ§Ãµes,Marvila
110663,110621,0.0,816.0,548.0,1638.0,Penha de FranÃ§a,Marvila
110664,110621,0.0,39.0,0.0,39.0,Santa Clara,Marvila
110665,110621,0.0,366.0,360.0,760.0,Santa Maria Maior,Marvila
110666,110621,0.0,25.0,710.0,735.0,Santo AntÃ³nio,Marvila
110667,110621,0.0,53.0,352.0,405.0,SÃ£o Vicente,Marvila
110601,110633,0.0,30.0,4.0,34.0,Ajuda,Olivais
110602,110633,0.0,63.0,160.0,223.0,AlcÃ¢ntara,Olivais
110607,110633,0.0,82.0,27.0,109.0,Beato,Olivais
110608,110633,0.0,505.0,37.0,559.0,Benfica,Olivais
110610,110633,0.0,585.0,60.0,666.0,Campolide,Olivais
110611,110633,0.0,50.0,45.0,95.0,Carnide,Olivais
110618,110633,0.0,1428.0,238.0,1666.0,Lumiar,Olivais
110621,110633,47.0,2001.0,1406.0,4416.0,Marvila,Olivais
110633,110633,142.0,4790.0,3199.0,21794.0,Olivais,Olivais
110639,110633,0.0,305.0,443.0,748.0,SÃ£o Domingos de Benfica,Olivais
110654,110633,24.0,2796.0,168.0,3074.0,Alvalade,Olivais
110655,110633,7.0,446.0,358.0,838.0,Areeiro,Olivais
110656,110633,19.0,707.0,333.0,1078.0,Arroios,Olivais
110657,110633,6.0,1229.0,1133.0,2368.0,Avenidas Novas,Olivais
110658,110633,0.0,167.0,297.0,464.0,BelÃ©m,Olivais
110659,110633,0.0,25.0,329.0,375.0,Campo de Ourique,Olivais
110660,110633,0.0,122.0,327.0,449.0,Estrela,Olivais
110661,110633,0.0,318.0,656.0,987.0,MisericÃ³rdia,Olivais
110662,110633,0.0,2084.0,812.0,3623.0,Parque das NaÃ§Ãµes,Olivais
110663,110633,0.0,120.0,36.0,156.0,Penha de FranÃ§a,Olivais
110664,110633,0.0,676.0,29.0,718.0,Santa Clara,Olivais
110665,110633,0.0,1038.0,420.0,1509.0,Santa Maria Maior,Olivais
110666,110633,0.0,30.0,415.0,481.0,Santo AntÃ³nio,Olivais
110667,110633,0.0,424.0,19.0,453.0,SÃ£o Vicente,Olivais
110601,110639,0.0,110.0,33.0,143.0,Ajuda,SÃ£o Domingos de Benfica
110602,110639,0.0,222.0,119.0,392.0,AlcÃ¢ntara,SÃ£o Domingos de Benfica
110607,110639,0.0,63.0,297.0,359.0,Beato,SÃ£o Domingos de Benfica
110608,110639,0.0,1982.0,585.0,4636.0,Benfica,SÃ£o Domingos de Benfica
110610,110639,0.0,537.0,923.0,1733.0,Campolide,SÃ£o Domingos de Benfica
110611,110639,26.0,1577.0,202.0,2150.0,Carnide,SÃ£o Domingos de Benfica
110618,110639,21.0,2965.0,229.0,3537.0,Lumiar,SÃ£o Domingos de Benfica
110621,110639,0.0,641.0,147.0,808.0,Marvila,SÃ£o Domingos de Benfica
110633,110639,0.0,292.0,470.0,762.0,Olivais,SÃ£o Domingos de Benfica
110639,110639,0.0,2858.0,1510.0,13733.0,SÃ£o Domingos de Benfica,SÃ£o Domingos de Benfica
110654,110639,18.0,2262.0,250.0,2651.0,Alvalade,SÃ£o Domingos de Benfica
110655,110639,0.0,507.0,262.0,784.0,Areeiro,SÃ£o Domingos de Benfica
110656,110639,0.0,860.0,348.0,1401.0,Arroios,SÃ£o Domingos de Benfica
110657,110639,0.0,1153.0,1476.0,2777.0,Avenidas Novas,SÃ£o Domingos de Benfica
110658,110639,3.0,180.0,30.0,230.0,BelÃ©m,SÃ£o Domingos de Benfica
110659,110639,0.0,259.0,19.0,278.0,Campo de Ourique,SÃ£o Domingos de Benfica
110660,110639,0.0,415.0,120.0,555.0,Estrela,SÃ£o Domingos de Benfica
110661,110639,18.0,253.0,195.0,540.0,MisericÃ³rdia,SÃ£o Domingos de Benfica
110662,110639,0.0,247.0,471.0,718.0,Parque das NaÃ§Ãµes,SÃ£o Domingos de Benfica
110663,110639,0.0,240.0,48.0,321.0,Penha de FranÃ§a,SÃ£o Domingos de Benfica
110664,110639,0.0,495.0,96.0,591.0,Santa Clara,SÃ£o Domingos de Benfica
110665,110639,0.0,218.0,573.0,1150.0,Santa Maria Maior,SÃ£o Domingos de Benfica
110666,110639,0.0,143.0,1884.0,2064.0,Santo AntÃ³nio,SÃ£o Domingos de Benfica
110667,110639,0.0,99.0,39.0,156.0,SÃ£o Vicente,SÃ£o Domingos de Benfica
110601,110654,3.0,112.0,34.0,149.0,Ajuda,Alvalade
110602,110654,18.0,614.0,46.0,679.0,AlcÃ¢ntara,Alvalade
110607,110654,0.0,496.0,354.0,901.0,Beato,Alvalade
110608,110654,0.0,716.0,517.0,1309.0,Benfica,Alvalade
110610,110654,91.0,632.0,1308.0,2175.0,Campolide,Alvalade
110611,110654,18.0,2406.0,201.0,2760.0,Carnide,Alvalade
110618,110654,335.0,4115.0,1860.0,6694.0,Lumiar,Alvalade
110621,110654,19.0,1519.0,1306.0,3647.0,Marvila,Alvalade
110633,110654,46.0,2352.0,172.0,2635.0,Olivais,Alvalade
110639,110654,18.0,2248.0,343.0,2764.0,SÃ£o Domingos de Benfica,Alvalade
110654,110654,34.0,4819.0,1986.0,20533.0,Alvalade,Alvalade
110655,110654,128.0,1182.0,477.0,2800.0,Areeiro,Alvalade
110656,110654,38.0,2258.0,1693.0,4232.0,Arroios,Alvalade
110657,110654,54.0,1587.0,1367.0,3576.0,Avenidas Novas,Alvalade
110658,110654,0.0,462.0,70.0,532.0,BelÃ©m,Alvalade
110659,110654,0.0,160.0,177.0,347.0,Campo de Ourique,Alvalade
110660,110654,0.0,314.0,430.0,780.0,Estrela,Alvalade
110661,110654,0.0,220.0,894.0,1127.0,MisericÃ³rdia,Alvalade
110662,110654,0.0,1527.0,247.0,1793.0,Parque das NaÃ§Ãµes,Alvalade
110663,110654,9.0,257.0,299.0,2053.0,Penha de FranÃ§a,Alvalade
110664,110654,0.0,699.0,241.0,978.0,Santa Clara,Alvalade
110665,110654,15.0,307.0,1018.0,1903.0,Santa Maria Maior,Alvalade
110666,110654,0.0,457.0,352.0,909.0,Santo AntÃ³nio,Alvalade
110667,110654,18.0,2628.0,412.0,3082.0,SÃ£o Vicente,Alvalade
110601,110655,3.0,276.0,17.0,336.0,Ajuda,Areeiro
110602,110655,0.0,105.0,331.0,507.0,AlcÃ¢ntara,Areeiro
110607,110655,0.0,642.0,530.0,2732.0,Beato,Areeiro
110608,110655,0.0,643.0,139.0,817.0,Benfica,Areeiro
110610,110655,0.0,180.0,658.0,1605.0,Campolide,Areeiro
110611,110655,0.0,109.0,231.0,341.0,Carnide,Areeiro
110618,110655,0.0,193.0,363.0,635.0,Lumiar,Areeiro
110621,110655,0.0,339.0,85.0,511.0,Marvila,Areeiro
110633,110655,7.0,398.0,391.0,824.0,Olivais,Areeiro
110639,110655,0.0,544.0,194.0,738.0,SÃ£o Domingos de Benfica,Areeiro
110654,110655,90.0,879.0,540.0,2560.0,Alvalade,Areeiro
110655,110655,23.0,1060.0,316.0,5726.0,Areeiro,Areeiro
110656,110655,0.0,667.0,271.0,1874.0,Arroios,Areeiro
110657,110655,0.0,606.0,1190.0,3846.0,Avenidas Novas,Areeiro
110658,110655,13.0,185.0,36.0,234.0,BelÃ©m,Areeiro
110659,110655,0.0,183.0,98.0,280.0,Campo de Ourique,Areeiro
110660,110655,14.0,159.0,74.0,262.0,Estrela,Areeiro
110661,110655,0.0,78.0,123.0,201.0,MisericÃ³rdia,Areeiro
110662,110655,0.0,359.0,206.0,675.0,Parque das NaÃ§Ãµes,Areeiro
110663,110655,0.0,810.0,66.0,2385.0,Penha de FranÃ§a,Areeiro
110664,110655,0.0,13.0,12.0,39.0,Santa Clara,Areeiro
110665,110655,0.0,457.0,727.0,1456.0,Santa Maria Maior,Areeiro
110666,110655,0.0,173.0,227.0,548.0,Santo AntÃ³nio,Areeiro
110667,110655,0.0,75.0,103.0,461.0,SÃ£o Vicente,Areeiro
110601,110656,0.0,13.0,16.0,29.0,Ajuda,Arroios
110602,110656,0.0,82.0,371.0,455.0,AlcÃ¢ntara,Arroios
110607,110656,0.0,111.0,389.0,866.0,Beato,Arroios
110608,110656,0.0,516.0,159.0,807.0,Benfica,Arroios
110610,110656,0.0,128.0,195.0,442.0,Campolide,Arroios
110611,110656,0.0,120.0,576.0,711.0,Carnide,Arroios
110618,110656,0.0,873.0,1325.0,2239.0,Lumiar,Arroios
110621,110656,0.0,1255.0,207.0,1514.0,Marvila,Arroios
110633,110656,19.0,267.0,282.0,568.0,Olivais,Arroios
110639,110656,19.0,619.0,471.0,1211.0,SÃ£o Domingos de Benfica,Arroios
110654,110656,68.0,1566.0,1294.0,3152.0,Alvalade,Arroios
110655,110656,0.0,566.0,192.0,1833.0,Areeiro,Arroios
110656,110656,109.0,1848.0,4872.0,26226.0,Arroios,Arroios
110657,110656,49.0,1305.0,1281.0,5756.0,Avenidas Novas,Arroios
110658,110656,0.0,159.0,116.0,276.0,BelÃ©m,Arroios
110659,110656,0.0,212.0,976.0,1211.0,Campo de Ourique,Arroios
110660,110656,0.0,439.0,298.0,775.0,Estrela,Arroios
110661,110656,18.0,450.0,207.0,791.0,MisericÃ³rdia,Arroios
110662,110656,25.0,325.0,733.0,1101.0,Parque das NaÃ§Ãµes,Arroios
110663,110656,0.0,1461.0,260.0,3841.0,Penha de FranÃ§a,Arroios
110664,110656,6.0,102.0,103.0,267.0,Santa Clara,Arroios
110665,110656,14.0,954.0,1013.0,3916.0,Santa Maria Maior,Arroios
110666,110656,8.0,315.0,670.0,1679.0,Santo AntÃ³nio,Arroios
110667,110656,0.0,259.0,398.0,925.0,SÃ£o Vicente,Arroios
110601,110657,0.0,1140.0,1321.0,3510.0,Ajuda,Avenidas Novas
110602,110657,96.0,609.0,245.0,1972.0,AlcÃ¢ntara,Avenidas Novas
110607,110657,0.0,30.0,87.0,156.0,Beato,Avenidas Novas
110608,110657,14.0,584.0,2170.0,2850.0,Benfica,Avenidas Novas
110610,110657,18.0,2010.0,1159.0,3822.0,Campolide,Avenidas Novas
110611,110657,0.0,318.0,417.0,735.0,Carnide,Avenidas Novas
110618,110657,0.0,3225.0,1842.0,5205.0,Lumiar,Avenidas Novas
110621,110657,0.0,420.0,832.0,1271.0,Marvila,Avenidas Novas
110633,110657,6.0,1083.0,1046.0,2567.0,Olivais,Avenidas Novas
110639,110657,18.0,1199.0,799.0,2126.0,SÃ£o Domingos de Benfica,Avenidas Novas
110654,110657,47.0,2381.0,1303.0,5140.0,Alvalade,Avenidas Novas
110655,110657,0.0,517.0,1071.0,3052.0,Areeiro,Avenidas Novas
110656,110657,36.0,1181.0,1384.0,6078.0,Arroios,Avenidas Novas
110657,110657,26.0,4627.0,2725.0,18643.0,Avenidas Novas,Avenidas Novas
110658,110657,0.0,4273.0,467.0,7849.0,BelÃ©m,Avenidas Novas
110659,110657,0.0,188.0,203.0,416.0,Campo de Ourique,Avenidas Novas
110660,110657,0.0,616.0,1561.0,2188.0,Estrela,Avenidas Novas
110661,110657,0.0,262.0,822.0,1084.0,MisericÃ³rdia,Avenidas Novas
110662,110657,0.0,851.0,506.0,1439.0,Parque das NaÃ§Ãµes,Avenidas Novas
110663,110657,28.0,442.0,986.0,1568.0,Penha de FranÃ§a,Avenidas Novas
110664,110657,0.0,18.0,75.0,112.0,Santa Clara,Avenidas Novas
110665,110657,11.0,213.0,426.0,2055.0,Santa Maria Maior,Avenidas Novas
110666,110657,75.0,959.0,845.0,4244.0,Santo AntÃ³nio,Avenidas Novas
110667,110657,13.0,81.0,127.0,246.0,SÃ£o Vicente,Avenidas Novas
110601,110658,0.0,364.0,32.0,469.0,Ajuda,BelÃ©m
110602,110658,19.0,893.0,262.0,1298.0,AlcÃ¢ntara,BelÃ©m
110607,110658,0.0,38.0,3.0,43.0,Beato,BelÃ©m
110608,110658,0.0,864.0,344.0,1214.0,Benfica,BelÃ©m
110610,110658,0.0,126.0,21.0,180.0,Campolide,BelÃ©m
110611,110658,0.0,361.0,6.0,367.0,Carnide,BelÃ©m
110618,110658,0.0,154.0,367.0,561.0,Lumiar,BelÃ©m
110621,110658,0.0,108.0,40.0,149.0,Marvila,BelÃ©m
110633,110658,0.0,99.0,307.0,406.0,Olivais,BelÃ©m
110639,110658,3.0,887.0,307.0,1197.0,SÃ£o Domingos de Benfica,BelÃ©m
110654,110658,0.0,809.0,104.0,913.0,Alvalade,BelÃ©m
110655,110658,0.0,215.0,46.0,261.0,Areeiro,BelÃ©m
110656,110658,0.0,112.0,66.0,181.0,Arroios,BelÃ©m
110657,110658,0.0,4086.0,760.0,7830.0,Avenidas Novas,BelÃ©m
110658,110658,0.0,1731.0,193.0,3868.0,BelÃ©m,BelÃ©m
110659,110658,0.0,269.0,69.0,345.0,Campo de Ourique,BelÃ©m
110660,110658,0.0,320.0,443.0,1306.0,Estrela,BelÃ©m
110661,110658,52.0,144.0,125.0,321.0,MisericÃ³rdia,BelÃ©m
110662,110658,11.0,93.0,26.0,129.0,Parque das NaÃ§Ãµes,BelÃ©m
110663,110658,0.0,4.0,31.0,34.0,Penha de FranÃ§a,BelÃ©m
110665,110658,3.0,149.0,162.0,321.0,Santa Maria Maior,BelÃ©m
110666,110658,0.0,146.0,32.0,180.0,Santo AntÃ³nio,BelÃ©m
110667,110658,0.0,69.0,42.0,110.0,SÃ£o Vicente,BelÃ©m
110601,110659,0.0,58.0,0.0,175.0,Ajuda,Campo de Ourique
110602,110659,0.0,413.0,159.0,625.0,AlcÃ¢ntara,Campo de Ourique
110607,110659,0.0,0.0,8.0,8.0,Beato,Campo de Ourique
110608,110659,0.0,127.0,38.0,194.0,Benfica,Campo de Ourique
110610,110659,0.0,716.0,113.0,2371.0,Campolide,Campo de Ourique
110611,110659,0.0,240.0,47.0,286.0,Carnide,Campo de Ourique
110618,110659,0.0,151.0,81.0,249.0,Lumiar,Campo de Ourique
110621,110659,0.0,170.0,0.0,170.0,Marvila,Campo de Ourique
110633,110659,0.0,68.0,352.0,420.0,Olivais,Campo de Ourique
110639,110659,0.0,134.0,33.0,167.0,SÃ£o Domingos de Benfica,Campo de Ourique
110654,110659,0.0,103.0,133.0,246.0,Alvalade,Campo de Ourique
110655,110659,0.0,167.0,137.0,304.0,Areeiro,Campo de Ourique
110656,110659,0.0,216.0,505.0,1125.0,Arroios,Campo de Ourique
110657,110659,0.0,327.0,182.0,547.0,Avenidas Novas,Campo de Ourique
110658,110659,0.0,312.0,89.0,410.0,BelÃ©m,Campo de Ourique
110659,110659,0.0,1276.0,1408.0,14491.0,Campo de Ourique,Campo de Ourique
110660,110659,13.0,795.0,534.0,3290.0,Estrela,Campo de Ourique
110661,110659,0.0,131.0,97.0,271.0,MisericÃ³rdia,Campo de Ourique
110662,110659,0.0,209.0,68.0,277.0,Parque das NaÃ§Ãµes,Campo de Ourique
110663,110659,0.0,193.0,396.0,603.0,Penha de FranÃ§a,Campo de Ourique
110664,110659,0.0,0.0,0.0,13.0,Santa Clara,Campo de Ourique
110665,110659,0.0,13.0,240.0,298.0,Santa Maria Maior,Campo de Ourique
110666,110659,0.0,552.0,526.0,1980.0,Santo AntÃ³nio,Campo de Ourique
110667,110659,0.0,321.0,35.0,377.0,SÃ£o Vicente,Campo de Ourique
110601,110660,0.0,84.0,10.0,114.0,Ajuda,Estrela
110602,110660,3.0,1120.0,669.0,2065.0,AlcÃ¢ntara,Estrela
110607,110660,0.0,0.0,293.0,293.0,Beato,Estrela
110608,110660,0.0,234.0,63.0,332.0,Benfica,Estrela
110610,110660,0.0,611.0,531.0,1748.0,Campolide,Estrela
110611,110660,0.0,156.0,31.0,187.0,Carnide,Estrela
110618,110660,0.0,360.0,160.0,555.0,Lumiar,Estrela
110621,110660,0.0,20.0,20.0,40.0,Marvila,Estrela
110633,110660,0.0,109.0,42.0,150.0,Olivais,Estrela
110639,110660,0.0,200.0,90.0,292.0,SÃ£o Domingos de Benfica,Estrela
110654,110660,0.0,407.0,387.0,813.0,Alvalade,Estrela
110655,110660,14.0,106.0,74.0,209.0,Areeiro,Estrela
110656,110660,0.0,473.0,583.0,1106.0,Arroios,Estrela
110657,110660,0.0,966.0,1167.0,2178.0,Avenidas Novas,Estrela
110658,110660,0.0,254.0,941.0,1247.0,BelÃ©m,Estrela
110659,110660,13.0,728.0,910.0,3243.0,Campo de Ourique,Estrela
110660,110660,0.0,967.0,140.0,4844.0,Estrela,Estrela
110661,110660,0.0,297.0,443.0,1369.0,MisericÃ³rdia,Estrela
110662,110660,0.0,101.0,88.0,189.0,Parque das NaÃ§Ãµes,Estrela
110663,110660,0.0,857.0,416.0,1273.0,Penha de FranÃ§a,Estrela
110664,110660,0.0,0.0,7.0,7.0,Santa Clara,Estrela
110665,110660,13.0,715.0,145.0,1349.0,Santa Maria Maior,Estrela
110666,110660,0.0,571.0,245.0,1023.0,Santo AntÃ³nio,Estrela
110667,110660,0.0,39.0,691.0,729.0,SÃ£o Vicente,Estrela
110601,110661,0.0,31.0,74.0,109.0,Ajuda,MisericÃ³rdia
110602,110661,0.0,350.0,1155.0,1508.0,AlcÃ¢ntara,MisericÃ³rdia
110607,110661,0.0,524.0,88.0,886.0,Beato,MisericÃ³rdia
110608,110661,0.0,48.0,103.0,163.0,Benfica,MisericÃ³rdia
110610,110661,0.0,91.0,1176.0,1340.0,Campolide,MisericÃ³rdia
110611,110661,0.0,110.0,108.0,237.0,Carnide,MisericÃ³rdia
110618,110661,0.0,195.0,248.0,458.0,Lumiar,MisericÃ³rdia
110621,110661,0.0,42.0,291.0,348.0,Marvila,MisericÃ³rdia
110633,110661,0.0,849.0,648.0,1496.0,Olivais,MisericÃ³rdia
110639,110661,18.0,220.0,213.0,481.0,SÃ£o Domingos de Benfica,MisericÃ³rdia
110654,110661,0.0,137.0,1298.0,1435.0,Alvalade,MisericÃ³rdia
110655,110661,0.0,496.0,203.0,704.0,Areeiro,MisericÃ³rdia
110656,110661,0.0,586.0,202.0,901.0,Arroios,MisericÃ³rdia
110657,110661,0.0,294.0,654.0,948.0,Avenidas Novas,MisericÃ³rdia
110658,110661,0.0,81.0,125.0,210.0,BelÃ©m,MisericÃ³rdia
110659,110661,0.0,102.0,56.0,298.0,Campo de Ourique,MisericÃ³rdia
110660,110661,0.0,269.0,525.0,2326.0,Estrela,MisericÃ³rdia
110661,110661,0.0,385.0,223.0,3861.0,MisericÃ³rdia,MisericÃ³rdia
110662,110661,0.0,146.0,125.0,284.0,Parque das NaÃ§Ãµes,MisericÃ³rdia
110663,110661,0.0,383.0,87.0,480.0,Penha de FranÃ§a,MisericÃ³rdia
110664,110661,0.0,0.0,0.0,15.0,Santa Clara,MisericÃ³rdia
110665,110661,0.0,45.0,474.0,2435.0,Santa Maria Maior,MisericÃ³rdia
110666,110661,0.0,445.0,1066.0,2526.0,Santo AntÃ³nio,MisericÃ³rdia
110667,110661,31.0,760.0,384.0,1218.0,SÃ£o Vicente,MisericÃ³rdia
110601,110662,0.0,74.0,18.0,92.0,Ajuda,Parque das NaÃ§Ãµes
110602,110662,0.0,81.0,229.0,317.0,AlcÃ¢ntara,Parque das NaÃ§Ãµes
110607,110662,0.0,136.0,710.0,846.0,Beato,Parque das NaÃ§Ãµes
110608,110662,0.0,160.0,161.0,321.0,Benfica,Parque das NaÃ§Ãµes
110610,110662,0.0,157.0,370.0,526.0,Campolide,Parque das NaÃ§Ãµes
110611,110662,29.0,182.0,82.0,293.0,Carnide,Parque das NaÃ§Ãµes
110618,110662,13.0,454.0,445.0,912.0,Lumiar,Parque das NaÃ§Ãµes
110621,110662,0.0,1716.0,1537.0,3551.0,Marvila,Parque das NaÃ§Ãµes
110633,110662,0.0,1715.0,835.0,3358.0,Olivais,Parque das NaÃ§Ãµes
110639,110662,0.0,1014.0,473.0,1487.0,SÃ£o Domingos de Benfica,Parque das NaÃ§Ãµes
110654,110662,4.0,2141.0,621.0,2784.0,Alvalade,Parque das NaÃ§Ãµes
110655,110662,10.0,241.0,234.0,594.0,Areeiro,Parque das NaÃ§Ãµes
110656,110662,25.0,618.0,163.0,824.0,Arroios,Parque das NaÃ§Ãµes
110657,110662,0.0,621.0,509.0,1155.0,Avenidas Novas,Parque das NaÃ§Ãµes
110658,110662,7.0,355.0,16.0,378.0,BelÃ©m,Parque das NaÃ§Ãµes
110659,110662,0.0,164.0,79.0,243.0,Campo de Ourique,Parque das NaÃ§Ãµes
110660,110662,0.0,141.0,49.0,190.0,Estrela,Parque das NaÃ§Ãµes
110661,110662,0.0,103.0,86.0,207.0,MisericÃ³rdia,Parque das NaÃ§Ãµes
110662,110662,83.0,4811.0,949.0,9912.0,Parque das NaÃ§Ãµes,Parque das NaÃ§Ãµes
110663,110662,0.0,254.0,518.0,825.0,Penha de FranÃ§a,Parque das NaÃ§Ãµes
110664,110662,0.0,760.0,335.0,1094.0,Santa Clara,Parque das NaÃ§Ãµes
110665,110662,0.0,87.0,58.0,145.0,Santa Maria Maior,Parque das NaÃ§Ãµes
110666,110662,516.0,274.0,169.0,982.0,Santo AntÃ³nio,Parque das NaÃ§Ãµes
110667,110662,0.0,1331.0,717.0,2048.0,SÃ£o Vicente,Parque das NaÃ§Ãµes
110601,110663,0.0,48.0,21.0,68.0,Ajuda,Penha de FranÃ§a
110602,110663,0.0,32.0,132.0,164.0,AlcÃ¢ntara,Penha de FranÃ§a
110607,110663,0.0,774.0,1132.0,2533.0,Beato,Penha de FranÃ§a
110608,110663,0.0,111.0,455.0,599.0,Benfica,Penha de FranÃ§a
110610,110663,0.0,95.0,34.0,143.0,Campolide,Penha de FranÃ§a
110611,110663,0.0,432.0,13.0,445.0,Carnide,Penha de FranÃ§a
110618,110663,0.0,426.0,866.0,1293.0,Lumiar,Penha de FranÃ§a
110621,110663,0.0,166.0,549.0,989.0,Marvila,Penha de FranÃ§a
110633,110663,0.0,92.0,23.0,115.0,Olivais,Penha de FranÃ§a
110639,110663,0.0,214.0,81.0,313.0,SÃ£o Domingos de Benfica,Penha de FranÃ§a
110654,110663,22.0,1054.0,294.0,2873.0,Alvalade,Penha de FranÃ§a
110655,110663,0.0,818.0,724.0,3004.0,Areeiro,Penha de FranÃ§a
110656,110663,0.0,1417.0,269.0,3150.0,Arroios,Penha de FranÃ§a
110657,110663,15.0,372.0,996.0,1462.0,Avenidas Novas,Penha de FranÃ§a
110658,110663,0.0,4.0,31.0,35.0,BelÃ©m,Penha de FranÃ§a
110659,110663,0.0,121.0,422.0,569.0,Campo de Ourique,Penha de FranÃ§a
110660,110663,0.0,149.0,757.0,918.0,Estrela,Penha de FranÃ§a
110661,110663,0.0,1175.0,99.0,1298.0,MisericÃ³rdia,Penha de FranÃ§a
110662,110663,0.0,259.0,481.0,762.0,Parque das NaÃ§Ãµes,Penha de FranÃ§a
110663,110663,0.0,3268.0,2543.0,13705.0,Penha de FranÃ§a,Penha de FranÃ§a
110664,110663,0.0,0.0,23.0,23.0,Santa Clara,Penha de FranÃ§a
110665,110663,0.0,83.0,464.0,583.0,Santa Maria Maior,Penha de FranÃ§a
110666,110663,0.0,31.0,842.0,924.0,Santo AntÃ³nio,Penha de FranÃ§a
110667,110663,15.0,2330.0,413.0,3860.0,SÃ£o Vicente,Penha de FranÃ§a
110601,110664,0.0,113.0,23.0,136.0,Ajuda,Santa Clara
110602,110664,0.0,0.0,2.0,2.0,AlcÃ¢ntara,Santa Clara
110607,110664,0.0,0.0,273.0,273.0,Beato,Santa Clara
110608,110664,0.0,68.0,131.0,264.0,Benfica,Santa Clara
110610,110664,0.0,28.0,38.0,66.0,Campolide,Santa Clara
110611,110664,0.0,33.0,38.0,71.0,Carnide,Santa Clara
110618,110664,0.0,1307.0,366.0,1971.0,Lumiar,Santa Clara
110621,110664,0.0,23.0,0.0,23.0,Marvila,Santa Clara
110633,110664,0.0,103.0,18.0,122.0,Olivais,Santa Clara
110639,110664,18.0,487.0,128.0,633.0,SÃ£o Domingos de Benfica,Santa Clara
110654,110664,0.0,610.0,218.0,882.0,Alvalade,Santa Clara
110655,110664,0.0,36.0,20.0,84.0,Areeiro,Santa Clara
110656,110664,0.0,142.0,56.0,198.0,Arroios,Santa Clara
110657,110664,0.0,145.0,102.0,247.0,Avenidas Novas,Santa Clara
110658,110664,0.0,36.0,6.0,42.0,BelÃ©m,Santa Clara
110659,110664,0.0,0.0,18.0,31.0,Campo de Ourique,Santa Clara
110660,110664,0.0,107.0,74.0,181.0,Estrela,Santa Clara
110661,110664,0.0,0.0,29.0,29.0,MisericÃ³rdia,Santa Clara
110662,110664,0.0,443.0,320.0,763.0,Parque das NaÃ§Ãµes,Santa Clara
110663,110664,0.0,23.0,23.0,46.0,Penha de FranÃ§a,Santa Clara
110664,110664,0.0,374.0,7.0,1229.0,Santa Clara,Santa Clara
110665,110664,0.0,0.0,32.0,55.0,Santa Maria Maior,Santa Clara
110666,110664,0.0,69.0,36.0,105.0,Santo AntÃ³nio,Santa Clara
110667,110664,0.0,0.0,0.0,12.0,SÃ£o Vicente,Santa Clara
110601,110665,28.0,9.0,69.0,119.0,Ajuda,Santa Maria Maior
110602,110665,0.0,22.0,973.0,1019.0,AlcÃ¢ntara,Santa Maria Maior
110607,110665,0.0,295.0,85.0,380.0,Beato,Santa Maria Maior
110608,110665,0.0,174.0,127.0,336.0,Benfica,Santa Maria Maior
110610,110665,0.0,47.0,532.0,1170.0,Campolide,Santa Maria Maior
110611,110665,0.0,234.0,498.0,732.0,Carnide,Santa Maria Maior
110618,110665,0.0,317.0,577.0,935.0,Lumiar,Santa Maria Maior
110621,110665,0.0,313.0,373.0,711.0,Marvila,Santa Maria Maior
110633,110665,0.0,549.0,432.0,1020.0,Olivais,Santa Maria Maior
110639,110665,0.0,86.0,780.0,1189.0,SÃ£o Domingos de Benfica,Santa Maria Maior
110654,110665,15.0,187.0,891.0,1844.0,Alvalade,Santa Maria Maior
110655,110665,0.0,435.0,957.0,1430.0,Areeiro,Santa Maria Maior
110656,110665,14.0,630.0,903.0,4235.0,Arroios,Santa Maria Maior
110657,110665,0.0,194.0,607.0,1905.0,Avenidas Novas,Santa Maria Maior
110658,110665,0.0,130.0,120.0,258.0,BelÃ©m,Santa Maria Maior
110659,110665,0.0,26.0,197.0,256.0,Campo de Ourique,Santa Maria Maior
110660,110665,13.0,886.0,116.0,1532.0,Estrela,Santa Maria Maior
110661,110665,0.0,58.0,676.0,2397.0,MisericÃ³rdia,Santa Maria Maior
110662,110665,0.0,386.0,74.0,475.0,Parque das NaÃ§Ãµes,Santa Maria Maior
110663,110665,0.0,133.0,752.0,935.0,Penha de FranÃ§a,Santa Maria Maior
110664,110665,0.0,46.0,53.0,122.0,Santa Clara,Santa Maria Maior
110665,110665,0.0,45.0,342.0,7705.0,Santa Maria Maior,Santa Maria Maior
110666,110665,13.0,740.0,704.0,2990.0,Santo AntÃ³nio,Santa Maria Maior
110667,110665,0.0,126.0,375.0,1067.0,SÃ£o Vicente,Santa Maria Maior
110601,110666,0.0,12.0,26.0,43.0,Ajuda,Santo AntÃ³nio
110602,110666,0.0,828.0,404.0,1262.0,AlcÃ¢ntara,Santo AntÃ³nio
110607,110666,0.0,79.0,293.0,372.0,Beato,Santo AntÃ³nio
110608,110666,0.0,288.0,430.0,780.0,Benfica,Santo AntÃ³nio
110610,110666,0.0,398.0,1926.0,4437.0,Campolide,Santo AntÃ³nio
110611,110666,0.0,522.0,286.0,808.0,Carnide,Santo AntÃ³nio
110618,110666,0.0,608.0,960.0,1601.0,Lumiar,Santo AntÃ³nio
110621,110666,31.0,30.0,672.0,746.0,Marvila,Santo AntÃ³nio
110633,110666,0.0,299.0,276.0,635.0,Olivais,Santo AntÃ³nio
110639,110666,0.0,541.0,1899.0,2470.0,SÃ£o Domingos de Benfica,Santo AntÃ³nio
110654,110666,0.0,349.0,474.0,1128.0,Alvalade,Santo AntÃ³nio
110655,110666,0.0,298.0,642.0,1092.0,Areeiro,Santo AntÃ³nio
110656,110666,8.0,217.0,622.0,1598.0,Arroios,Santo AntÃ³nio
110657,110666,59.0,881.0,356.0,3701.0,Avenidas Novas,Santo AntÃ³nio
110658,110666,0.0,132.0,28.0,163.0,BelÃ©m,Santo AntÃ³nio
110659,110666,14.0,957.0,261.0,1970.0,Campo de Ourique,Santo AntÃ³nio
110660,110666,0.0,453.0,154.0,815.0,Estrela,Santo AntÃ³nio
110661,110666,0.0,49.0,427.0,2088.0,MisericÃ³rdia,Santo AntÃ³nio
110662,110666,516.0,580.0,174.0,1293.0,Parque das NaÃ§Ãµes,Santo AntÃ³nio
110663,110666,0.0,495.0,1179.0,1736.0,Penha de FranÃ§a,Santo AntÃ³nio
110664,110666,0.0,73.0,163.0,256.0,Santa Clara,Santo AntÃ³nio
110665,110666,13.0,448.0,893.0,2207.0,Santa Maria Maior,Santo AntÃ³nio
110666,110666,135.0,518.0,1237.0,4158.0,Santo AntÃ³nio,Santo AntÃ³nio
110667,110666,0.0,38.0,108.0,538.0,SÃ£o Vicente,Santo AntÃ³nio
110601,110667,0.0,3.0,6.0,9.0,Ajuda,SÃ£o Vicente
110602,110667,0.0,63.0,0.0,63.0,AlcÃ¢ntara,SÃ£o Vicente
110607,110667,0.0,274.0,16.0,298.0,Beato,SÃ£o Vicente
110608,110667,0.0,12.0,34.0,62.0,Benfica,SÃ£o Vicente
110610,110667,0.0,40.0,82.0,122.0,Campolide,SÃ£o Vicente
110611,110667,0.0,77.0,16.0,93.0,Carnide,SÃ£o Vicente
110618,110667,0.0,135.0,366.0,519.0,Lumiar,SÃ£o Vicente
110621,110667,0.0,34.0,367.0,427.0,Marvila,SÃ£o Vicente
110633,110667,0.0,1272.0,318.0,1590.0,Olivais,SÃ£o Vicente
110639,110667,0.0,93.0,47.0,140.0,SÃ£o Domingos de Benfica,SÃ£o Vicente
110654,110667,18.0,691.0,838.0,1562.0,Alvalade,SÃ£o Vicente
110655,110667,0.0,93.0,30.0,406.0,Areeiro,SÃ£o Vicente
110656,110667,31.0,111.0,466.0,811.0,Arroios,SÃ£o Vicente
110657,110667,0.0,149.0,525.0,712.0,Avenidas Novas,SÃ£o Vicente
110658,110667,0.0,32.0,29.0,61.0,BelÃ©m,SÃ£o Vicente
110659,110667,0.0,321.0,26.0,380.0,Campo de Ourique,SÃ£o Vicente
110660,110667,0.0,144.0,611.0,756.0,Estrela,SÃ£o Vicente
110661,110667,13.0,466.0,1021.0,1596.0,MisericÃ³rdia,SÃ£o Vicente
110662,110667,0.0,1330.0,684.0,2014.0,Parque das NaÃ§Ãµes,SÃ£o Vicente
110663,110667,15.0,1639.0,72.0,2835.0,Penha de FranÃ§a,SÃ£o Vicente
110664,110667,0.0,0.0,18.0,30.0,Santa Clara,SÃ£o Vicente
110665,110667,0.0,414.0,849.0,1786.0,Santa Maria Maior,SÃ£o Vicente
110666,110667,0.0,83.0,60.0,161.0,Santo AntÃ³nio,SÃ£o Vicente
110667,110667,0.0,3168.0,101.0,7707.0,SÃ£o Vicente,SÃ£o Vicente
