Region_of_Origin|District_of_Origin|County_of_Origin|Period|GenderDescription|AgeClassDescription|Average_BusUsers_per_Day
"R1 - AM Lisboa"|"Lisboa"|"Amadora"|"Sep-19 to Feb-20"|"Female"|"15-24"|294.194206
"R1 - AM Lisboa"|"Lisboa"|"Amadora"|"Sep-19 to Feb-20"|"Female"|"25-34"|1081.652817
"R1 - AM Lisboa"|"Lisboa"|"Amadora"|"Sep-19 to Feb-20"|"Female"|"35-44"|235.836653
"R1 - AM Lisboa"|"Lisboa"|"Amadora"|"Sep-19 to Feb-20"|"Female"|"45-54"|840.951323
"R1 - AM Lisboa"|"Lisboa"|"Amadora"|"Sep-19 to Feb-20"|"Female"|"55-64"|1216.148092
"R1 - AM Lisboa"|"Lisboa"|"Amadora"|"Sep-19 to Feb-20"|"Male"|"15-24"|1148.427051
"R1 - AM Lisboa"|"Lisboa"|"Amadora"|"Sep-19 to Feb-20"|"Male"|"25-34"|421.940180
"R1 - AM Lisboa"|"Lisboa"|"Amadora"|"Sep-19 to Feb-20"|"Male"|"35-44"|137.697607
"R1 - AM Lisboa"|"Lisboa"|"Amadora"|"Sep-19 to Feb-20"|"Male"|"45-54"|617.693161
"R1 - AM Lisboa"|"Lisboa"|"Amadora"|"Sep-19 to Feb-20"|"Male"|"55-64"|867.481913
"R1 - AM Lisboa"|"Lisboa"|"Amadora"|"Sep-19 to Feb-20"|"Male"|"65+"|1612.851365
"R1 - AM Lisboa"|"Lisboa"|"Cascais"|"Sep-19 to Feb-20"|"Female"|"15-24"|745.379537
"R1 - AM Lisboa"|"Lisboa"|"Cascais"|"Sep-19 to Feb-20"|"Female"|"25-34"|919.144204
"R1 - AM Lisboa"|"Lisboa"|"Cascais"|"Sep-19 to Feb-20"|"Female"|"35-44"|816.414391
"R1 - AM Lisboa"|"Lisboa"|"Cascais"|"Sep-19 to Feb-20"|"Female"|"45-54"|970.140963
"R1 - AM Lisboa"|"Lisboa"|"Cascais"|"Sep-19 to Feb-20"|"Female"|"55-64"|756.408177
"R1 - AM Lisboa"|"Lisboa"|"Cascais"|"Sep-19 to Feb-20"|"Female"|"65+"|2017.333975
"R1 - AM Lisboa"|"Lisboa"|"Cascais"|"Sep-19 to Feb-20"|"Male"|"15-24"|4548.093582
"R1 - AM Lisboa"|"Lisboa"|"Cascais"|"Sep-19 to Feb-20"|"Male"|"25-34"|298.292615
"R1 - AM Lisboa"|"Lisboa"|"Cascais"|"Sep-19 to Feb-20"|"Male"|"35-44"|439.301423
"R1 - AM Lisboa"|"Lisboa"|"Cascais"|"Sep-19 to Feb-20"|"Male"|"45-54"|690.807533
"R1 - AM Lisboa"|"Lisboa"|"Cascais"|"Sep-19 to Feb-20"|"Male"|"55-64"|822.493709
"R1 - AM Lisboa"|"Lisboa"|"Lisboa"|"Sep-19 to Feb-20"|"Female"|"15-24"|2622.526139
"R1 - AM Lisboa"|"Lisboa"|"Lisboa"|"Sep-19 to Feb-20"|"Female"|"25-34"|1505.189142
"R1 - AM Lisboa"|"Lisboa"|"Lisboa"|"Sep-19 to Feb-20"|"Female"|"35-44"|1021.261465
"R1 - AM Lisboa"|"Lisboa"|"Lisboa"|"Sep-19 to Feb-20"|"Female"|"45-54"|1217.651233
"R1 - AM Lisboa"|"Lisboa"|"Lisboa"|"Sep-19 to Feb-20"|"Female"|"55-64"|2407.573978
"R1 - AM Lisboa"|"Lisboa"|"Lisboa"|"Sep-19 to Feb-20"|"Female"|"65+"|4955.503747
"R1 - AM Lisboa"|"Lisboa"|"Lisboa"|"Sep-19 to Feb-20"|"Male"|"15-24"|3061.885495
"R1 - AM Lisboa"|"Lisboa"|"Lisboa"|"Sep-19 to Feb-20"|"Male"|"25-34"|2919.594549
"R1 - AM Lisboa"|"Lisboa"|"Lisboa"|"Sep-19 to Feb-20"|"Male"|"35-44"|1289.676418
"R1 - AM Lisboa"|"Lisboa"|"Lisboa"|"Sep-19 to Feb-20"|"Male"|"45-54"|1041.699059
"R1 - AM Lisboa"|"Lisboa"|"Lisboa"|"Sep-19 to Feb-20"|"Male"|"55-64"|1714.973185
"R1 - AM Lisboa"|"Lisboa"|"Lisboa"|"Sep-19 to Feb-20"|"Male"|"65+"|4116.755355
"R1 - AM Lisboa"|"Lisboa"|"Loures"|"Sep-19 to Feb-20"|"Female"|"15-24"|2529.941678
"R1 - AM Lisboa"|"Lisboa"|"Loures"|"Sep-19 to Feb-20"|"Female"|"25-34"|866.086815
"R1 - AM Lisboa"|"Lisboa"|"Loures"|"Sep-19 to Feb-20"|"Female"|"35-44"|817.834735
"R1 - AM Lisboa"|"Lisboa"|"Loures"|"Sep-19 to Feb-20"|"Female"|"45-54"|292.304178
"R1 - AM Lisboa"|"Lisboa"|"Loures"|"Sep-19 to Feb-20"|"Female"|"55-64"|264.211066
"R1 - AM Lisboa"|"Lisboa"|"Loures"|"Sep-19 to Feb-20"|"Female"|"65+"|147.474840
"R1 - AM Lisboa"|"Lisboa"|"Loures"|"Sep-19 to Feb-20"|"Male"|"15-24"|115.773418
"R1 - AM Lisboa"|"Lisboa"|"Loures"|"Sep-19 to Feb-20"|"Male"|"25-34"|117.599576
"R1 - AM Lisboa"|"Lisboa"|"Loures"|"Sep-19 to Feb-20"|"Male"|"35-44"|452.760878
"R1 - AM Lisboa"|"Lisboa"|"Loures"|"Sep-19 to Feb-20"|"Male"|"45-54"|774.207928
"R1 - AM Lisboa"|"Lisboa"|"Loures"|"Sep-19 to Feb-20"|"Male"|"55-64"|2105.541715
"R1 - AM Lisboa"|"Lisboa"|"Mafra"|"Sep-19 to Feb-20"|"Female"|"15-24"|384.745532
"R1 - AM Lisboa"|"Lisboa"|"Mafra"|"Sep-19 to Feb-20"|"Female"|"25-34"|121.575760
"R1 - AM Lisboa"|"Lisboa"|"Mafra"|"Sep-19 to Feb-20"|"Female"|"35-44"|1615.902979
"R1 - AM Lisboa"|"Lisboa"|"Mafra"|"Sep-19 to Feb-20"|"Female"|"45-54"|249.054524
"R1 - AM Lisboa"|"Lisboa"|"Mafra"|"Sep-19 to Feb-20"|"Male"|"15-24"|116.974878
"R1 - AM Lisboa"|"Lisboa"|"Mafra"|"Sep-19 to Feb-20"|"Male"|"25-34"|432.498117
"R1 - AM Lisboa"|"Lisboa"|"Mafra"|"Sep-19 to Feb-20"|"Male"|"35-44"|23.104181
"R1 - AM Lisboa"|"Lisboa"|"Mafra"|"Sep-19 to Feb-20"|"Male"|"45-54"|166.322924
"R1 - AM Lisboa"|"Lisboa"|"Mafra"|"Sep-19 to Feb-20"|"Male"|"55-64"|273.979757
"R1 - AM Lisboa"|"Lisboa"|"Mafra"|"Sep-19 to Feb-20"|"Male"|"65+"|1217.088440
"R1 - AM Lisboa"|"Lisboa"|"Odivelas"|"Sep-19 to Feb-20"|"Female"|"15-24"|965.790017
"R1 - AM Lisboa"|"Lisboa"|"Odivelas"|"Sep-19 to Feb-20"|"Female"|"25-34"|461.725149
"R1 - AM Lisboa"|"Lisboa"|"Odivelas"|"Sep-19 to Feb-20"|"Female"|"35-44"|653.928959
"R1 - AM Lisboa"|"Lisboa"|"Odivelas"|"Sep-19 to Feb-20"|"Female"|"45-54"|1724.795552
"R1 - AM Lisboa"|"Lisboa"|"Odivelas"|"Sep-19 to Feb-20"|"Female"|"55-64"|816.338215
"R1 - AM Lisboa"|"Lisboa"|"Odivelas"|"Sep-19 to Feb-20"|"Male"|"25-34"|1405.963201
"R1 - AM Lisboa"|"Lisboa"|"Odivelas"|"Sep-19 to Feb-20"|"Male"|"35-44"|1683.830909
"R1 - AM Lisboa"|"Lisboa"|"Odivelas"|"Sep-19 to Feb-20"|"Male"|"45-54"|2040.400332
"R1 - AM Lisboa"|"Lisboa"|"Odivelas"|"Sep-19 to Feb-20"|"Male"|"55-64"|2031.494335
"R1 - AM Lisboa"|"Lisboa"|"Odivelas"|"Sep-19 to Feb-20"|"Male"|"65+"|5441.109494
"R1 - AM Lisboa"|"Lisboa"|"Oeiras"|"Sep-19 to Feb-20"|"Female"|"15-24"|2068.685107
"R1 - AM Lisboa"|"Lisboa"|"Oeiras"|"Sep-19 to Feb-20"|"Female"|"25-34"|21.863276
"R1 - AM Lisboa"|"Lisboa"|"Oeiras"|"Sep-19 to Feb-20"|"Female"|"35-44"|335.828948
"R1 - AM Lisboa"|"Lisboa"|"Oeiras"|"Sep-19 to Feb-20"|"Female"|"45-54"|1184.322816
"R1 - AM Lisboa"|"Lisboa"|"Oeiras"|"Sep-19 to Feb-20"|"Female"|"55-64"|3560.659986
"R1 - AM Lisboa"|"Lisboa"|"Oeiras"|"Sep-19 to Feb-20"|"Female"|"65+"|2264.585254
"R1 - AM Lisboa"|"Lisboa"|"Oeiras"|"Sep-19 to Feb-20"|"Male"|"25-34"|1126.049729
"R1 - AM Lisboa"|"Lisboa"|"Oeiras"|"Sep-19 to Feb-20"|"Male"|"35-44"|1341.769467
"R1 - AM Lisboa"|"Lisboa"|"Oeiras"|"Sep-19 to Feb-20"|"Male"|"45-54"|695.774521
"R1 - AM Lisboa"|"Lisboa"|"Oeiras"|"Sep-19 to Feb-20"|"Male"|"55-64"|1525.267809
"R1 - AM Lisboa"|"Lisboa"|"Oeiras"|"Sep-19 to Feb-20"|"Male"|"65+"|9574.868536
"R1 - AM Lisboa"|"Lisboa"|"Sintra"|"Sep-19 to Feb-20"|"Female"|"15-24"|809.491342
"R1 - AM Lisboa"|"Lisboa"|"Sintra"|"Sep-19 to Feb-20"|"Female"|"25-34"|702.876310
"R1 - AM Lisboa"|"Lisboa"|"Sintra"|"Sep-19 to Feb-20"|"Female"|"35-44"|1067.548506
"R1 - AM Lisboa"|"Lisboa"|"Sintra"|"Sep-19 to Feb-20"|"Female"|"45-54"|628.884637
"R1 - AM Lisboa"|"Lisboa"|"Sintra"|"Sep-19 to Feb-20"|"Female"|"55-64"|575.924467
"R1 - AM Lisboa"|"Lisboa"|"Sintra"|"Sep-19 to Feb-20"|"Female"|"65+"|341.166005
"R1 - AM Lisboa"|"Lisboa"|"Sintra"|"Sep-19 to Feb-20"|"Male"|"15-24"|1039.448490
"R1 - AM Lisboa"|"Lisboa"|"Sintra"|"Sep-19 to Feb-20"|"Male"|"25-34"|514.157731
"R1 - AM Lisboa"|"Lisboa"|"Sintra"|"Sep-19 to Feb-20"|"Male"|"35-44"|560.391065
"R1 - AM Lisboa"|"Lisboa"|"Sintra"|"Sep-19 to Feb-20"|"Male"|"45-54"|724.617493
"R1 - AM Lisboa"|"Lisboa"|"Sintra"|"Sep-19 to Feb-20"|"Male"|"55-64"|822.201267
"R1 - AM Lisboa"|"Lisboa"|"Sintra"|"Sep-19 to Feb-20"|"Male"|"65+"|371.207607
"R1 - AM Lisboa"|"Lisboa"|"Vila Franca de Xira"|"Sep-19 to Feb-20"|"Female"|"15-24"|1526.050605
"R1 - AM Lisboa"|"Lisboa"|"Vila Franca de Xira"|"Sep-19 to Feb-20"|"Female"|"25-34"|57.097292
"R1 - AM Lisboa"|"Lisboa"|"Vila Franca de Xira"|"Sep-19 to Feb-20"|"Female"|"35-44"|467.533246
"R1 - AM Lisboa"|"Lisboa"|"Vila Franca de Xira"|"Sep-19 to Feb-20"|"Female"|"45-54"|703.039153
"R1 - AM Lisboa"|"Lisboa"|"Vila Franca de Xira"|"Sep-19 to Feb-20"|"Female"|"55-64"|967.153277
"R1 - AM Lisboa"|"Lisboa"|"Vila Franca de Xira"|"Sep-19 to Feb-20"|"Female"|"65+"|598.696931
"R1 - AM Lisboa"|"Lisboa"|"Vila Franca de Xira"|"Sep-19 to Feb-20"|"Male"|"25-34"|791.983677
"R1 - AM Lisboa"|"Lisboa"|"Vila Franca de Xira"|"Sep-19 to Feb-20"|"Male"|"35-44"|137.425488
"R1 - AM Lisboa"|"Lisboa"|"Vila Franca de Xira"|"Sep-19 to Feb-20"|"Male"|"45-54"|534.709075
"R1 - AM Lisboa"|"Lisboa"|"Vila Franca de Xira"|"Sep-19 to Feb-20"|"Male"|"55-64"|141.556626
"R1 - AM Lisboa"|"Lisboa"|"Vila Franca de Xira"|"Sep-19 to Feb-20"|"Male"|"65+"|4619.763109
"R1 - AM Lisboa"|"Setúbal"|"Alcochete"|"Sep-19 to Feb-20"|"Female"|"25-34"|47.734735
"R1 - AM Lisboa"|"Setúbal"|"Alcochete"|"Sep-19 to Feb-20"|"Female"|"45-54"|42.712664
"R1 - AM Lisboa"|"Setúbal"|"Alcochete"|"Sep-19 to Feb-20"|"Male"|"35-44"|148.504551
"R1 - AM Lisboa"|"Setúbal"|"Almada"|"Sep-19 to Feb-20"|"Female"|"15-24"|76.985260
"R1 - AM Lisboa"|"Setúbal"|"Almada"|"Sep-19 to Feb-20"|"Female"|"25-34"|529.797711
"R1 - AM Lisboa"|"Setúbal"|"Almada"|"Sep-19 to Feb-20"|"Female"|"35-44"|1113.117185
"R1 - AM Lisboa"|"Setúbal"|"Almada"|"Sep-19 to Feb-20"|"Female"|"45-54"|701.945176
"R1 - AM Lisboa"|"Setúbal"|"Almada"|"Sep-19 to Feb-20"|"Female"|"55-64"|1539.058170
"R1 - AM Lisboa"|"Setúbal"|"Almada"|"Sep-19 to Feb-20"|"Male"|"15-24"|1140.502352
"R1 - AM Lisboa"|"Setúbal"|"Almada"|"Sep-19 to Feb-20"|"Male"|"25-34"|17.528597
"R1 - AM Lisboa"|"Setúbal"|"Almada"|"Sep-19 to Feb-20"|"Male"|"35-44"|567.133667
"R1 - AM Lisboa"|"Setúbal"|"Almada"|"Sep-19 to Feb-20"|"Male"|"45-54"|734.437908
"R1 - AM Lisboa"|"Setúbal"|"Almada"|"Sep-19 to Feb-20"|"Male"|"55-64"|1153.217952
"R1 - AM Lisboa"|"Setúbal"|"Almada"|"Sep-19 to Feb-20"|"Male"|"65+"|754.478639
"R1 - AM Lisboa"|"Setúbal"|"Barreiro"|"Sep-19 to Feb-20"|"Female"|"25-34"|154.142963
"R1 - AM Lisboa"|"Setúbal"|"Barreiro"|"Sep-19 to Feb-20"|"Female"|"35-44"|216.209564
"R1 - AM Lisboa"|"Setúbal"|"Barreiro"|"Sep-19 to Feb-20"|"Female"|"45-54"|142.916866
"R1 - AM Lisboa"|"Setúbal"|"Barreiro"|"Sep-19 to Feb-20"|"Female"|"55-64"|592.699020
"R1 - AM Lisboa"|"Setúbal"|"Barreiro"|"Sep-19 to Feb-20"|"Female"|"65+"|6863.508899
"R1 - AM Lisboa"|"Setúbal"|"Barreiro"|"Sep-19 to Feb-20"|"Male"|"25-34"|250.727837
"R1 - AM Lisboa"|"Setúbal"|"Barreiro"|"Sep-19 to Feb-20"|"Male"|"35-44"|269.762879
"R1 - AM Lisboa"|"Setúbal"|"Barreiro"|"Sep-19 to Feb-20"|"Male"|"45-54"|159.137107
"R1 - AM Lisboa"|"Setúbal"|"Barreiro"|"Sep-19 to Feb-20"|"Male"|"55-64"|138.424940
"R1 - AM Lisboa"|"Setúbal"|"Moita"|"Sep-19 to Feb-20"|"Female"|"15-24"|25.139772
"R1 - AM Lisboa"|"Setúbal"|"Moita"|"Sep-19 to Feb-20"|"Female"|"35-44"|1126.283479
"R1 - AM Lisboa"|"Setúbal"|"Moita"|"Sep-19 to Feb-20"|"Female"|"45-54"|251.447252
"R1 - AM Lisboa"|"Setúbal"|"Moita"|"Sep-19 to Feb-20"|"Male"|"15-24"|411.245640
"R1 - AM Lisboa"|"Setúbal"|"Moita"|"Sep-19 to Feb-20"|"Male"|"45-54"|335.032273
"R1 - AM Lisboa"|"Setúbal"|"Moita"|"Sep-19 to Feb-20"|"Male"|"55-64"|17.028465
"R1 - AM Lisboa"|"Setúbal"|"Montijo"|"Sep-19 to Feb-20"|"Female"|"35-44"|65.504612
"R1 - AM Lisboa"|"Setúbal"|"Montijo"|"Sep-19 to Feb-20"|"Female"|"45-54"|33.591196
"R1 - AM Lisboa"|"Setúbal"|"Montijo"|"Sep-19 to Feb-20"|"Male"|"25-34"|602.079344
"R1 - AM Lisboa"|"Setúbal"|"Montijo"|"Sep-19 to Feb-20"|"Male"|"35-44"|217.440708
"R1 - AM Lisboa"|"Setúbal"|"Montijo"|"Sep-19 to Feb-20"|"Male"|"45-54"|747.404025
"R1 - AM Lisboa"|"Setúbal"|"Montijo"|"Sep-19 to Feb-20"|"Male"|"55-64"|224.170080
"R1 - AM Lisboa"|"Setúbal"|"Palmela"|"Sep-19 to Feb-20"|"Female"|"25-34"|28.561207
"R1 - AM Lisboa"|"Setúbal"|"Palmela"|"Sep-19 to Feb-20"|"Female"|"35-44"|78.456020
"R1 - AM Lisboa"|"Setúbal"|"Palmela"|"Sep-19 to Feb-20"|"Female"|"45-54"|698.500461
"R1 - AM Lisboa"|"Setúbal"|"Palmela"|"Sep-19 to Feb-20"|"Female"|"55-64"|978.140462
"R1 - AM Lisboa"|"Setúbal"|"Palmela"|"Sep-19 to Feb-20"|"Female"|"65+"|2484.065644
"R1 - AM Lisboa"|"Setúbal"|"Palmela"|"Sep-19 to Feb-20"|"Male"|"35-44"|15.544175
"R1 - AM Lisboa"|"Setúbal"|"Palmela"|"Sep-19 to Feb-20"|"Male"|"45-54"|170.105533
"R1 - AM Lisboa"|"Setúbal"|"Palmela"|"Sep-19 to Feb-20"|"Male"|"55-64"|17.659149
"R1 - AM Lisboa"|"Setúbal"|"Seixal"|"Sep-19 to Feb-20"|"Female"|"15-24"|1659.214870
"R1 - AM Lisboa"|"Setúbal"|"Seixal"|"Sep-19 to Feb-20"|"Female"|"25-34"|526.222318
"R1 - AM Lisboa"|"Setúbal"|"Seixal"|"Sep-19 to Feb-20"|"Female"|"35-44"|430.854109
"R1 - AM Lisboa"|"Setúbal"|"Seixal"|"Sep-19 to Feb-20"|"Female"|"45-54"|532.982647
"R1 - AM Lisboa"|"Setúbal"|"Seixal"|"Sep-19 to Feb-20"|"Female"|"55-64"|236.728677
"R1 - AM Lisboa"|"Setúbal"|"Seixal"|"Sep-19 to Feb-20"|"Female"|"65+"|3368.063491
"R1 - AM Lisboa"|"Setúbal"|"Seixal"|"Sep-19 to Feb-20"|"Male"|"15-24"|37.697725
"R1 - AM Lisboa"|"Setúbal"|"Seixal"|"Sep-19 to Feb-20"|"Male"|"25-34"|1964.138353
"R1 - AM Lisboa"|"Setúbal"|"Seixal"|"Sep-19 to Feb-20"|"Male"|"35-44"|98.771815
"R1 - AM Lisboa"|"Setúbal"|"Seixal"|"Sep-19 to Feb-20"|"Male"|"45-54"|538.247601
"R1 - AM Lisboa"|"Setúbal"|"Seixal"|"Sep-19 to Feb-20"|"Male"|"55-64"|1141.757788
"R1 - AM Lisboa"|"Setúbal"|"Sesimbra"|"Sep-19 to Feb-20"|"Female"|"35-44"|186.003027
"R1 - AM Lisboa"|"Setúbal"|"Sesimbra"|"Sep-19 to Feb-20"|"Female"|"45-54"|130.390426
"R1 - AM Lisboa"|"Setúbal"|"Sesimbra"|"Sep-19 to Feb-20"|"Female"|"65+"|67.916045
"R1 - AM Lisboa"|"Setúbal"|"Sesimbra"|"Sep-19 to Feb-20"|"Male"|"25-34"|110.870067
"R1 - AM Lisboa"|"Setúbal"|"Sesimbra"|"Sep-19 to Feb-20"|"Male"|"35-44"|191.243758
"R1 - AM Lisboa"|"Setúbal"|"Setúbal"|"Sep-19 to Feb-20"|"Female"|"25-34"|331.657285
"R1 - AM Lisboa"|"Setúbal"|"Setúbal"|"Sep-19 to Feb-20"|"Female"|"35-44"|105.175159
"R1 - AM Lisboa"|"Setúbal"|"Setúbal"|"Sep-19 to Feb-20"|"Female"|"45-54"|740.266994
"R1 - AM Lisboa"|"Setúbal"|"Setúbal"|"Sep-19 to Feb-20"|"Female"|"65+"|442.945625
"R1 - AM Lisboa"|"Setúbal"|"Setúbal"|"Sep-19 to Feb-20"|"Male"|"25-34"|310.902223
"R1 - AM Lisboa"|"Setúbal"|"Setúbal"|"Sep-19 to Feb-20"|"Male"|"35-44"|219.090928
"R1 - AM Lisboa"|"Setúbal"|"Setúbal"|"Sep-19 to Feb-20"|"Male"|"45-54"|292.351649
"R1 - AM Lisboa"|"Setúbal"|"Setúbal"|"Sep-19 to Feb-20"|"Male"|"55-64"|2306.435434
"R2 - AM Porto"|"Aveiro"|"Espinho"|"Sep-19 to Feb-20"|"Female"|"25-34"|282.382257
"R2 - AM Porto"|"Aveiro"|"Espinho"|"Sep-19 to Feb-20"|"Female"|"35-44"|112.209066
"R2 - AM Porto"|"Aveiro"|"Espinho"|"Sep-19 to Feb-20"|"Male"|"25-34"|324.282029
"R2 - AM Porto"|"Aveiro"|"Oliveira de Azeméis"|"Sep-19 to Feb-20"|"Female"|"25-34"|30.498730
"R2 - AM Porto"|"Aveiro"|"Oliveira de Azeméis"|"Sep-19 to Feb-20"|"Female"|"35-44"|227.205005
"R2 - AM Porto"|"Aveiro"|"Oliveira de Azeméis"|"Sep-19 to Feb-20"|"Male"|"15-24"|2532.403842
"R2 - AM Porto"|"Aveiro"|"Oliveira de Azeméis"|"Sep-19 to Feb-20"|"Male"|"35-44"|26.800140
"R2 - AM Porto"|"Aveiro"|"Santa Maria da Feira"|"Sep-19 to Feb-20"|"Female"|"25-34"|153.751464
"R2 - AM Porto"|"Aveiro"|"Santa Maria da Feira"|"Sep-19 to Feb-20"|"Female"|"35-44"|860.110131
"R2 - AM Porto"|"Aveiro"|"Santa Maria da Feira"|"Sep-19 to Feb-20"|"Female"|"45-54"|67.578262
"R2 - AM Porto"|"Aveiro"|"Santa Maria da Feira"|"Sep-19 to Feb-20"|"Male"|"15-24"|290.768477
"R2 - AM Porto"|"Aveiro"|"Santa Maria da Feira"|"Sep-19 to Feb-20"|"Male"|"25-34"|734.897731
"R2 - AM Porto"|"Aveiro"|"Santa Maria da Feira"|"Sep-19 to Feb-20"|"Male"|"35-44"|130.878587
"R2 - AM Porto"|"Aveiro"|"Santa Maria da Feira"|"Sep-19 to Feb-20"|"Male"|"45-54"|268.190888
"R2 - AM Porto"|"Porto"|"Gondomar"|"Sep-19 to Feb-20"|"Female"|"15-24"|572.388784
"R2 - AM Porto"|"Porto"|"Gondomar"|"Sep-19 to Feb-20"|"Female"|"25-34"|343.643229
"R2 - AM Porto"|"Porto"|"Gondomar"|"Sep-19 to Feb-20"|"Female"|"35-44"|847.476573
"R2 - AM Porto"|"Porto"|"Gondomar"|"Sep-19 to Feb-20"|"Female"|"45-54"|832.964612
"R2 - AM Porto"|"Porto"|"Gondomar"|"Sep-19 to Feb-20"|"Female"|"65+"|66882.208463
"R2 - AM Porto"|"Porto"|"Gondomar"|"Sep-19 to Feb-20"|"Male"|"15-24"|49.269538
"R2 - AM Porto"|"Porto"|"Gondomar"|"Sep-19 to Feb-20"|"Male"|"25-34"|882.342028
"R2 - AM Porto"|"Porto"|"Gondomar"|"Sep-19 to Feb-20"|"Male"|"35-44"|342.153100
"R2 - AM Porto"|"Porto"|"Gondomar"|"Sep-19 to Feb-20"|"Male"|"45-54"|1549.784064
"R2 - AM Porto"|"Porto"|"Gondomar"|"Sep-19 to Feb-20"|"Male"|"55-64"|3561.840350
"R2 - AM Porto"|"Porto"|"Gondomar"|"Sep-19 to Feb-20"|"Male"|"65+"|7947.050672
"R2 - AM Porto"|"Porto"|"Maia"|"Sep-19 to Feb-20"|"Female"|"15-24"|476.873417
"R2 - AM Porto"|"Porto"|"Maia"|"Sep-19 to Feb-20"|"Female"|"25-34"|2126.358371
"R2 - AM Porto"|"Porto"|"Maia"|"Sep-19 to Feb-20"|"Female"|"35-44"|243.403020
"R2 - AM Porto"|"Porto"|"Maia"|"Sep-19 to Feb-20"|"Female"|"45-54"|814.760142
"R2 - AM Porto"|"Porto"|"Maia"|"Sep-19 to Feb-20"|"Female"|"55-64"|49.697015
"R2 - AM Porto"|"Porto"|"Maia"|"Sep-19 to Feb-20"|"Female"|"65+"|1421.823252
"R2 - AM Porto"|"Porto"|"Maia"|"Sep-19 to Feb-20"|"Male"|"15-24"|565.371422
"R2 - AM Porto"|"Porto"|"Maia"|"Sep-19 to Feb-20"|"Male"|"35-44"|1011.329388
"R2 - AM Porto"|"Porto"|"Maia"|"Sep-19 to Feb-20"|"Male"|"45-54"|611.142998
"R2 - AM Porto"|"Porto"|"Maia"|"Sep-19 to Feb-20"|"Male"|"55-64"|2368.864346
"R2 - AM Porto"|"Porto"|"Maia"|"Sep-19 to Feb-20"|"Male"|"65+"|38731.005027
"R2 - AM Porto"|"Porto"|"Matosinhos"|"Sep-19 to Feb-20"|"Female"|"25-34"|2379.340342
"R2 - AM Porto"|"Porto"|"Matosinhos"|"Sep-19 to Feb-20"|"Female"|"35-44"|290.607320
"R2 - AM Porto"|"Porto"|"Matosinhos"|"Sep-19 to Feb-20"|"Female"|"45-54"|3124.936903
"R2 - AM Porto"|"Porto"|"Matosinhos"|"Sep-19 to Feb-20"|"Female"|"55-64"|5938.059939
"R2 - AM Porto"|"Porto"|"Matosinhos"|"Sep-19 to Feb-20"|"Male"|"15-24"|781.200941
"R2 - AM Porto"|"Porto"|"Matosinhos"|"Sep-19 to Feb-20"|"Male"|"35-44"|556.539150
"R2 - AM Porto"|"Porto"|"Matosinhos"|"Sep-19 to Feb-20"|"Male"|"45-54"|2313.694450
"R2 - AM Porto"|"Porto"|"Matosinhos"|"Sep-19 to Feb-20"|"Male"|"55-64"|780.904930
"R2 - AM Porto"|"Porto"|"Paredes"|"Sep-19 to Feb-20"|"Female"|"35-44"|381.711442
"R2 - AM Porto"|"Porto"|"Paredes"|"Sep-19 to Feb-20"|"Male"|"25-34"|274.555628
"R2 - AM Porto"|"Porto"|"Paredes"|"Sep-19 to Feb-20"|"Male"|"35-44"|99.506985
"R2 - AM Porto"|"Porto"|"Porto"|"Sep-19 to Feb-20"|"Female"|"15-24"|341.998863
"R2 - AM Porto"|"Porto"|"Porto"|"Sep-19 to Feb-20"|"Female"|"25-34"|987.620247
"R2 - AM Porto"|"Porto"|"Porto"|"Sep-19 to Feb-20"|"Female"|"35-44"|891.159557
"R2 - AM Porto"|"Porto"|"Porto"|"Sep-19 to Feb-20"|"Female"|"45-54"|3870.204082
"R2 - AM Porto"|"Porto"|"Porto"|"Sep-19 to Feb-20"|"Female"|"55-64"|6762.320821
"R2 - AM Porto"|"Porto"|"Porto"|"Sep-19 to Feb-20"|"Female"|"65+"|11774.918453
"R2 - AM Porto"|"Porto"|"Porto"|"Sep-19 to Feb-20"|"Male"|"15-24"|27.958507
"R2 - AM Porto"|"Porto"|"Porto"|"Sep-19 to Feb-20"|"Male"|"25-34"|3898.766393
"R2 - AM Porto"|"Porto"|"Porto"|"Sep-19 to Feb-20"|"Male"|"35-44"|1425.301241
"R2 - AM Porto"|"Porto"|"Porto"|"Sep-19 to Feb-20"|"Male"|"45-54"|3409.967677
"R2 - AM Porto"|"Porto"|"Porto"|"Sep-19 to Feb-20"|"Male"|"55-64"|897.575261
"R2 - AM Porto"|"Porto"|"Porto"|"Sep-19 to Feb-20"|"Male"|"65+"|13509.241837
"R2 - AM Porto"|"Porto"|"Póvoa de Varzim"|"Sep-19 to Feb-20"|"Female"|"35-44"|176.362802
"R2 - AM Porto"|"Porto"|"Póvoa de Varzim"|"Sep-19 to Feb-20"|"Female"|"45-54"|388.604836
"R2 - AM Porto"|"Porto"|"Póvoa de Varzim"|"Sep-19 to Feb-20"|"Male"|"25-34"|154.871189
"R2 - AM Porto"|"Porto"|"Póvoa de Varzim"|"Sep-19 to Feb-20"|"Male"|"35-44"|1376.448442
"R2 - AM Porto"|"Porto"|"Santo Tirso"|"Sep-19 to Feb-20"|"Female"|"35-44"|42.763319
"R2 - AM Porto"|"Porto"|"Santo Tirso"|"Sep-19 to Feb-20"|"Male"|"35-44"|11.846070
"R2 - AM Porto"|"Porto"|"Santo Tirso"|"Sep-19 to Feb-20"|"Male"|"55-64"|42.605597
"R2 - AM Porto"|"Porto"|"Trofa"|"Sep-19 to Feb-20"|"Female"|"25-34"|141.067454
"R2 - AM Porto"|"Porto"|"Trofa"|"Sep-19 to Feb-20"|"Female"|"35-44"|33.109745
"R2 - AM Porto"|"Porto"|"Trofa"|"Sep-19 to Feb-20"|"Male"|"35-44"|20.843524
"R2 - AM Porto"|"Porto"|"Trofa"|"Sep-19 to Feb-20"|"Male"|"45-54"|790.439395
"R2 - AM Porto"|"Porto"|"Valongo"|"Sep-19 to Feb-20"|"Female"|"35-44"|923.894241
"R2 - AM Porto"|"Porto"|"Valongo"|"Sep-19 to Feb-20"|"Male"|"15-24"|1813.704207
"R2 - AM Porto"|"Porto"|"Valongo"|"Sep-19 to Feb-20"|"Male"|"25-34"|27.625672
"R2 - AM Porto"|"Porto"|"Valongo"|"Sep-19 to Feb-20"|"Male"|"35-44"|172.499403
"R2 - AM Porto"|"Porto"|"Valongo"|"Sep-19 to Feb-20"|"Male"|"45-54"|143.210606
"R2 - AM Porto"|"Porto"|"Valongo"|"Sep-19 to Feb-20"|"Male"|"65+"|1473.349749
"R2 - AM Porto"|"Porto"|"Vila do Conde"|"Sep-19 to Feb-20"|"Female"|"25-34"|335.380123
"R2 - AM Porto"|"Porto"|"Vila do Conde"|"Sep-19 to Feb-20"|"Female"|"35-44"|144.469939
"R2 - AM Porto"|"Porto"|"Vila do Conde"|"Sep-19 to Feb-20"|"Male"|"45-54"|76.945089
"R2 - AM Porto"|"Porto"|"Vila Nova de Gaia"|"Sep-19 to Feb-20"|"Female"|"15-24"|822.786723
"R2 - AM Porto"|"Porto"|"Vila Nova de Gaia"|"Sep-19 to Feb-20"|"Female"|"25-34"|1425.094293
"R2 - AM Porto"|"Porto"|"Vila Nova de Gaia"|"Sep-19 to Feb-20"|"Female"|"35-44"|308.322475
"R2 - AM Porto"|"Porto"|"Vila Nova de Gaia"|"Sep-19 to Feb-20"|"Female"|"45-54"|4427.626949
"R2 - AM Porto"|"Porto"|"Vila Nova de Gaia"|"Sep-19 to Feb-20"|"Female"|"55-64"|2097.128620
"R2 - AM Porto"|"Porto"|"Vila Nova de Gaia"|"Sep-19 to Feb-20"|"Male"|"15-24"|5240.719161
"R2 - AM Porto"|"Porto"|"Vila Nova de Gaia"|"Sep-19 to Feb-20"|"Male"|"25-34"|282.736504
"R2 - AM Porto"|"Porto"|"Vila Nova de Gaia"|"Sep-19 to Feb-20"|"Male"|"35-44"|883.557355
"R2 - AM Porto"|"Porto"|"Vila Nova de Gaia"|"Sep-19 to Feb-20"|"Male"|"45-54"|1788.376244
"R2 - AM Porto"|"Porto"|"Vila Nova de Gaia"|"Sep-19 to Feb-20"|"Male"|"55-64"|21.943108
"R1 - AM Lisboa"|"Lisboa"|"Amadora"|"Sep-20 to Jan-21"|"Female"|"15-24"|536.005174
"R1 - AM Lisboa"|"Lisboa"|"Amadora"|"Sep-20 to Jan-21"|"Female"|"25-34"|408.068335
"R1 - AM Lisboa"|"Lisboa"|"Amadora"|"Sep-20 to Jan-21"|"Female"|"35-44"|478.337192
"R1 - AM Lisboa"|"Lisboa"|"Amadora"|"Sep-20 to Jan-21"|"Female"|"45-54"|571.192813
"R1 - AM Lisboa"|"Lisboa"|"Amadora"|"Sep-20 to Jan-21"|"Female"|"55-64"|741.072367
"R1 - AM Lisboa"|"Lisboa"|"Amadora"|"Sep-20 to Jan-21"|"Female"|"65+"|72.443781
"R1 - AM Lisboa"|"Lisboa"|"Amadora"|"Sep-20 to Jan-21"|"Male"|"15-24"|647.053324
"R1 - AM Lisboa"|"Lisboa"|"Amadora"|"Sep-20 to Jan-21"|"Male"|"25-34"|263.166885
"R1 - AM Lisboa"|"Lisboa"|"Amadora"|"Sep-20 to Jan-21"|"Male"|"35-44"|723.561851
"R1 - AM Lisboa"|"Lisboa"|"Amadora"|"Sep-20 to Jan-21"|"Male"|"45-54"|794.108294
"R1 - AM Lisboa"|"Lisboa"|"Amadora"|"Sep-20 to Jan-21"|"Male"|"55-64"|658.293137
"R1 - AM Lisboa"|"Lisboa"|"Amadora"|"Sep-20 to Jan-21"|"Male"|"65+"|1092.593480
"R1 - AM Lisboa"|"Lisboa"|"Cascais"|"Sep-20 to Jan-21"|"Female"|"15-24"|352.976908
"R1 - AM Lisboa"|"Lisboa"|"Cascais"|"Sep-20 to Jan-21"|"Female"|"25-34"|496.352956
"R1 - AM Lisboa"|"Lisboa"|"Cascais"|"Sep-20 to Jan-21"|"Female"|"35-44"|451.279131
"R1 - AM Lisboa"|"Lisboa"|"Cascais"|"Sep-20 to Jan-21"|"Female"|"45-54"|670.410921
"R1 - AM Lisboa"|"Lisboa"|"Cascais"|"Sep-20 to Jan-21"|"Female"|"55-64"|345.732856
"R1 - AM Lisboa"|"Lisboa"|"Cascais"|"Sep-20 to Jan-21"|"Female"|"65+"|1308.845537
"R1 - AM Lisboa"|"Lisboa"|"Cascais"|"Sep-20 to Jan-21"|"Male"|"15-24"|1253.409603
"R1 - AM Lisboa"|"Lisboa"|"Cascais"|"Sep-20 to Jan-21"|"Male"|"25-34"|446.840084
"R1 - AM Lisboa"|"Lisboa"|"Cascais"|"Sep-20 to Jan-21"|"Male"|"35-44"|251.980385
"R1 - AM Lisboa"|"Lisboa"|"Cascais"|"Sep-20 to Jan-21"|"Male"|"45-54"|572.718581
"R1 - AM Lisboa"|"Lisboa"|"Cascais"|"Sep-20 to Jan-21"|"Male"|"55-64"|487.652569
"R1 - AM Lisboa"|"Lisboa"|"Cascais"|"Sep-20 to Jan-21"|"Male"|"65+"|54.954584
"R1 - AM Lisboa"|"Lisboa"|"Lisboa"|"Sep-20 to Jan-21"|"Female"|"15-24"|669.444330
"R1 - AM Lisboa"|"Lisboa"|"Lisboa"|"Sep-20 to Jan-21"|"Female"|"25-34"|735.866683
"R1 - AM Lisboa"|"Lisboa"|"Lisboa"|"Sep-20 to Jan-21"|"Female"|"35-44"|507.994453
"R1 - AM Lisboa"|"Lisboa"|"Lisboa"|"Sep-20 to Jan-21"|"Female"|"45-54"|783.473925
"R1 - AM Lisboa"|"Lisboa"|"Lisboa"|"Sep-20 to Jan-21"|"Female"|"55-64"|1190.245303
"R1 - AM Lisboa"|"Lisboa"|"Lisboa"|"Sep-20 to Jan-21"|"Female"|"65+"|5225.804785
"R1 - AM Lisboa"|"Lisboa"|"Lisboa"|"Sep-20 to Jan-21"|"Male"|"15-24"|1579.620589
"R1 - AM Lisboa"|"Lisboa"|"Lisboa"|"Sep-20 to Jan-21"|"Male"|"25-34"|890.302313
"R1 - AM Lisboa"|"Lisboa"|"Lisboa"|"Sep-20 to Jan-21"|"Male"|"35-44"|1073.288753
"R1 - AM Lisboa"|"Lisboa"|"Lisboa"|"Sep-20 to Jan-21"|"Male"|"45-54"|887.183426
"R1 - AM Lisboa"|"Lisboa"|"Lisboa"|"Sep-20 to Jan-21"|"Male"|"55-64"|1019.611822
"R1 - AM Lisboa"|"Lisboa"|"Lisboa"|"Sep-20 to Jan-21"|"Male"|"65+"|3190.436995
"R1 - AM Lisboa"|"Lisboa"|"Loures"|"Sep-20 to Jan-21"|"Female"|"15-24"|522.762132
"R1 - AM Lisboa"|"Lisboa"|"Loures"|"Sep-20 to Jan-21"|"Female"|"25-34"|551.103224
"R1 - AM Lisboa"|"Lisboa"|"Loures"|"Sep-20 to Jan-21"|"Female"|"35-44"|364.604477
"R1 - AM Lisboa"|"Lisboa"|"Loures"|"Sep-20 to Jan-21"|"Female"|"45-54"|337.300594
"R1 - AM Lisboa"|"Lisboa"|"Loures"|"Sep-20 to Jan-21"|"Female"|"55-64"|993.680701
"R1 - AM Lisboa"|"Lisboa"|"Loures"|"Sep-20 to Jan-21"|"Female"|"65+"|702.814481
"R1 - AM Lisboa"|"Lisboa"|"Loures"|"Sep-20 to Jan-21"|"Male"|"15-24"|278.755283
"R1 - AM Lisboa"|"Lisboa"|"Loures"|"Sep-20 to Jan-21"|"Male"|"25-34"|61.714735
"R1 - AM Lisboa"|"Lisboa"|"Loures"|"Sep-20 to Jan-21"|"Male"|"35-44"|327.270328
"R1 - AM Lisboa"|"Lisboa"|"Loures"|"Sep-20 to Jan-21"|"Male"|"45-54"|837.000484
"R1 - AM Lisboa"|"Lisboa"|"Loures"|"Sep-20 to Jan-21"|"Male"|"55-64"|900.549645
"R1 - AM Lisboa"|"Lisboa"|"Mafra"|"Sep-20 to Jan-21"|"Female"|"15-24"|235.614199
"R1 - AM Lisboa"|"Lisboa"|"Mafra"|"Sep-20 to Jan-21"|"Female"|"25-34"|99.578167
"R1 - AM Lisboa"|"Lisboa"|"Mafra"|"Sep-20 to Jan-21"|"Female"|"35-44"|687.519859
"R1 - AM Lisboa"|"Lisboa"|"Mafra"|"Sep-20 to Jan-21"|"Female"|"45-54"|106.871656
"R1 - AM Lisboa"|"Lisboa"|"Mafra"|"Sep-20 to Jan-21"|"Male"|"25-34"|24.345274
"R1 - AM Lisboa"|"Lisboa"|"Mafra"|"Sep-20 to Jan-21"|"Male"|"45-54"|140.797652
"R1 - AM Lisboa"|"Lisboa"|"Mafra"|"Sep-20 to Jan-21"|"Male"|"55-64"|231.502177
"R1 - AM Lisboa"|"Lisboa"|"Odivelas"|"Sep-20 to Jan-21"|"Female"|"15-24"|68.708021
"R1 - AM Lisboa"|"Lisboa"|"Odivelas"|"Sep-20 to Jan-21"|"Female"|"25-34"|399.204807
"R1 - AM Lisboa"|"Lisboa"|"Odivelas"|"Sep-20 to Jan-21"|"Female"|"35-44"|248.894478
"R1 - AM Lisboa"|"Lisboa"|"Odivelas"|"Sep-20 to Jan-21"|"Female"|"45-54"|1072.038786
"R1 - AM Lisboa"|"Lisboa"|"Odivelas"|"Sep-20 to Jan-21"|"Female"|"55-64"|381.784371
"R1 - AM Lisboa"|"Lisboa"|"Odivelas"|"Sep-20 to Jan-21"|"Male"|"15-24"|1161.784715
"R1 - AM Lisboa"|"Lisboa"|"Odivelas"|"Sep-20 to Jan-21"|"Male"|"25-34"|562.412264
"R1 - AM Lisboa"|"Lisboa"|"Odivelas"|"Sep-20 to Jan-21"|"Male"|"35-44"|856.137798
"R1 - AM Lisboa"|"Lisboa"|"Odivelas"|"Sep-20 to Jan-21"|"Male"|"45-54"|1795.937845
"R1 - AM Lisboa"|"Lisboa"|"Odivelas"|"Sep-20 to Jan-21"|"Male"|"55-64"|1203.607999
"R1 - AM Lisboa"|"Lisboa"|"Odivelas"|"Sep-20 to Jan-21"|"Male"|"65+"|4068.798434
"R1 - AM Lisboa"|"Lisboa"|"Oeiras"|"Sep-20 to Jan-21"|"Female"|"15-24"|752.878878
"R1 - AM Lisboa"|"Lisboa"|"Oeiras"|"Sep-20 to Jan-21"|"Female"|"25-34"|447.437221
"R1 - AM Lisboa"|"Lisboa"|"Oeiras"|"Sep-20 to Jan-21"|"Female"|"35-44"|483.736599
"R1 - AM Lisboa"|"Lisboa"|"Oeiras"|"Sep-20 to Jan-21"|"Female"|"45-54"|831.124275
"R1 - AM Lisboa"|"Lisboa"|"Oeiras"|"Sep-20 to Jan-21"|"Female"|"55-64"|2724.852228
"R1 - AM Lisboa"|"Lisboa"|"Oeiras"|"Sep-20 to Jan-21"|"Female"|"65+"|4091.999075
"R1 - AM Lisboa"|"Lisboa"|"Oeiras"|"Sep-20 to Jan-21"|"Male"|"15-24"|711.068098
"R1 - AM Lisboa"|"Lisboa"|"Oeiras"|"Sep-20 to Jan-21"|"Male"|"25-34"|662.735255
"R1 - AM Lisboa"|"Lisboa"|"Oeiras"|"Sep-20 to Jan-21"|"Male"|"35-44"|1060.274170
"R1 - AM Lisboa"|"Lisboa"|"Oeiras"|"Sep-20 to Jan-21"|"Male"|"45-54"|412.675608
"R1 - AM Lisboa"|"Lisboa"|"Oeiras"|"Sep-20 to Jan-21"|"Male"|"55-64"|691.536551
"R1 - AM Lisboa"|"Lisboa"|"Oeiras"|"Sep-20 to Jan-21"|"Male"|"65+"|6687.302831
"R1 - AM Lisboa"|"Lisboa"|"Sintra"|"Sep-20 to Jan-21"|"Female"|"15-24"|594.458243
"R1 - AM Lisboa"|"Lisboa"|"Sintra"|"Sep-20 to Jan-21"|"Female"|"25-34"|203.358189
"R1 - AM Lisboa"|"Lisboa"|"Sintra"|"Sep-20 to Jan-21"|"Female"|"35-44"|491.407433
"R1 - AM Lisboa"|"Lisboa"|"Sintra"|"Sep-20 to Jan-21"|"Female"|"45-54"|363.386502
"R1 - AM Lisboa"|"Lisboa"|"Sintra"|"Sep-20 to Jan-21"|"Female"|"55-64"|446.947950
"R1 - AM Lisboa"|"Lisboa"|"Sintra"|"Sep-20 to Jan-21"|"Female"|"65+"|390.656267
"R1 - AM Lisboa"|"Lisboa"|"Sintra"|"Sep-20 to Jan-21"|"Male"|"15-24"|305.868343
"R1 - AM Lisboa"|"Lisboa"|"Sintra"|"Sep-20 to Jan-21"|"Male"|"25-34"|651.750341
"R1 - AM Lisboa"|"Lisboa"|"Sintra"|"Sep-20 to Jan-21"|"Male"|"35-44"|379.330656
"R1 - AM Lisboa"|"Lisboa"|"Sintra"|"Sep-20 to Jan-21"|"Male"|"45-54"|542.275502
"R1 - AM Lisboa"|"Lisboa"|"Sintra"|"Sep-20 to Jan-21"|"Male"|"55-64"|608.485062
"R1 - AM Lisboa"|"Lisboa"|"Sintra"|"Sep-20 to Jan-21"|"Male"|"65+"|167.942964
"R1 - AM Lisboa"|"Lisboa"|"Vila Franca de Xira"|"Sep-20 to Jan-21"|"Female"|"15-24"|354.397869
"R1 - AM Lisboa"|"Lisboa"|"Vila Franca de Xira"|"Sep-20 to Jan-21"|"Female"|"25-34"|54.592288
"R1 - AM Lisboa"|"Lisboa"|"Vila Franca de Xira"|"Sep-20 to Jan-21"|"Female"|"35-44"|281.478873
"R1 - AM Lisboa"|"Lisboa"|"Vila Franca de Xira"|"Sep-20 to Jan-21"|"Female"|"45-54"|543.432164
"R1 - AM Lisboa"|"Lisboa"|"Vila Franca de Xira"|"Sep-20 to Jan-21"|"Female"|"55-64"|877.417957
"R1 - AM Lisboa"|"Lisboa"|"Vila Franca de Xira"|"Sep-20 to Jan-21"|"Female"|"65+"|500.904232
"R1 - AM Lisboa"|"Lisboa"|"Vila Franca de Xira"|"Sep-20 to Jan-21"|"Male"|"25-34"|226.283182
"R1 - AM Lisboa"|"Lisboa"|"Vila Franca de Xira"|"Sep-20 to Jan-21"|"Male"|"35-44"|124.491722
"R1 - AM Lisboa"|"Lisboa"|"Vila Franca de Xira"|"Sep-20 to Jan-21"|"Male"|"45-54"|308.432718
"R1 - AM Lisboa"|"Lisboa"|"Vila Franca de Xira"|"Sep-20 to Jan-21"|"Male"|"55-64"|693.873061
"R1 - AM Lisboa"|"Lisboa"|"Vila Franca de Xira"|"Sep-20 to Jan-21"|"Male"|"65+"|1733.700675
"R1 - AM Lisboa"|"Setúbal"|"Alcochete"|"Sep-20 to Jan-21"|"Female"|"55-64"|34.201745
"R1 - AM Lisboa"|"Setúbal"|"Alcochete"|"Sep-20 to Jan-21"|"Male"|"35-44"|157.793211
"R1 - AM Lisboa"|"Setúbal"|"Alcochete"|"Sep-20 to Jan-21"|"Male"|"55-64"|37.446537
"R1 - AM Lisboa"|"Setúbal"|"Almada"|"Sep-20 to Jan-21"|"Female"|"15-24"|184.171509
"R1 - AM Lisboa"|"Setúbal"|"Almada"|"Sep-20 to Jan-21"|"Female"|"25-34"|405.646595
"R1 - AM Lisboa"|"Setúbal"|"Almada"|"Sep-20 to Jan-21"|"Female"|"35-44"|479.574256
"R1 - AM Lisboa"|"Setúbal"|"Almada"|"Sep-20 to Jan-21"|"Female"|"45-54"|321.825519
"R1 - AM Lisboa"|"Setúbal"|"Almada"|"Sep-20 to Jan-21"|"Female"|"55-64"|675.965262
"R1 - AM Lisboa"|"Setúbal"|"Almada"|"Sep-20 to Jan-21"|"Male"|"15-24"|381.950580
"R1 - AM Lisboa"|"Setúbal"|"Almada"|"Sep-20 to Jan-21"|"Male"|"25-34"|497.588139
"R1 - AM Lisboa"|"Setúbal"|"Almada"|"Sep-20 to Jan-21"|"Male"|"35-44"|768.014057
"R1 - AM Lisboa"|"Setúbal"|"Almada"|"Sep-20 to Jan-21"|"Male"|"45-54"|589.356141
"R1 - AM Lisboa"|"Setúbal"|"Almada"|"Sep-20 to Jan-21"|"Male"|"55-64"|1059.492103
"R1 - AM Lisboa"|"Setúbal"|"Almada"|"Sep-20 to Jan-21"|"Male"|"65+"|1903.343342
"R1 - AM Lisboa"|"Setúbal"|"Barreiro"|"Sep-20 to Jan-21"|"Female"|"25-34"|58.338982
"R1 - AM Lisboa"|"Setúbal"|"Barreiro"|"Sep-20 to Jan-21"|"Female"|"35-44"|180.985328
"R1 - AM Lisboa"|"Setúbal"|"Barreiro"|"Sep-20 to Jan-21"|"Female"|"45-54"|61.886259
"R1 - AM Lisboa"|"Setúbal"|"Barreiro"|"Sep-20 to Jan-21"|"Female"|"55-64"|25.425953
"R1 - AM Lisboa"|"Setúbal"|"Barreiro"|"Sep-20 to Jan-21"|"Female"|"65+"|4419.364506
"R1 - AM Lisboa"|"Setúbal"|"Barreiro"|"Sep-20 to Jan-21"|"Male"|"15-24"|481.840792
"R1 - AM Lisboa"|"Setúbal"|"Barreiro"|"Sep-20 to Jan-21"|"Male"|"35-44"|77.071636
"R1 - AM Lisboa"|"Setúbal"|"Barreiro"|"Sep-20 to Jan-21"|"Male"|"45-54"|31.283509
"R1 - AM Lisboa"|"Setúbal"|"Barreiro"|"Sep-20 to Jan-21"|"Male"|"55-64"|372.782113
"R1 - AM Lisboa"|"Setúbal"|"Moita"|"Sep-20 to Jan-21"|"Female"|"15-24"|46.483293
"R1 - AM Lisboa"|"Setúbal"|"Moita"|"Sep-20 to Jan-21"|"Female"|"25-34"|238.880918
"R1 - AM Lisboa"|"Setúbal"|"Moita"|"Sep-20 to Jan-21"|"Female"|"35-44"|408.352184
"R1 - AM Lisboa"|"Setúbal"|"Moita"|"Sep-20 to Jan-21"|"Female"|"45-54"|216.272346
"R1 - AM Lisboa"|"Setúbal"|"Moita"|"Sep-20 to Jan-21"|"Male"|"25-34"|637.360526
"R1 - AM Lisboa"|"Setúbal"|"Moita"|"Sep-20 to Jan-21"|"Male"|"45-54"|52.656256
"R1 - AM Lisboa"|"Setúbal"|"Moita"|"Sep-20 to Jan-21"|"Male"|"55-64"|12.547290
"R1 - AM Lisboa"|"Setúbal"|"Montijo"|"Sep-20 to Jan-21"|"Female"|"25-34"|52.056546
"R1 - AM Lisboa"|"Setúbal"|"Montijo"|"Sep-20 to Jan-21"|"Female"|"35-44"|317.566534
"R1 - AM Lisboa"|"Setúbal"|"Montijo"|"Sep-20 to Jan-21"|"Female"|"45-54"|24.223909
"R1 - AM Lisboa"|"Setúbal"|"Montijo"|"Sep-20 to Jan-21"|"Male"|"25-34"|130.896738
"R1 - AM Lisboa"|"Setúbal"|"Montijo"|"Sep-20 to Jan-21"|"Male"|"35-44"|229.471387
"R1 - AM Lisboa"|"Setúbal"|"Montijo"|"Sep-20 to Jan-21"|"Male"|"45-54"|550.762281
"R1 - AM Lisboa"|"Setúbal"|"Montijo"|"Sep-20 to Jan-21"|"Male"|"55-64"|135.071610
"R1 - AM Lisboa"|"Setúbal"|"Montijo"|"Sep-20 to Jan-21"|"Male"|"65+"|48.085261
"R1 - AM Lisboa"|"Setúbal"|"Palmela"|"Sep-20 to Jan-21"|"Female"|"15-24"|88.725945
"R1 - AM Lisboa"|"Setúbal"|"Palmela"|"Sep-20 to Jan-21"|"Female"|"35-44"|58.125920
"R1 - AM Lisboa"|"Setúbal"|"Palmela"|"Sep-20 to Jan-21"|"Female"|"45-54"|294.628607
"R1 - AM Lisboa"|"Setúbal"|"Palmela"|"Sep-20 to Jan-21"|"Female"|"55-64"|779.082536
"R1 - AM Lisboa"|"Setúbal"|"Palmela"|"Sep-20 to Jan-21"|"Female"|"65+"|1340.854459
"R1 - AM Lisboa"|"Setúbal"|"Palmela"|"Sep-20 to Jan-21"|"Male"|"35-44"|19.304863
"R1 - AM Lisboa"|"Setúbal"|"Palmela"|"Sep-20 to Jan-21"|"Male"|"45-54"|80.862133
"R1 - AM Lisboa"|"Setúbal"|"Seixal"|"Sep-20 to Jan-21"|"Female"|"15-24"|1025.281174
"R1 - AM Lisboa"|"Setúbal"|"Seixal"|"Sep-20 to Jan-21"|"Female"|"25-34"|379.832737
"R1 - AM Lisboa"|"Setúbal"|"Seixal"|"Sep-20 to Jan-21"|"Female"|"35-44"|333.981558
"R1 - AM Lisboa"|"Setúbal"|"Seixal"|"Sep-20 to Jan-21"|"Female"|"45-54"|324.845624
"R1 - AM Lisboa"|"Setúbal"|"Seixal"|"Sep-20 to Jan-21"|"Female"|"55-64"|221.363489
"R1 - AM Lisboa"|"Setúbal"|"Seixal"|"Sep-20 to Jan-21"|"Female"|"65+"|4219.519987
"R1 - AM Lisboa"|"Setúbal"|"Seixal"|"Sep-20 to Jan-21"|"Male"|"15-24"|1631.340763
"R1 - AM Lisboa"|"Setúbal"|"Seixal"|"Sep-20 to Jan-21"|"Male"|"25-34"|924.934533
"R1 - AM Lisboa"|"Setúbal"|"Seixal"|"Sep-20 to Jan-21"|"Male"|"35-44"|138.548953
"R1 - AM Lisboa"|"Setúbal"|"Seixal"|"Sep-20 to Jan-21"|"Male"|"45-54"|278.121570
"R1 - AM Lisboa"|"Setúbal"|"Seixal"|"Sep-20 to Jan-21"|"Male"|"55-64"|1118.729895
"R1 - AM Lisboa"|"Setúbal"|"Seixal"|"Sep-20 to Jan-21"|"Male"|"65+"|148.167257
"R1 - AM Lisboa"|"Setúbal"|"Sesimbra"|"Sep-20 to Jan-21"|"Female"|"15-24"|326.970181
"R1 - AM Lisboa"|"Setúbal"|"Sesimbra"|"Sep-20 to Jan-21"|"Female"|"35-44"|111.245333
"R1 - AM Lisboa"|"Setúbal"|"Sesimbra"|"Sep-20 to Jan-21"|"Female"|"45-54"|324.337211
"R1 - AM Lisboa"|"Setúbal"|"Sesimbra"|"Sep-20 to Jan-21"|"Female"|"55-64"|137.655749
"R1 - AM Lisboa"|"Setúbal"|"Sesimbra"|"Sep-20 to Jan-21"|"Male"|"25-34"|98.708200
"R1 - AM Lisboa"|"Setúbal"|"Sesimbra"|"Sep-20 to Jan-21"|"Male"|"35-44"|112.852114
"R1 - AM Lisboa"|"Setúbal"|"Sesimbra"|"Sep-20 to Jan-21"|"Male"|"45-54"|51.372117
"R1 - AM Lisboa"|"Setúbal"|"Setúbal"|"Sep-20 to Jan-21"|"Female"|"15-24"|550.225080
"R1 - AM Lisboa"|"Setúbal"|"Setúbal"|"Sep-20 to Jan-21"|"Female"|"25-34"|207.029232
"R1 - AM Lisboa"|"Setúbal"|"Setúbal"|"Sep-20 to Jan-21"|"Female"|"35-44"|52.058988
"R1 - AM Lisboa"|"Setúbal"|"Setúbal"|"Sep-20 to Jan-21"|"Female"|"45-54"|586.863611
"R1 - AM Lisboa"|"Setúbal"|"Setúbal"|"Sep-20 to Jan-21"|"Female"|"65+"|543.328358
"R1 - AM Lisboa"|"Setúbal"|"Setúbal"|"Sep-20 to Jan-21"|"Male"|"25-34"|193.713440
"R1 - AM Lisboa"|"Setúbal"|"Setúbal"|"Sep-20 to Jan-21"|"Male"|"35-44"|98.191236
"R1 - AM Lisboa"|"Setúbal"|"Setúbal"|"Sep-20 to Jan-21"|"Male"|"45-54"|224.709442
"R1 - AM Lisboa"|"Setúbal"|"Setúbal"|"Sep-20 to Jan-21"|"Male"|"55-64"|395.212643
"R2 - AM Porto"|"Aveiro"|"Arouca"|"Sep-20 to Jan-21"|"Male"|"35-44"|7.725698
"R2 - AM Porto"|"Aveiro"|"Espinho"|"Sep-20 to Jan-21"|"Female"|"25-34"|104.283311
"R2 - AM Porto"|"Aveiro"|"Espinho"|"Sep-20 to Jan-21"|"Female"|"35-44"|75.527831
"R2 - AM Porto"|"Aveiro"|"Espinho"|"Sep-20 to Jan-21"|"Female"|"55-64"|45.366934
"R2 - AM Porto"|"Aveiro"|"Espinho"|"Sep-20 to Jan-21"|"Male"|"25-34"|197.786218
"R2 - AM Porto"|"Aveiro"|"Oliveira de Azeméis"|"Sep-20 to Jan-21"|"Female"|"35-44"|86.906370
"R2 - AM Porto"|"Aveiro"|"Oliveira de Azeméis"|"Sep-20 to Jan-21"|"Male"|"15-24"|456.186621
"R2 - AM Porto"|"Aveiro"|"Oliveira de Azeméis"|"Sep-20 to Jan-21"|"Male"|"25-34"|89.039966
"R2 - AM Porto"|"Aveiro"|"Oliveira de Azeméis"|"Sep-20 to Jan-21"|"Male"|"35-44"|63.123921
"R2 - AM Porto"|"Aveiro"|"Santa Maria da Feira"|"Sep-20 to Jan-21"|"Female"|"15-24"|105.282267
"R2 - AM Porto"|"Aveiro"|"Santa Maria da Feira"|"Sep-20 to Jan-21"|"Female"|"25-34"|5.514983
"R2 - AM Porto"|"Aveiro"|"Santa Maria da Feira"|"Sep-20 to Jan-21"|"Female"|"35-44"|472.485425
"R2 - AM Porto"|"Aveiro"|"Santa Maria da Feira"|"Sep-20 to Jan-21"|"Female"|"45-54"|55.051250
"R2 - AM Porto"|"Aveiro"|"Santa Maria da Feira"|"Sep-20 to Jan-21"|"Male"|"15-24"|951.633743
"R2 - AM Porto"|"Aveiro"|"Santa Maria da Feira"|"Sep-20 to Jan-21"|"Male"|"25-34"|356.715170
"R2 - AM Porto"|"Aveiro"|"Santa Maria da Feira"|"Sep-20 to Jan-21"|"Male"|"35-44"|98.005992
"R2 - AM Porto"|"Aveiro"|"Santa Maria da Feira"|"Sep-20 to Jan-21"|"Male"|"45-54"|190.449031
"R2 - AM Porto"|"Aveiro"|"Santa Maria da Feira"|"Sep-20 to Jan-21"|"Male"|"55-64"|66.325100
"R2 - AM Porto"|"Aveiro"|"São João da Madeira"|"Sep-20 to Jan-21"|"Female"|"25-34"|34.994699
"R2 - AM Porto"|"Aveiro"|"São João da Madeira"|"Sep-20 to Jan-21"|"Female"|"35-44"|5.985889
"R2 - AM Porto"|"Aveiro"|"São João da Madeira"|"Sep-20 to Jan-21"|"Male"|"35-44"|24.960494
"R2 - AM Porto"|"Aveiro"|"Vale de Cambra"|"Sep-20 to Jan-21"|"Female"|"35-44"|11.664908
"R2 - AM Porto"|"Aveiro"|"Vale de Cambra"|"Sep-20 to Jan-21"|"Male"|"65+"|2458.667434
"R2 - AM Porto"|"Porto"|"Gondomar"|"Sep-20 to Jan-21"|"Female"|"15-24"|634.479167
"R2 - AM Porto"|"Porto"|"Gondomar"|"Sep-20 to Jan-21"|"Female"|"25-34"|220.325623
"R2 - AM Porto"|"Porto"|"Gondomar"|"Sep-20 to Jan-21"|"Female"|"35-44"|428.213359
"R2 - AM Porto"|"Porto"|"Gondomar"|"Sep-20 to Jan-21"|"Female"|"45-54"|661.464687
"R2 - AM Porto"|"Porto"|"Gondomar"|"Sep-20 to Jan-21"|"Female"|"55-64"|22.087562
"R2 - AM Porto"|"Porto"|"Gondomar"|"Sep-20 to Jan-21"|"Female"|"65+"|34406.417961
"R2 - AM Porto"|"Porto"|"Gondomar"|"Sep-20 to Jan-21"|"Male"|"15-24"|126.654141
"R2 - AM Porto"|"Porto"|"Gondomar"|"Sep-20 to Jan-21"|"Male"|"25-34"|607.201512
"R2 - AM Porto"|"Porto"|"Gondomar"|"Sep-20 to Jan-21"|"Male"|"35-44"|163.913975
"R2 - AM Porto"|"Porto"|"Gondomar"|"Sep-20 to Jan-21"|"Male"|"45-54"|593.235609
"R2 - AM Porto"|"Porto"|"Gondomar"|"Sep-20 to Jan-21"|"Male"|"55-64"|2257.790977
"R2 - AM Porto"|"Porto"|"Gondomar"|"Sep-20 to Jan-21"|"Male"|"65+"|3504.809322
"R2 - AM Porto"|"Porto"|"Maia"|"Sep-20 to Jan-21"|"Female"|"15-24"|458.625209
"R2 - AM Porto"|"Porto"|"Maia"|"Sep-20 to Jan-21"|"Female"|"25-34"|640.869203
"R2 - AM Porto"|"Porto"|"Maia"|"Sep-20 to Jan-21"|"Female"|"35-44"|138.791331
"R2 - AM Porto"|"Porto"|"Maia"|"Sep-20 to Jan-21"|"Female"|"45-54"|1205.591396
"R2 - AM Porto"|"Porto"|"Maia"|"Sep-20 to Jan-21"|"Female"|"55-64"|414.680964
"R2 - AM Porto"|"Porto"|"Maia"|"Sep-20 to Jan-21"|"Female"|"65+"|3087.379969
"R2 - AM Porto"|"Porto"|"Maia"|"Sep-20 to Jan-21"|"Male"|"15-24"|218.028919
"R2 - AM Porto"|"Porto"|"Maia"|"Sep-20 to Jan-21"|"Male"|"25-34"|1502.522974
"R2 - AM Porto"|"Porto"|"Maia"|"Sep-20 to Jan-21"|"Male"|"35-44"|882.475302
"R2 - AM Porto"|"Porto"|"Maia"|"Sep-20 to Jan-21"|"Male"|"45-54"|92.392382
"R2 - AM Porto"|"Porto"|"Maia"|"Sep-20 to Jan-21"|"Male"|"55-64"|2148.822951
"R2 - AM Porto"|"Porto"|"Maia"|"Sep-20 to Jan-21"|"Male"|"65+"|8596.305685
"R2 - AM Porto"|"Porto"|"Matosinhos"|"Sep-20 to Jan-21"|"Female"|"15-24"|352.632026
"R2 - AM Porto"|"Porto"|"Matosinhos"|"Sep-20 to Jan-21"|"Female"|"25-34"|491.327932
"R2 - AM Porto"|"Porto"|"Matosinhos"|"Sep-20 to Jan-21"|"Female"|"35-44"|582.805507
"R2 - AM Porto"|"Porto"|"Matosinhos"|"Sep-20 to Jan-21"|"Female"|"45-54"|988.858826
"R2 - AM Porto"|"Porto"|"Matosinhos"|"Sep-20 to Jan-21"|"Female"|"55-64"|2753.474588
"R2 - AM Porto"|"Porto"|"Matosinhos"|"Sep-20 to Jan-21"|"Female"|"65+"|1561.770240
"R2 - AM Porto"|"Porto"|"Matosinhos"|"Sep-20 to Jan-21"|"Male"|"15-24"|285.538633
"R2 - AM Porto"|"Porto"|"Matosinhos"|"Sep-20 to Jan-21"|"Male"|"25-34"|106.349285
"R2 - AM Porto"|"Porto"|"Matosinhos"|"Sep-20 to Jan-21"|"Male"|"35-44"|409.150588
"R2 - AM Porto"|"Porto"|"Matosinhos"|"Sep-20 to Jan-21"|"Male"|"45-54"|1862.092843
"R2 - AM Porto"|"Porto"|"Matosinhos"|"Sep-20 to Jan-21"|"Male"|"55-64"|1901.737429
"R2 - AM Porto"|"Porto"|"Matosinhos"|"Sep-20 to Jan-21"|"Male"|"65+"|1197.436174
"R2 - AM Porto"|"Porto"|"Paredes"|"Sep-20 to Jan-21"|"Female"|"25-34"|240.284699
"R2 - AM Porto"|"Porto"|"Paredes"|"Sep-20 to Jan-21"|"Female"|"35-44"|224.706308
"R2 - AM Porto"|"Porto"|"Paredes"|"Sep-20 to Jan-21"|"Male"|"35-44"|60.632825
"R2 - AM Porto"|"Porto"|"Paredes"|"Sep-20 to Jan-21"|"Male"|"45-54"|85.516088
"R2 - AM Porto"|"Porto"|"Porto"|"Sep-20 to Jan-21"|"Female"|"15-24"|677.336777
"R2 - AM Porto"|"Porto"|"Porto"|"Sep-20 to Jan-21"|"Female"|"25-34"|415.004160
"R2 - AM Porto"|"Porto"|"Porto"|"Sep-20 to Jan-21"|"Female"|"35-44"|654.807128
"R2 - AM Porto"|"Porto"|"Porto"|"Sep-20 to Jan-21"|"Female"|"45-54"|1198.805374
"R2 - AM Porto"|"Porto"|"Porto"|"Sep-20 to Jan-21"|"Female"|"55-64"|2237.054054
"R2 - AM Porto"|"Porto"|"Porto"|"Sep-20 to Jan-21"|"Female"|"65+"|7867.453847
"R2 - AM Porto"|"Porto"|"Porto"|"Sep-20 to Jan-21"|"Male"|"25-34"|910.283068
"R2 - AM Porto"|"Porto"|"Porto"|"Sep-20 to Jan-21"|"Male"|"35-44"|857.322229
"R2 - AM Porto"|"Porto"|"Porto"|"Sep-20 to Jan-21"|"Male"|"45-54"|1637.997776
"R2 - AM Porto"|"Porto"|"Porto"|"Sep-20 to Jan-21"|"Male"|"55-64"|283.036268
"R2 - AM Porto"|"Porto"|"Porto"|"Sep-20 to Jan-21"|"Male"|"65+"|6940.273923
"R2 - AM Porto"|"Porto"|"Póvoa de Varzim"|"Sep-20 to Jan-21"|"Female"|"25-34"|11.574446
"R2 - AM Porto"|"Porto"|"Póvoa de Varzim"|"Sep-20 to Jan-21"|"Female"|"35-44"|181.693481
"R2 - AM Porto"|"Porto"|"Póvoa de Varzim"|"Sep-20 to Jan-21"|"Female"|"45-54"|104.828180
"R2 - AM Porto"|"Porto"|"Póvoa de Varzim"|"Sep-20 to Jan-21"|"Male"|"25-34"|39.465245
"R2 - AM Porto"|"Porto"|"Póvoa de Varzim"|"Sep-20 to Jan-21"|"Male"|"35-44"|1042.130337
"R2 - AM Porto"|"Porto"|"Santo Tirso"|"Sep-20 to Jan-21"|"Female"|"25-34"|42.254964
"R2 - AM Porto"|"Porto"|"Santo Tirso"|"Sep-20 to Jan-21"|"Female"|"35-44"|29.620199
"R2 - AM Porto"|"Porto"|"Santo Tirso"|"Sep-20 to Jan-21"|"Male"|"25-34"|13.274129
"R2 - AM Porto"|"Porto"|"Trofa"|"Sep-20 to Jan-21"|"Female"|"25-34"|47.813025
"R2 - AM Porto"|"Porto"|"Trofa"|"Sep-20 to Jan-21"|"Female"|"35-44"|5.725633
"R2 - AM Porto"|"Porto"|"Trofa"|"Sep-20 to Jan-21"|"Female"|"55-64"|41.747919
"R2 - AM Porto"|"Porto"|"Trofa"|"Sep-20 to Jan-21"|"Male"|"25-34"|51.031943
"R2 - AM Porto"|"Porto"|"Trofa"|"Sep-20 to Jan-21"|"Male"|"35-44"|18.224723
"R2 - AM Porto"|"Porto"|"Trofa"|"Sep-20 to Jan-21"|"Male"|"45-54"|474.481242
"R2 - AM Porto"|"Porto"|"Valongo"|"Sep-20 to Jan-21"|"Female"|"15-24"|716.605474
"R2 - AM Porto"|"Porto"|"Valongo"|"Sep-20 to Jan-21"|"Female"|"25-34"|375.431820
"R2 - AM Porto"|"Porto"|"Valongo"|"Sep-20 to Jan-21"|"Female"|"35-44"|482.568197
"R2 - AM Porto"|"Porto"|"Valongo"|"Sep-20 to Jan-21"|"Female"|"45-54"|508.757510
"R2 - AM Porto"|"Porto"|"Valongo"|"Sep-20 to Jan-21"|"Female"|"55-64"|548.550137
"R2 - AM Porto"|"Porto"|"Valongo"|"Sep-20 to Jan-21"|"Male"|"15-24"|1970.347331
"R2 - AM Porto"|"Porto"|"Valongo"|"Sep-20 to Jan-21"|"Male"|"25-34"|366.664832
"R2 - AM Porto"|"Porto"|"Valongo"|"Sep-20 to Jan-21"|"Male"|"35-44"|104.137265
"R2 - AM Porto"|"Porto"|"Valongo"|"Sep-20 to Jan-21"|"Male"|"45-54"|135.788585
"R2 - AM Porto"|"Porto"|"Valongo"|"Sep-20 to Jan-21"|"Male"|"55-64"|26.218829
"R2 - AM Porto"|"Porto"|"Valongo"|"Sep-20 to Jan-21"|"Male"|"65+"|1198.556609
"R2 - AM Porto"|"Porto"|"Vila do Conde"|"Sep-20 to Jan-21"|"Female"|"25-34"|283.342437
"R2 - AM Porto"|"Porto"|"Vila do Conde"|"Sep-20 to Jan-21"|"Female"|"35-44"|9.758835
"R2 - AM Porto"|"Porto"|"Vila do Conde"|"Sep-20 to Jan-21"|"Female"|"45-54"|76.844212
"R2 - AM Porto"|"Porto"|"Vila do Conde"|"Sep-20 to Jan-21"|"Male"|"25-34"|13.155082
"R2 - AM Porto"|"Porto"|"Vila do Conde"|"Sep-20 to Jan-21"|"Male"|"35-44"|17.975581
"R2 - AM Porto"|"Porto"|"Vila do Conde"|"Sep-20 to Jan-21"|"Male"|"55-64"|74.179387
"R2 - AM Porto"|"Porto"|"Vila Nova de Gaia"|"Sep-20 to Jan-21"|"Female"|"15-24"|192.148169
"R2 - AM Porto"|"Porto"|"Vila Nova de Gaia"|"Sep-20 to Jan-21"|"Female"|"25-34"|439.988329
"R2 - AM Porto"|"Porto"|"Vila Nova de Gaia"|"Sep-20 to Jan-21"|"Female"|"35-44"|439.588499
"R2 - AM Porto"|"Porto"|"Vila Nova de Gaia"|"Sep-20 to Jan-21"|"Female"|"45-54"|1251.779779
"R2 - AM Porto"|"Porto"|"Vila Nova de Gaia"|"Sep-20 to Jan-21"|"Female"|"55-64"|1075.529529
"R2 - AM Porto"|"Porto"|"Vila Nova de Gaia"|"Sep-20 to Jan-21"|"Female"|"65+"|1653.152713
"R2 - AM Porto"|"Porto"|"Vila Nova de Gaia"|"Sep-20 to Jan-21"|"Male"|"15-24"|4452.188395
"R2 - AM Porto"|"Porto"|"Vila Nova de Gaia"|"Sep-20 to Jan-21"|"Male"|"25-34"|363.461965
"R2 - AM Porto"|"Porto"|"Vila Nova de Gaia"|"Sep-20 to Jan-21"|"Male"|"35-44"|214.023515
"R2 - AM Porto"|"Porto"|"Vila Nova de Gaia"|"Sep-20 to Jan-21"|"Male"|"45-54"|1443.335763
"R2 - AM Porto"|"Porto"|"Vila Nova de Gaia"|"Sep-20 to Jan-21"|"Male"|"55-64"|374.627538
